Strategy,Simulation,Terminal Wealth
Risk-Aware Regime Switching,1,132.59871836848842
Risk-Aware Regime Switching,2,108.1453619243099
Risk-Aware Regime Switching,3,87.01463299269612
Risk-Aware Regime Switching,4,78.34614442752536
Risk-Aware Regime Switching,5,111.23301447444783
Risk-Aware Regime Switching,6,55.45810747357475
Risk-Aware Regime Switching,7,84.41066801371335
Risk-Aware Regime Switching,8,102.01897545550689
Risk-Aware Regime Switching,9,128.7833066090346
Risk-Aware Regime Switching,10,67.44841244749023
Risk-Aware Regime Switching,11,145.41973219451484
Risk-Aware Regime Switching,12,120.7828235551921
Risk-Aware Regime Switching,13,71.72809403318283
Risk-Aware Regime Switching,14,105.0151848179945
Risk-Aware Regime Switching,15,111.21191666792451
Risk-Aware Regime Switching,16,105.33194618199579
Risk-Aware Regime Switching,17,100.7020834243116
Risk-Aware Regime Switching,18,119.09936335341004
Risk-Aware Regime Switching,19,96.00662177563338
Risk-Aware Regime Switching,20,101.70359513712232
Risk-Aware Regime Switching,21,80.52849164747795
Risk-Aware Regime Switching,22,106.61147895850482
Risk-Aware Regime Switching,23,125.86221542937268
Risk-Aware Regime Switching,24,92.72813427421683
Risk-Aware Regime Switching,25,90.1778441677914
Risk-Aware Regime Switching,26,84.96930365816884
Risk-Aware Regime Switching,27,130.7211129688654
Risk-Aware Regime Switching,28,108.05095768258617
Risk-Aware Regime Switching,29,81.45751630916891
Risk-Aware Regime Switching,30,113.02557894318868
Risk-Aware Regime Switching,31,100.18114672498864
Risk-Aware Regime Switching,32,99.7041045321835
Risk-Aware Regime Switching,33,80.97627100739197
Risk-Aware Regime Switching,34,91.42812681655018
Risk-Aware Regime Switching,35,68.77282338040327
Risk-Aware Regime Switching,36,92.31293864093686
Risk-Aware Regime Switching,37,74.20412753807838
Risk-Aware Regime Switching,38,82.52602897884836
Risk-Aware Regime Switching,39,68.77754095356944
Risk-Aware Regime Switching,40,72.86611155486084
Risk-Aware Regime Switching,41,66.08613333465854
Risk-Aware Regime Switching,42,113.5106641678988
Risk-Aware Regime Switching,43,112.4354864384092
Risk-Aware Regime Switching,44,113.5377453466438
Risk-Aware Regime Switching,45,65.32409693811402
Risk-Aware Regime Switching,46,108.65769184909517
Risk-Aware Regime Switching,47,69.82586732805154
Risk-Aware Regime Switching,48,84.50779109723511
Risk-Aware Regime Switching,49,94.73041519089415
Risk-Aware Regime Switching,50,125.79759161299171
Risk-Aware Regime Switching,51,97.33329369708073
Risk-Aware Regime Switching,52,89.27292242165278
Risk-Aware Regime Switching,53,123.89626641579432
Risk-Aware Regime Switching,54,98.11037319754136
Risk-Aware Regime Switching,55,121.3233116443183
Risk-Aware Regime Switching,56,78.0977118241042
Risk-Aware Regime Switching,57,93.28471424008042
Risk-Aware Regime Switching,58,88.93414232437841
Risk-Aware Regime Switching,59,103.94965184873021
Risk-Aware Regime Switching,60,127.15111413720497
Risk-Aware Regime Switching,61,108.82061591714339
Risk-Aware Regime Switching,62,95.9309519915339
Risk-Aware Regime Switching,63,87.46384109834652
Risk-Aware Regime Switching,64,104.82896067495786
Risk-Aware Regime Switching,65,72.03271384505327
Risk-Aware Regime Switching,66,141.1662207902419
Risk-Aware Regime Switching,67,107.57040061605079
Risk-Aware Regime Switching,68,68.290151393449
Risk-Aware Regime Switching,69,95.47685686074837
Risk-Aware Regime Switching,70,88.31617134772515
Risk-Aware Regime Switching,71,75.65618191504907
Risk-Aware Regime Switching,72,125.95870915530101
Risk-Aware Regime Switching,73,98.20783422080812
Risk-Aware Regime Switching,74,90.9553383239091
Risk-Aware Regime Switching,75,62.00110063380877
Risk-Aware Regime Switching,76,105.88345131802998
Risk-Aware Regime Switching,77,62.29908084887663
Risk-Aware Regime Switching,78,183.16775623927398
Risk-Aware Regime Switching,79,96.07998869208475
Risk-Aware Regime Switching,80,129.0208459887916
Risk-Aware Regime Switching,81,103.84248524962842
Risk-Aware Regime Switching,82,142.45344990911812
Risk-Aware Regime Switching,83,81.57188656248418
Risk-Aware Regime Switching,84,84.61608094575756
Risk-Aware Regime Switching,85,83.92726932854563
Risk-Aware Regime Switching,86,134.01857055825877
Risk-Aware Regime Switching,87,121.25736424102982
Risk-Aware Regime Switching,88,69.74467696394198
Risk-Aware Regime Switching,89,68.99847473870739
Risk-Aware Regime Switching,90,65.88622580696529
Risk-Aware Regime Switching,91,135.6644901980728
Risk-Aware Regime Switching,92,107.73572884909508
Risk-Aware Regime Switching,93,75.16590104768532
Risk-Aware Regime Switching,94,68.91028980859879
Risk-Aware Regime Switching,95,66.15453238804756
Risk-Aware Regime Switching,96,76.78803300169241
Risk-Aware Regime Switching,97,143.31433861141585
Risk-Aware Regime Switching,98,119.05902741297008
Risk-Aware Regime Switching,99,76.48172877877107
Risk-Aware Regime Switching,100,82.60103819350687
Risk-Aware Regime Switching,101,89.87489613483969
Risk-Aware Regime Switching,102,75.17768276235732
Risk-Aware Regime Switching,103,78.9982527736242
Risk-Aware Regime Switching,104,101.60381375333165
Risk-Aware Regime Switching,105,103.1185533619944
Risk-Aware Regime Switching,106,64.24506038666362
Risk-Aware Regime Switching,107,66.75723522982969
Risk-Aware Regime Switching,108,95.53798559747486
Risk-Aware Regime Switching,109,66.75596692959434
Risk-Aware Regime Switching,110,94.84595735384408
Risk-Aware Regime Switching,111,76.91058920327394
Risk-Aware Regime Switching,112,109.42890770357482
Risk-Aware Regime Switching,113,52.61083659050008
Risk-Aware Regime Switching,114,80.1738907861726
Risk-Aware Regime Switching,115,86.37664829137111
Risk-Aware Regime Switching,116,78.98018712562828
Risk-Aware Regime Switching,117,88.4013450091532
Risk-Aware Regime Switching,118,162.35154478144165
Risk-Aware Regime Switching,119,120.84751420879701
Risk-Aware Regime Switching,120,95.35940024650536
Risk-Aware Regime Switching,121,103.43732736892291
Risk-Aware Regime Switching,122,124.04010636784324
Risk-Aware Regime Switching,123,76.59917763453818
Risk-Aware Regime Switching,124,96.52285347700233
Risk-Aware Regime Switching,125,98.39010172813774
Risk-Aware Regime Switching,126,89.63112849526104
Risk-Aware Regime Switching,127,68.19907482869586
Risk-Aware Regime Switching,128,86.53948664950924
Risk-Aware Regime Switching,129,80.25958951972014
Risk-Aware Regime Switching,130,81.59267516041882
Risk-Aware Regime Switching,131,109.61046755972252
Risk-Aware Regime Switching,132,110.68410661666664
Risk-Aware Regime Switching,133,112.27969811426364
Risk-Aware Regime Switching,134,113.22107882772808
Risk-Aware Regime Switching,135,109.74640823258697
Risk-Aware Regime Switching,136,108.69926195148676
Risk-Aware Regime Switching,137,70.34059940619404
Risk-Aware Regime Switching,138,109.2016362523988
Risk-Aware Regime Switching,139,74.94378978982606
Risk-Aware Regime Switching,140,114.87094241951607
Risk-Aware Regime Switching,141,70.5129084986947
Risk-Aware Regime Switching,142,100.7757943032549
Risk-Aware Regime Switching,143,90.52953304293665
Risk-Aware Regime Switching,144,75.48792370359887
Risk-Aware Regime Switching,145,74.71125901378888
Risk-Aware Regime Switching,146,74.18725847363234
Risk-Aware Regime Switching,147,85.91482211488679
Risk-Aware Regime Switching,148,130.90970277973503
Risk-Aware Regime Switching,149,73.09415584998001
Risk-Aware Regime Switching,150,94.37233814831416
Risk-Aware Regime Switching,151,104.31886524568779
Risk-Aware Regime Switching,152,83.00925774489131
Risk-Aware Regime Switching,153,76.02694022886442
Risk-Aware Regime Switching,154,112.03618960827735
Risk-Aware Regime Switching,155,77.57103854422063
Risk-Aware Regime Switching,156,83.6780755342524
Risk-Aware Regime Switching,157,85.37044496308724
Risk-Aware Regime Switching,158,86.20746317837283
Risk-Aware Regime Switching,159,99.44043276264904
Risk-Aware Regime Switching,160,101.23432738664111
Risk-Aware Regime Switching,161,148.96092720674358
Risk-Aware Regime Switching,162,122.5865004325931
Risk-Aware Regime Switching,163,96.6353269834822
Risk-Aware Regime Switching,164,155.69794925970328
Risk-Aware Regime Switching,165,77.92878395832192
Risk-Aware Regime Switching,166,82.38579665356471
Risk-Aware Regime Switching,167,127.09326340955158
Risk-Aware Regime Switching,168,136.26710912719497
Risk-Aware Regime Switching,169,87.26417426430712
Risk-Aware Regime Switching,170,162.73646937971404
Risk-Aware Regime Switching,171,121.93994152861171
Risk-Aware Regime Switching,172,107.24378295577009
Risk-Aware Regime Switching,173,111.65162627273497
Risk-Aware Regime Switching,174,87.73618016571702
Risk-Aware Regime Switching,175,131.96604430270168
Risk-Aware Regime Switching,176,98.05688147596986
Risk-Aware Regime Switching,177,87.48155551588782
Risk-Aware Regime Switching,178,89.91077496407482
Risk-Aware Regime Switching,179,103.46075882980695
Risk-Aware Regime Switching,180,93.52940022541803
Risk-Aware Regime Switching,181,75.820730768136
Risk-Aware Regime Switching,182,68.57499410138995
Risk-Aware Regime Switching,183,148.81883038009335
Risk-Aware Regime Switching,184,150.30720916147052
Risk-Aware Regime Switching,185,70.51563507095476
Risk-Aware Regime Switching,186,113.73208541133211
Risk-Aware Regime Switching,187,121.15784993274146
Risk-Aware Regime Switching,188,96.76029239370175
Risk-Aware Regime Switching,189,59.98805963889367
Risk-Aware Regime Switching,190,124.69442987779406
Risk-Aware Regime Switching,191,64.45729902312067
Risk-Aware Regime Switching,192,55.12634386133188
Risk-Aware Regime Switching,193,72.28551681708686
Risk-Aware Regime Switching,194,102.42157870806999
Risk-Aware Regime Switching,195,69.41619996847308
Risk-Aware Regime Switching,196,104.52828735274622
Risk-Aware Regime Switching,197,107.15703902681946
Risk-Aware Regime Switching,198,90.8027254808706
Risk-Aware Regime Switching,199,82.1749498016559
Risk-Aware Regime Switching,200,117.84158267722229
Risk-Aware Regime Switching,201,154.57068468520586
Risk-Aware Regime Switching,202,122.62506608576382
Risk-Aware Regime Switching,203,51.44855015731108
Risk-Aware Regime Switching,204,98.66420734840123
Risk-Aware Regime Switching,205,102.69127769641706
Risk-Aware Regime Switching,206,69.83989429008766
Risk-Aware Regime Switching,207,73.75042734668028
Risk-Aware Regime Switching,208,110.81345513383616
Risk-Aware Regime Switching,209,63.65328806893067
Risk-Aware Regime Switching,210,64.27853281998942
Risk-Aware Regime Switching,211,96.58070442258582
Risk-Aware Regime Switching,212,64.17348114748076
Risk-Aware Regime Switching,213,104.93929287253792
Risk-Aware Regime Switching,214,64.64241854991603
Risk-Aware Regime Switching,215,145.9209815888692
Risk-Aware Regime Switching,216,78.15814612855925
Risk-Aware Regime Switching,217,63.711772951333664
Risk-Aware Regime Switching,218,116.78206117351053
Risk-Aware Regime Switching,219,73.62387499376094
Risk-Aware Regime Switching,220,98.24405365934574
Risk-Aware Regime Switching,221,101.76223090287965
Risk-Aware Regime Switching,222,99.99818900959446
Risk-Aware Regime Switching,223,93.17072776424567
Risk-Aware Regime Switching,224,94.11360014347927
Risk-Aware Regime Switching,225,63.01531240741117
Risk-Aware Regime Switching,226,82.6437878047369
Risk-Aware Regime Switching,227,110.35207595105503
Risk-Aware Regime Switching,228,83.33916569723884
Risk-Aware Regime Switching,229,105.36486327874077
Risk-Aware Regime Switching,230,117.60087418047867
Risk-Aware Regime Switching,231,81.83836645999052
Risk-Aware Regime Switching,232,87.00321326870004
Risk-Aware Regime Switching,233,102.50503993255178
Risk-Aware Regime Switching,234,87.50531900650144
Risk-Aware Regime Switching,235,70.83219453290457
Risk-Aware Regime Switching,236,97.60366965749127
Risk-Aware Regime Switching,237,115.46532265791569
Risk-Aware Regime Switching,238,85.53868320435275
Risk-Aware Regime Switching,239,91.64360142718833
Risk-Aware Regime Switching,240,77.14000211258302
Risk-Aware Regime Switching,241,107.43030241903917
Risk-Aware Regime Switching,242,101.5949513012728
Risk-Aware Regime Switching,243,73.89935444358659
Risk-Aware Regime Switching,244,124.52072888850356
Risk-Aware Regime Switching,245,142.46504801568742
Risk-Aware Regime Switching,246,115.01199786853194
Risk-Aware Regime Switching,247,82.57404777499569
Risk-Aware Regime Switching,248,84.65247135883367
Risk-Aware Regime Switching,249,76.96950082700323
Risk-Aware Regime Switching,250,142.46353303899457
Risk-Aware Regime Switching,251,112.6738421891812
Risk-Aware Regime Switching,252,132.21870925350188
Risk-Aware Regime Switching,253,120.50087544302261
Risk-Aware Regime Switching,254,62.245005428820775
Risk-Aware Regime Switching,255,65.18710146338643
Risk-Aware Regime Switching,256,131.08272774683084
Risk-Aware Regime Switching,257,78.87194674842311
Risk-Aware Regime Switching,258,106.9982433856211
Risk-Aware Regime Switching,259,106.70043991956526
Risk-Aware Regime Switching,260,123.66175680658233
Risk-Aware Regime Switching,261,142.30546860149212
Risk-Aware Regime Switching,262,94.25984696861096
Risk-Aware Regime Switching,263,104.05278859588667
Risk-Aware Regime Switching,264,71.2894617192003
Risk-Aware Regime Switching,265,174.88385689961598
Risk-Aware Regime Switching,266,85.245301713532
Risk-Aware Regime Switching,267,104.41349736503453
Risk-Aware Regime Switching,268,80.38572978725337
Risk-Aware Regime Switching,269,100.49004899904513
Risk-Aware Regime Switching,270,85.45201917800155
Risk-Aware Regime Switching,271,109.89950910847459
Risk-Aware Regime Switching,272,92.31471834509315
Risk-Aware Regime Switching,273,103.64385474771791
Risk-Aware Regime Switching,274,59.38239480114923
Risk-Aware Regime Switching,275,81.86724271080085
Risk-Aware Regime Switching,276,111.98130462475986
Risk-Aware Regime Switching,277,134.55020900226592
Risk-Aware Regime Switching,278,77.89165885500618
Risk-Aware Regime Switching,279,81.28968237560827
Risk-Aware Regime Switching,280,137.80352397608502
Risk-Aware Regime Switching,281,99.68365168158873
Risk-Aware Regime Switching,282,102.6756445474362
Risk-Aware Regime Switching,283,118.26667143483651
Risk-Aware Regime Switching,284,112.95914765426451
Risk-Aware Regime Switching,285,122.26447954776536
Risk-Aware Regime Switching,286,127.27207949997836
Risk-Aware Regime Switching,287,115.45172728578477
Risk-Aware Regime Switching,288,73.43710541339547
Risk-Aware Regime Switching,289,91.69199943056937
Risk-Aware Regime Switching,290,75.81156676061252
Risk-Aware Regime Switching,291,122.53745143390245
Risk-Aware Regime Switching,292,87.03059387427359
Risk-Aware Regime Switching,293,90.12365552888524
Risk-Aware Regime Switching,294,103.74012258461191
Risk-Aware Regime Switching,295,175.43903159614325
Risk-Aware Regime Switching,296,92.31255750618114
Risk-Aware Regime Switching,297,128.97513067637195
Risk-Aware Regime Switching,298,94.02494988566687
Risk-Aware Regime Switching,299,147.68222228212215
Risk-Aware Regime Switching,300,64.51323997796932
Risk-Aware Regime Switching,301,71.40086594834894
Risk-Aware Regime Switching,302,73.52123877618205
Risk-Aware Regime Switching,303,97.0646977765946
Risk-Aware Regime Switching,304,115.29268698174324
Risk-Aware Regime Switching,305,161.60941074577946
Risk-Aware Regime Switching,306,130.88872187136923
Risk-Aware Regime Switching,307,114.33509179175742
Risk-Aware Regime Switching,308,90.25000400049876
Risk-Aware Regime Switching,309,95.09750221474508
Risk-Aware Regime Switching,310,95.4115420340789
Risk-Aware Regime Switching,311,123.46519154933131
Risk-Aware Regime Switching,312,88.25902201628566
Risk-Aware Regime Switching,313,94.48167505246619
Risk-Aware Regime Switching,314,95.51435642145846
Risk-Aware Regime Switching,315,111.0482339085573
Risk-Aware Regime Switching,316,79.81185886834622
Risk-Aware Regime Switching,317,80.9616391262849
Risk-Aware Regime Switching,318,98.16597332201702
Risk-Aware Regime Switching,319,85.23528286069003
Risk-Aware Regime Switching,320,91.94363707482806
Risk-Aware Regime Switching,321,114.74239409526213
Risk-Aware Regime Switching,322,87.64467468649912
Risk-Aware Regime Switching,323,81.24910403712924
Risk-Aware Regime Switching,324,54.284081895408534
Risk-Aware Regime Switching,325,102.80301569854393
Risk-Aware Regime Switching,326,104.55004100016485
Risk-Aware Regime Switching,327,89.76231235501211
Risk-Aware Regime Switching,328,94.19829887713078
Risk-Aware Regime Switching,329,128.72159906715538
Risk-Aware Regime Switching,330,92.08180792091841
Risk-Aware Regime Switching,331,78.31622124385505
Risk-Aware Regime Switching,332,115.08132934991629
Risk-Aware Regime Switching,333,98.22419872224668
Risk-Aware Regime Switching,334,75.76092009439989
Risk-Aware Regime Switching,335,127.96852868139592
Risk-Aware Regime Switching,336,96.20174824176763
Risk-Aware Regime Switching,337,74.27066279020393
Risk-Aware Regime Switching,338,80.29505081788125
Risk-Aware Regime Switching,339,131.6212114048126
Risk-Aware Regime Switching,340,94.31673294890656
Risk-Aware Regime Switching,341,91.72393860359055
Risk-Aware Regime Switching,342,61.500680377905745
Risk-Aware Regime Switching,343,105.59484015611037
Risk-Aware Regime Switching,344,82.9411860389988
Risk-Aware Regime Switching,345,76.58748278764378
Risk-Aware Regime Switching,346,81.05585912571837
Risk-Aware Regime Switching,347,89.24930083101346
Risk-Aware Regime Switching,348,75.82230986112978
Risk-Aware Regime Switching,349,86.40854816702941
Risk-Aware Regime Switching,350,92.21054522354203
Risk-Aware Regime Switching,351,115.11132142677826
Risk-Aware Regime Switching,352,84.41366512035597
Risk-Aware Regime Switching,353,90.75455464339588
Risk-Aware Regime Switching,354,101.6122397487386
Risk-Aware Regime Switching,355,88.84815299879928
Risk-Aware Regime Switching,356,98.48260291777324
Risk-Aware Regime Switching,357,87.15576345166436
Risk-Aware Regime Switching,358,90.02920705557433
Risk-Aware Regime Switching,359,90.59465573819364
Risk-Aware Regime Switching,360,102.17851868678285
Risk-Aware Regime Switching,361,108.20216023684719
Risk-Aware Regime Switching,362,76.883277095818
Risk-Aware Regime Switching,363,140.4958358559238
Risk-Aware Regime Switching,364,58.62266275659006
Risk-Aware Regime Switching,365,89.55847930545423
Risk-Aware Regime Switching,366,100.41154281219653
Risk-Aware Regime Switching,367,75.9853204981445
Risk-Aware Regime Switching,368,117.19730425072663
Risk-Aware Regime Switching,369,70.71338995169846
Risk-Aware Regime Switching,370,105.79873948091173
Risk-Aware Regime Switching,371,106.90977711264091
Risk-Aware Regime Switching,372,106.8871509592
Risk-Aware Regime Switching,373,91.38986848736317
Risk-Aware Regime Switching,374,118.3130659550852
Risk-Aware Regime Switching,375,84.30350747755418
Risk-Aware Regime Switching,376,70.02402554513921
Risk-Aware Regime Switching,377,102.98625532274106
Risk-Aware Regime Switching,378,115.62724394911311
Risk-Aware Regime Switching,379,141.5162041529029
Risk-Aware Regime Switching,380,69.79663820357892
Risk-Aware Regime Switching,381,88.59984141493644
Risk-Aware Regime Switching,382,91.89542033087622
Risk-Aware Regime Switching,383,61.18130884292611
Risk-Aware Regime Switching,384,98.31399458836368
Risk-Aware Regime Switching,385,120.16500872216378
Risk-Aware Regime Switching,386,114.33966637834445
Risk-Aware Regime Switching,387,64.705889198743
Risk-Aware Regime Switching,388,132.40735799952782
Risk-Aware Regime Switching,389,88.84215997897358
Risk-Aware Regime Switching,390,119.60580692723875
Risk-Aware Regime Switching,391,94.0711251325895
Risk-Aware Regime Switching,392,112.2353468571409
Risk-Aware Regime Switching,393,49.28426064924196
Risk-Aware Regime Switching,394,72.36030587029731
Risk-Aware Regime Switching,395,131.66672482704172
Risk-Aware Regime Switching,396,89.45534857620422
Risk-Aware Regime Switching,397,132.7859813566047
Risk-Aware Regime Switching,398,98.41889305779743
Risk-Aware Regime Switching,399,134.45082017090243
Risk-Aware Regime Switching,400,111.16760373740202
Risk-Aware Regime Switching,401,84.12728702982193
Risk-Aware Regime Switching,402,101.64656087450629
Risk-Aware Regime Switching,403,78.53880492801949
Risk-Aware Regime Switching,404,104.94151748149221
Risk-Aware Regime Switching,405,148.11780215614812
Risk-Aware Regime Switching,406,122.30909618615668
Risk-Aware Regime Switching,407,128.14638206992547
Risk-Aware Regime Switching,408,96.1614551313578
Risk-Aware Regime Switching,409,94.17895491674007
Risk-Aware Regime Switching,410,143.3916889695193
Risk-Aware Regime Switching,411,109.17997701812642
Risk-Aware Regime Switching,412,104.35116939184645
Risk-Aware Regime Switching,413,143.11118062692978
Risk-Aware Regime Switching,414,101.95906208708038
Risk-Aware Regime Switching,415,92.9214662598153
Risk-Aware Regime Switching,416,126.7346005928371
Risk-Aware Regime Switching,417,100.75954704541836
Risk-Aware Regime Switching,418,76.8585105963903
Risk-Aware Regime Switching,419,86.78396735297478
Risk-Aware Regime Switching,420,65.54103234300963
Risk-Aware Regime Switching,421,76.22366234619
Risk-Aware Regime Switching,422,79.33440033156363
Risk-Aware Regime Switching,423,113.88993976582438
Risk-Aware Regime Switching,424,104.51381485100086
Risk-Aware Regime Switching,425,96.05212902352996
Risk-Aware Regime Switching,426,71.17266179938517
Risk-Aware Regime Switching,427,95.78144220468334
Risk-Aware Regime Switching,428,107.70329652646728
Risk-Aware Regime Switching,429,104.42917505873078
Risk-Aware Regime Switching,430,94.59336333328415
Risk-Aware Regime Switching,431,83.39452699890994
Risk-Aware Regime Switching,432,76.28043269461409
Risk-Aware Regime Switching,433,99.31497388031377
Risk-Aware Regime Switching,434,92.55839767207387
Risk-Aware Regime Switching,435,105.53205154114929
Risk-Aware Regime Switching,436,65.44530453721177
Risk-Aware Regime Switching,437,76.52304930554989
Risk-Aware Regime Switching,438,134.0197910506083
Risk-Aware Regime Switching,439,107.02940215665895
Risk-Aware Regime Switching,440,99.4508362152818
Risk-Aware Regime Switching,441,78.85243249250502
Risk-Aware Regime Switching,442,94.95882505259038
Risk-Aware Regime Switching,443,130.69316301430013
Risk-Aware Regime Switching,444,101.10495449286105
Risk-Aware Regime Switching,445,108.21819680257185
Risk-Aware Regime Switching,446,77.75379314147592
Risk-Aware Regime Switching,447,92.72508339854078
Risk-Aware Regime Switching,448,124.73664059640429
Risk-Aware Regime Switching,449,125.72894040178922
Risk-Aware Regime Switching,450,102.76561386794505
Risk-Aware Regime Switching,451,82.83010531867134
Risk-Aware Regime Switching,452,111.6336291427868
Risk-Aware Regime Switching,453,47.01930573482519
Risk-Aware Regime Switching,454,96.14286042920031
Risk-Aware Regime Switching,455,109.34418179761892
Risk-Aware Regime Switching,456,128.50380785519351
Risk-Aware Regime Switching,457,93.43658707307513
Risk-Aware Regime Switching,458,87.20625926923356
Risk-Aware Regime Switching,459,139.12393651494855
Risk-Aware Regime Switching,460,94.11943670205711
Risk-Aware Regime Switching,461,90.36930045609346
Risk-Aware Regime Switching,462,105.11103421457726
Risk-Aware Regime Switching,463,99.35635045255594
Risk-Aware Regime Switching,464,93.27999281571354
Risk-Aware Regime Switching,465,108.01881272861169
Risk-Aware Regime Switching,466,84.6526946174695
Risk-Aware Regime Switching,467,95.59886088090657
Risk-Aware Regime Switching,468,105.47605288856658
Risk-Aware Regime Switching,469,148.0755393613245
Risk-Aware Regime Switching,470,78.33295769681669
Risk-Aware Regime Switching,471,73.947003707618
Risk-Aware Regime Switching,472,119.77426934052585
Risk-Aware Regime Switching,473,87.21887466620403
Risk-Aware Regime Switching,474,84.12882597207727
Risk-Aware Regime Switching,475,120.73142649730319
Risk-Aware Regime Switching,476,141.58963413419744
Risk-Aware Regime Switching,477,180.33144280433322
Risk-Aware Regime Switching,478,110.71138949381249
Risk-Aware Regime Switching,479,136.01758204963355
Risk-Aware Regime Switching,480,113.6868692019181
Risk-Aware Regime Switching,481,121.13943010208148
Risk-Aware Regime Switching,482,101.39558398511399
Risk-Aware Regime Switching,483,87.18208027284739
Risk-Aware Regime Switching,484,71.40300282691989
Risk-Aware Regime Switching,485,121.42991228479
Risk-Aware Regime Switching,486,83.18241394445126
Risk-Aware Regime Switching,487,83.4235923178178
Risk-Aware Regime Switching,488,96.07662534552244
Risk-Aware Regime Switching,489,61.74930850353344
Risk-Aware Regime Switching,490,92.98489181126142
Risk-Aware Regime Switching,491,100.5003636991422
Risk-Aware Regime Switching,492,95.91949180391914
Risk-Aware Regime Switching,493,99.30286109270858
Risk-Aware Regime Switching,494,100.93460164595587
Risk-Aware Regime Switching,495,92.83085377319674
Risk-Aware Regime Switching,496,76.46552253467493
Risk-Aware Regime Switching,497,88.50949653797984
Risk-Aware Regime Switching,498,141.3103491779881
Risk-Aware Regime Switching,499,127.39710247546165
Risk-Aware Regime Switching,500,115.66827926459113
Risk-Aware Regime Switching,501,87.71376488806818
Risk-Aware Regime Switching,502,74.20932018049965
Risk-Aware Regime Switching,503,90.6098633196217
Risk-Aware Regime Switching,504,90.98634802026913
Risk-Aware Regime Switching,505,113.52374466085773
Risk-Aware Regime Switching,506,84.0073922039575
Risk-Aware Regime Switching,507,95.10951598946814
Risk-Aware Regime Switching,508,94.99713005512918
Risk-Aware Regime Switching,509,70.6909676194375
Risk-Aware Regime Switching,510,125.2806868233313
Risk-Aware Regime Switching,511,108.72887456165327
Risk-Aware Regime Switching,512,98.53690693582242
Risk-Aware Regime Switching,513,104.20633436907703
Risk-Aware Regime Switching,514,75.05288961979028
Risk-Aware Regime Switching,515,82.18558403962545
Risk-Aware Regime Switching,516,97.31077965768164
Risk-Aware Regime Switching,517,108.17779088953787
Risk-Aware Regime Switching,518,76.47405712884964
Risk-Aware Regime Switching,519,97.08214823998307
Risk-Aware Regime Switching,520,74.32126956328446
Risk-Aware Regime Switching,521,114.2675477791463
Risk-Aware Regime Switching,522,113.7631227007182
Risk-Aware Regime Switching,523,75.90122866878772
Risk-Aware Regime Switching,524,114.84479898428057
Risk-Aware Regime Switching,525,136.7843888120338
Risk-Aware Regime Switching,526,114.98010790295274
Risk-Aware Regime Switching,527,107.1197354925989
Risk-Aware Regime Switching,528,84.1543776377561
Risk-Aware Regime Switching,529,128.48618839892083
Risk-Aware Regime Switching,530,127.40288878763246
Risk-Aware Regime Switching,531,53.69843498920517
Risk-Aware Regime Switching,532,115.22917546626788
Risk-Aware Regime Switching,533,104.27208025433161
Risk-Aware Regime Switching,534,78.49259069981423
Risk-Aware Regime Switching,535,120.76355108152805
Risk-Aware Regime Switching,536,72.05289407941387
Risk-Aware Regime Switching,537,98.08856434352963
Risk-Aware Regime Switching,538,76.76354593396297
Risk-Aware Regime Switching,539,97.55183857856925
Risk-Aware Regime Switching,540,116.5228804013726
Risk-Aware Regime Switching,541,80.15632139360872
Risk-Aware Regime Switching,542,86.94236052970727
Risk-Aware Regime Switching,543,90.32155505026861
Risk-Aware Regime Switching,544,69.87082512037223
Risk-Aware Regime Switching,545,106.68962280346696
Risk-Aware Regime Switching,546,89.11359201965404
Risk-Aware Regime Switching,547,133.61639092748686
Risk-Aware Regime Switching,548,103.71501408409742
Risk-Aware Regime Switching,549,115.30460945374799
Risk-Aware Regime Switching,550,80.01948833004589
Risk-Aware Regime Switching,551,97.335395367149
Risk-Aware Regime Switching,552,110.83319166093924
Risk-Aware Regime Switching,553,65.79863686875228
Risk-Aware Regime Switching,554,111.31426014932255
Risk-Aware Regime Switching,555,161.37722440812198
Risk-Aware Regime Switching,556,116.0366561097586
Risk-Aware Regime Switching,557,104.40659368004346
Risk-Aware Regime Switching,558,70.58018182150624
Risk-Aware Regime Switching,559,77.66097258492334
Risk-Aware Regime Switching,560,97.33994281109753
Risk-Aware Regime Switching,561,121.58761812884975
Risk-Aware Regime Switching,562,74.10650817508149
Risk-Aware Regime Switching,563,111.61325886197753
Risk-Aware Regime Switching,564,90.69845056257792
Risk-Aware Regime Switching,565,88.53568043896131
Risk-Aware Regime Switching,566,101.18576964240786
Risk-Aware Regime Switching,567,126.70521047380394
Risk-Aware Regime Switching,568,106.40404006067116
Risk-Aware Regime Switching,569,108.31986505802422
Risk-Aware Regime Switching,570,78.37096831546535
Risk-Aware Regime Switching,571,82.18187430820423
Risk-Aware Regime Switching,572,82.38416536143197
Risk-Aware Regime Switching,573,65.52220445071715
Risk-Aware Regime Switching,574,77.54321062017843
Risk-Aware Regime Switching,575,75.74622093209074
Risk-Aware Regime Switching,576,100.37140815967591
Risk-Aware Regime Switching,577,52.90476005961895
Risk-Aware Regime Switching,578,93.44617521802233
Risk-Aware Regime Switching,579,101.21095997162823
Risk-Aware Regime Switching,580,83.939055656322
Risk-Aware Regime Switching,581,69.02669883228957
Risk-Aware Regime Switching,582,137.93146685013176
Risk-Aware Regime Switching,583,88.886014751636
Risk-Aware Regime Switching,584,99.34295722081401
Risk-Aware Regime Switching,585,98.42874747037781
Risk-Aware Regime Switching,586,101.50295901571253
Risk-Aware Regime Switching,587,123.12123463886051
Risk-Aware Regime Switching,588,71.97867237194593
Risk-Aware Regime Switching,589,86.90591880872806
Risk-Aware Regime Switching,590,86.57462196062598
Risk-Aware Regime Switching,591,118.69587826601926
Risk-Aware Regime Switching,592,89.71046589319498
Risk-Aware Regime Switching,593,74.18196118481647
Risk-Aware Regime Switching,594,67.6285774804812
Risk-Aware Regime Switching,595,76.09217421824039
Risk-Aware Regime Switching,596,122.72899792231775
Risk-Aware Regime Switching,597,99.71282023361272
Risk-Aware Regime Switching,598,81.81400066803889
Risk-Aware Regime Switching,599,103.04668690498559
Risk-Aware Regime Switching,600,214.81039110771403
Risk-Aware Regime Switching,601,73.59980700540298
Risk-Aware Regime Switching,602,135.6159644597777
Risk-Aware Regime Switching,603,100.50363580288126
Risk-Aware Regime Switching,604,74.23179373718372
Risk-Aware Regime Switching,605,68.3999006203083
Risk-Aware Regime Switching,606,124.99986312761435
Risk-Aware Regime Switching,607,84.14652805488167
Risk-Aware Regime Switching,608,57.726104331340665
Risk-Aware Regime Switching,609,90.13803927196723
Risk-Aware Regime Switching,610,72.47171212515562
Risk-Aware Regime Switching,611,77.54083900658712
Risk-Aware Regime Switching,612,72.12824852481354
Risk-Aware Regime Switching,613,122.36604909266622
Risk-Aware Regime Switching,614,66.32018084469979
Risk-Aware Regime Switching,615,95.5971074717859
Risk-Aware Regime Switching,616,80.46538966431956
Risk-Aware Regime Switching,617,91.87497452637241
Risk-Aware Regime Switching,618,79.36228870115377
Risk-Aware Regime Switching,619,84.68755974482924
Risk-Aware Regime Switching,620,83.82705095063615
Risk-Aware Regime Switching,621,82.32324084045607
Risk-Aware Regime Switching,622,87.0185922593195
Risk-Aware Regime Switching,623,79.7121181884793
Risk-Aware Regime Switching,624,125.84100639333855
Risk-Aware Regime Switching,625,157.91392589052103
Risk-Aware Regime Switching,626,67.67862193580619
Risk-Aware Regime Switching,627,149.67673938382578
Risk-Aware Regime Switching,628,85.76901478465336
Risk-Aware Regime Switching,629,88.57620037882899
Risk-Aware Regime Switching,630,96.49337204747019
Risk-Aware Regime Switching,631,86.60893721062443
Risk-Aware Regime Switching,632,114.57302857354357
Risk-Aware Regime Switching,633,70.97215465309421
Risk-Aware Regime Switching,634,72.90949674364822
Risk-Aware Regime Switching,635,78.63970990844949
Risk-Aware Regime Switching,636,51.0522688972133
Risk-Aware Regime Switching,637,81.48921491049111
Risk-Aware Regime Switching,638,107.58476255412607
Risk-Aware Regime Switching,639,123.12332225117201
Risk-Aware Regime Switching,640,97.46860699112457
Risk-Aware Regime Switching,641,136.13036606518983
Risk-Aware Regime Switching,642,65.8885393708454
Risk-Aware Regime Switching,643,80.35964926315842
Risk-Aware Regime Switching,644,118.86026874472925
Risk-Aware Regime Switching,645,96.7695038725046
Risk-Aware Regime Switching,646,130.18429611921712
Risk-Aware Regime Switching,647,104.69650573513738
Risk-Aware Regime Switching,648,62.405652834030164
Risk-Aware Regime Switching,649,100.33988102154557
Risk-Aware Regime Switching,650,90.08467256796904
Risk-Aware Regime Switching,651,154.59997505444548
Risk-Aware Regime Switching,652,108.4716718436578
Risk-Aware Regime Switching,653,40.86495522071644
Risk-Aware Regime Switching,654,105.9222573667905
Risk-Aware Regime Switching,655,96.3477789636251
Risk-Aware Regime Switching,656,132.78127424893236
Risk-Aware Regime Switching,657,85.05230490359348
Risk-Aware Regime Switching,658,138.67390835480117
Risk-Aware Regime Switching,659,83.15269554441261
Risk-Aware Regime Switching,660,94.88273438350487
Risk-Aware Regime Switching,661,69.98202225873554
Risk-Aware Regime Switching,662,110.20482344766793
Risk-Aware Regime Switching,663,85.35421342266181
Risk-Aware Regime Switching,664,55.266310907462504
Risk-Aware Regime Switching,665,83.08905211525747
Risk-Aware Regime Switching,666,111.71841638474045
Risk-Aware Regime Switching,667,126.26354684861039
Risk-Aware Regime Switching,668,132.0466032871632
Risk-Aware Regime Switching,669,94.71213724743268
Risk-Aware Regime Switching,670,91.27035106648695
Risk-Aware Regime Switching,671,103.46332603141144
Risk-Aware Regime Switching,672,126.56465986986518
Risk-Aware Regime Switching,673,89.74059374563923
Risk-Aware Regime Switching,674,108.72674297340707
Risk-Aware Regime Switching,675,61.18757921044007
Risk-Aware Regime Switching,676,84.59064609595652
Risk-Aware Regime Switching,677,62.20683997001235
Risk-Aware Regime Switching,678,101.60299706807623
Risk-Aware Regime Switching,679,94.18431323432783
Risk-Aware Regime Switching,680,102.35249147646866
Risk-Aware Regime Switching,681,91.67760879580851
Risk-Aware Regime Switching,682,94.7729196758496
Risk-Aware Regime Switching,683,130.65158765954703
Risk-Aware Regime Switching,684,91.25455350973195
Risk-Aware Regime Switching,685,92.09368141396148
Risk-Aware Regime Switching,686,92.28762083009669
Risk-Aware Regime Switching,687,98.45156395649275
Risk-Aware Regime Switching,688,84.2933890658741
Risk-Aware Regime Switching,689,67.96179258917513
Risk-Aware Regime Switching,690,72.95829733290284
Risk-Aware Regime Switching,691,86.17854410621227
Risk-Aware Regime Switching,692,163.344704519061
Risk-Aware Regime Switching,693,80.3814870310726
Risk-Aware Regime Switching,694,109.88133319073677
Risk-Aware Regime Switching,695,129.78153068591845
Risk-Aware Regime Switching,696,89.32733140196237
Risk-Aware Regime Switching,697,94.63576176061414
Risk-Aware Regime Switching,698,91.92257116102078
Risk-Aware Regime Switching,699,112.380837263829
Risk-Aware Regime Switching,700,74.8142453759754
Risk-Aware Regime Switching,701,61.47502847345218
Risk-Aware Regime Switching,702,147.7630683243512
Risk-Aware Regime Switching,703,152.71072090633243
Risk-Aware Regime Switching,704,76.59006889337691
Risk-Aware Regime Switching,705,82.6235807817865
Risk-Aware Regime Switching,706,125.3203322765762
Risk-Aware Regime Switching,707,87.99705768896118
Risk-Aware Regime Switching,708,101.78635018687187
Risk-Aware Regime Switching,709,90.83363274417992
Risk-Aware Regime Switching,710,84.42624007654864
Risk-Aware Regime Switching,711,73.65162400184369
Risk-Aware Regime Switching,712,90.20269662688608
Risk-Aware Regime Switching,713,90.93617835656987
Risk-Aware Regime Switching,714,69.49360035584681
Risk-Aware Regime Switching,715,74.11800753009256
Risk-Aware Regime Switching,716,80.11836189895826
Risk-Aware Regime Switching,717,79.38390078762066
Risk-Aware Regime Switching,718,111.94944939745936
Risk-Aware Regime Switching,719,89.6952032666608
Risk-Aware Regime Switching,720,78.59870981132242
Risk-Aware Regime Switching,721,103.25917375715812
Risk-Aware Regime Switching,722,110.08493745259784
Risk-Aware Regime Switching,723,74.85124448671085
Risk-Aware Regime Switching,724,110.47327682855597
Risk-Aware Regime Switching,725,86.37639022894015
Risk-Aware Regime Switching,726,104.99582883961216
Risk-Aware Regime Switching,727,79.19094040301528
Risk-Aware Regime Switching,728,85.53735650890047
Risk-Aware Regime Switching,729,84.38449812209053
Risk-Aware Regime Switching,730,96.44845631925016
Risk-Aware Regime Switching,731,113.24986713108119
Risk-Aware Regime Switching,732,101.72197160174328
Risk-Aware Regime Switching,733,59.54893155801252
Risk-Aware Regime Switching,734,89.13978985455405
Risk-Aware Regime Switching,735,167.53122939911242
Risk-Aware Regime Switching,736,105.79458991513606
Risk-Aware Regime Switching,737,102.34180032473358
Risk-Aware Regime Switching,738,113.98056038610748
Risk-Aware Regime Switching,739,78.30858726539736
Risk-Aware Regime Switching,740,108.68897785398022
Risk-Aware Regime Switching,741,78.58161555960945
Risk-Aware Regime Switching,742,89.47781898449792
Risk-Aware Regime Switching,743,113.15245671877877
Risk-Aware Regime Switching,744,116.08619887307884
Risk-Aware Regime Switching,745,126.66564559544516
Risk-Aware Regime Switching,746,122.12145096624161
Risk-Aware Regime Switching,747,94.70148531186484
Risk-Aware Regime Switching,748,89.27079479669115
Risk-Aware Regime Switching,749,76.56655361778645
Risk-Aware Regime Switching,750,80.0110317294206
Risk-Aware Regime Switching,751,158.5311140098884
Risk-Aware Regime Switching,752,92.75076711224698
Risk-Aware Regime Switching,753,85.56928752654093
Risk-Aware Regime Switching,754,115.56007070099821
Risk-Aware Regime Switching,755,101.12845683743181
Risk-Aware Regime Switching,756,94.16919222301438
Risk-Aware Regime Switching,757,90.83457367676966
Risk-Aware Regime Switching,758,82.22777589752657
Risk-Aware Regime Switching,759,71.36997955665579
Risk-Aware Regime Switching,760,94.48993748343045
Risk-Aware Regime Switching,761,107.43671591688009
Risk-Aware Regime Switching,762,109.70121363127299
Risk-Aware Regime Switching,763,104.61826527648816
Risk-Aware Regime Switching,764,79.65685250843113
Risk-Aware Regime Switching,765,75.07184689217564
Risk-Aware Regime Switching,766,81.82013559495581
Risk-Aware Regime Switching,767,79.66700512693872
Risk-Aware Regime Switching,768,98.96552546770394
Risk-Aware Regime Switching,769,59.46417715181565
Risk-Aware Regime Switching,770,111.74285992715608
Risk-Aware Regime Switching,771,100.99352607592638
Risk-Aware Regime Switching,772,94.45791937451217
Risk-Aware Regime Switching,773,91.85296423111946
Risk-Aware Regime Switching,774,122.81066019892283
Risk-Aware Regime Switching,775,107.20761315149461
Risk-Aware Regime Switching,776,84.56015045689628
Risk-Aware Regime Switching,777,68.08487094772731
Risk-Aware Regime Switching,778,109.26663035119553
Risk-Aware Regime Switching,779,137.18746239413878
Risk-Aware Regime Switching,780,121.50025243892892
Risk-Aware Regime Switching,781,144.02585059844563
Risk-Aware Regime Switching,782,87.75076631673797
Risk-Aware Regime Switching,783,82.48419444687151
Risk-Aware Regime Switching,784,87.66159858227509
Risk-Aware Regime Switching,785,121.05829928541128
Risk-Aware Regime Switching,786,95.28129425072096
Risk-Aware Regime Switching,787,72.91841017988294
Risk-Aware Regime Switching,788,84.91511907777344
Risk-Aware Regime Switching,789,64.8034541254082
Risk-Aware Regime Switching,790,84.24635917042342
Risk-Aware Regime Switching,791,79.18766074910907
Risk-Aware Regime Switching,792,118.92597176756506
Risk-Aware Regime Switching,793,77.81450638942745
Risk-Aware Regime Switching,794,106.26405694353787
Risk-Aware Regime Switching,795,90.44249923100413
Risk-Aware Regime Switching,796,79.94463250084792
Risk-Aware Regime Switching,797,93.34356486099875
Risk-Aware Regime Switching,798,74.58548726201923
Risk-Aware Regime Switching,799,103.28864985092746
Risk-Aware Regime Switching,800,158.09936000531104
Risk-Aware Regime Switching,801,82.37002026348638
Risk-Aware Regime Switching,802,119.33895480927663
Risk-Aware Regime Switching,803,108.22023376241323
Risk-Aware Regime Switching,804,110.44014469760258
Risk-Aware Regime Switching,805,77.03084689264792
Risk-Aware Regime Switching,806,117.73531047385946
Risk-Aware Regime Switching,807,117.71489914788819
Risk-Aware Regime Switching,808,68.9894033861232
Risk-Aware Regime Switching,809,69.15767221313571
Risk-Aware Regime Switching,810,101.81097242893063
Risk-Aware Regime Switching,811,81.89363724346246
Risk-Aware Regime Switching,812,80.8107228216435
Risk-Aware Regime Switching,813,119.34421602314269
Risk-Aware Regime Switching,814,72.56349262199566
Risk-Aware Regime Switching,815,103.51357704741831
Risk-Aware Regime Switching,816,91.58483957301439
Risk-Aware Regime Switching,817,73.509549562213
Risk-Aware Regime Switching,818,102.04042377002158
Risk-Aware Regime Switching,819,100.66385766671775
Risk-Aware Regime Switching,820,74.98346810863033
Risk-Aware Regime Switching,821,101.471163499147
Risk-Aware Regime Switching,822,123.04398524115886
Risk-Aware Regime Switching,823,113.05162162123115
Risk-Aware Regime Switching,824,106.02447257065235
Risk-Aware Regime Switching,825,82.72001294809301
Risk-Aware Regime Switching,826,86.38107154342897
Risk-Aware Regime Switching,827,109.14168823151942
Risk-Aware Regime Switching,828,73.6052648221055
Risk-Aware Regime Switching,829,104.3675557883711
Risk-Aware Regime Switching,830,90.15851341343568
Risk-Aware Regime Switching,831,99.55480771528514
Risk-Aware Regime Switching,832,113.69258175511415
Risk-Aware Regime Switching,833,128.9561699503489
Risk-Aware Regime Switching,834,146.73413739772562
Risk-Aware Regime Switching,835,96.91886945121848
Risk-Aware Regime Switching,836,78.00699104719557
Risk-Aware Regime Switching,837,85.28111953171401
Risk-Aware Regime Switching,838,128.08014008632185
Risk-Aware Regime Switching,839,103.11115072060737
Risk-Aware Regime Switching,840,115.79259490357734
Risk-Aware Regime Switching,841,92.41397799271812
Risk-Aware Regime Switching,842,104.81768448271647
Risk-Aware Regime Switching,843,148.64952859698818
Risk-Aware Regime Switching,844,66.1060254223341
Risk-Aware Regime Switching,845,95.87891442679323
Risk-Aware Regime Switching,846,133.5282973751083
Risk-Aware Regime Switching,847,67.22905726443342
Risk-Aware Regime Switching,848,87.34254213785984
Risk-Aware Regime Switching,849,85.53241233799201
Risk-Aware Regime Switching,850,80.85802708923437
Risk-Aware Regime Switching,851,157.04346452903954
Risk-Aware Regime Switching,852,98.12098351538602
Risk-Aware Regime Switching,853,99.09393406555233
Risk-Aware Regime Switching,854,84.00211956495133
Risk-Aware Regime Switching,855,107.14757058772257
Risk-Aware Regime Switching,856,107.20547819960429
Risk-Aware Regime Switching,857,95.10782360883776
Risk-Aware Regime Switching,858,79.31187311688963
Risk-Aware Regime Switching,859,86.01004167361594
Risk-Aware Regime Switching,860,79.68177966500029
Risk-Aware Regime Switching,861,108.65130888587527
Risk-Aware Regime Switching,862,91.88662704075624
Risk-Aware Regime Switching,863,73.28911070744164
Risk-Aware Regime Switching,864,118.53727466399391
Risk-Aware Regime Switching,865,105.78361496926574
Risk-Aware Regime Switching,866,106.47691284572565
Risk-Aware Regime Switching,867,77.0716486891794
Risk-Aware Regime Switching,868,78.75521113655968
Risk-Aware Regime Switching,869,91.80684410530667
Risk-Aware Regime Switching,870,101.9307042415107
Risk-Aware Regime Switching,871,119.95432246934745
Risk-Aware Regime Switching,872,130.5533095255653
Risk-Aware Regime Switching,873,80.22587433108896
Risk-Aware Regime Switching,874,101.37388106435384
Risk-Aware Regime Switching,875,123.95361710377244
Risk-Aware Regime Switching,876,81.71862022827854
Risk-Aware Regime Switching,877,82.88488810752507
Risk-Aware Regime Switching,878,115.21646327197617
Risk-Aware Regime Switching,879,70.7906661229298
Risk-Aware Regime Switching,880,158.8617585831335
Risk-Aware Regime Switching,881,112.21282983938501
Risk-Aware Regime Switching,882,86.99851127784683
Risk-Aware Regime Switching,883,95.85926784616527
Risk-Aware Regime Switching,884,70.25964930031506
Risk-Aware Regime Switching,885,127.21983113191308
Risk-Aware Regime Switching,886,105.59291645319584
Risk-Aware Regime Switching,887,111.36485806775002
Risk-Aware Regime Switching,888,136.02109317264856
Risk-Aware Regime Switching,889,115.31118224321413
Risk-Aware Regime Switching,890,130.56770553504828
Risk-Aware Regime Switching,891,113.31530747632527
Risk-Aware Regime Switching,892,71.80136478944455
Risk-Aware Regime Switching,893,112.00841576912279
Risk-Aware Regime Switching,894,107.9722767843438
Risk-Aware Regime Switching,895,92.01305667457594
Risk-Aware Regime Switching,896,88.18326773565805
Risk-Aware Regime Switching,897,77.04075936634024
Risk-Aware Regime Switching,898,97.80854840071818
Risk-Aware Regime Switching,899,110.73081918907721
Risk-Aware Regime Switching,900,58.0539269505509
Risk-Aware Regime Switching,901,79.50689017247858
Risk-Aware Regime Switching,902,94.6538723311042
Risk-Aware Regime Switching,903,94.57676424962364
Risk-Aware Regime Switching,904,106.3098970601516
Risk-Aware Regime Switching,905,141.41102093008527
Risk-Aware Regime Switching,906,102.5536861245974
Risk-Aware Regime Switching,907,124.48343363354309
Risk-Aware Regime Switching,908,60.72946253580041
Risk-Aware Regime Switching,909,82.86457194984416
Risk-Aware Regime Switching,910,129.22278838752533
Risk-Aware Regime Switching,911,99.16930996766486
Risk-Aware Regime Switching,912,119.50919075733275
Risk-Aware Regime Switching,913,81.7161226667977
Risk-Aware Regime Switching,914,92.6876636558297
Risk-Aware Regime Switching,915,79.58330797835674
Risk-Aware Regime Switching,916,70.61494769641811
Risk-Aware Regime Switching,917,108.85561095700567
Risk-Aware Regime Switching,918,89.61871765788581
Risk-Aware Regime Switching,919,83.07261128428513
Risk-Aware Regime Switching,920,184.22262027628213
Risk-Aware Regime Switching,921,130.54743825175842
Risk-Aware Regime Switching,922,90.98158574011703
Risk-Aware Regime Switching,923,122.03485204505968
Risk-Aware Regime Switching,924,80.40693912445239
Risk-Aware Regime Switching,925,80.45017810570961
Risk-Aware Regime Switching,926,107.64367361490059
Risk-Aware Regime Switching,927,93.64879941411417
Risk-Aware Regime Switching,928,85.48003581611147
Risk-Aware Regime Switching,929,108.90944921244119
Risk-Aware Regime Switching,930,106.90923875399912
Risk-Aware Regime Switching,931,131.16200058286023
Risk-Aware Regime Switching,932,131.6053869425003
Risk-Aware Regime Switching,933,123.65765186186866
Risk-Aware Regime Switching,934,91.41043380845362
Risk-Aware Regime Switching,935,110.53799659172643
Risk-Aware Regime Switching,936,109.40110588775403
Risk-Aware Regime Switching,937,148.35585169545786
Risk-Aware Regime Switching,938,81.31689402323
Risk-Aware Regime Switching,939,134.08570244919858
Risk-Aware Regime Switching,940,81.10696284937143
Risk-Aware Regime Switching,941,109.67195469006596
Risk-Aware Regime Switching,942,103.52568906790415
Risk-Aware Regime Switching,943,72.49989175668146
Risk-Aware Regime Switching,944,100.21224013418106
Risk-Aware Regime Switching,945,69.59958977782144
Risk-Aware Regime Switching,946,106.66909992738174
Risk-Aware Regime Switching,947,88.93626967011252
Risk-Aware Regime Switching,948,77.5061125355182
Risk-Aware Regime Switching,949,113.16863884985895
Risk-Aware Regime Switching,950,121.62682499335264
Risk-Aware Regime Switching,951,114.2668026243952
Risk-Aware Regime Switching,952,132.95801036707755
Risk-Aware Regime Switching,953,112.47244208362983
Risk-Aware Regime Switching,954,114.0378434649865
Risk-Aware Regime Switching,955,159.14822026016725
Risk-Aware Regime Switching,956,103.2384044151877
Risk-Aware Regime Switching,957,87.6512102903647
Risk-Aware Regime Switching,958,98.61107838027976
Risk-Aware Regime Switching,959,161.5884108642505
Risk-Aware Regime Switching,960,116.29535480174118
Risk-Aware Regime Switching,961,96.43113322634645
Risk-Aware Regime Switching,962,58.336666556376585
Risk-Aware Regime Switching,963,78.76369916132263
Risk-Aware Regime Switching,964,134.12343875753996
Risk-Aware Regime Switching,965,127.11556745649398
Risk-Aware Regime Switching,966,176.92463027453388
Risk-Aware Regime Switching,967,114.59142465227484
Risk-Aware Regime Switching,968,119.52413938166275
Risk-Aware Regime Switching,969,46.04321625489741
Risk-Aware Regime Switching,970,75.7275272025674
Risk-Aware Regime Switching,971,73.88704982110075
Risk-Aware Regime Switching,972,128.68554414471836
Risk-Aware Regime Switching,973,108.11346351364071
Risk-Aware Regime Switching,974,87.67363357993918
Risk-Aware Regime Switching,975,66.29727724241553
Risk-Aware Regime Switching,976,118.21680022858882
Risk-Aware Regime Switching,977,126.69153617093878
Risk-Aware Regime Switching,978,89.31342515160482
Risk-Aware Regime Switching,979,70.64241913896268
Risk-Aware Regime Switching,980,122.78753490708381
Risk-Aware Regime Switching,981,90.00877518786466
Risk-Aware Regime Switching,982,97.812252211451
Risk-Aware Regime Switching,983,94.8224227499136
Risk-Aware Regime Switching,984,92.99805629407753
Risk-Aware Regime Switching,985,129.35592159613546
Risk-Aware Regime Switching,986,84.16492056188306
Risk-Aware Regime Switching,987,86.81115847491346
Risk-Aware Regime Switching,988,115.05815269837399
Risk-Aware Regime Switching,989,79.93407947562329
Risk-Aware Regime Switching,990,112.54355543365631
Risk-Aware Regime Switching,991,98.78643293125059
Risk-Aware Regime Switching,992,96.36811994201786
Risk-Aware Regime Switching,993,69.5345939255696
Risk-Aware Regime Switching,994,127.74201344574743
Risk-Aware Regime Switching,995,104.27409004965136
Risk-Aware Regime Switching,996,99.4467680596029
Risk-Aware Regime Switching,997,99.79425968177696
Risk-Aware Regime Switching,998,132.65136293865203
Risk-Aware Regime Switching,999,97.84981589804306
Risk-Aware Regime Switching,1000,113.21153108683217
Risk-Aware Regime Switching,1001,82.54047989793507
Risk-Aware Regime Switching,1002,110.2547910926295
Risk-Aware Regime Switching,1003,95.90654707550262
Risk-Aware Regime Switching,1004,89.63730177322626
Risk-Aware Regime Switching,1005,148.4912744156062
Risk-Aware Regime Switching,1006,62.616296449016865
Risk-Aware Regime Switching,1007,110.38609956002156
Risk-Aware Regime Switching,1008,134.8588274254914
Risk-Aware Regime Switching,1009,96.45784638461336
Risk-Aware Regime Switching,1010,84.90064308027637
Risk-Aware Regime Switching,1011,66.79983291417328
Risk-Aware Regime Switching,1012,90.45181601548795
Risk-Aware Regime Switching,1013,106.73206130507276
Risk-Aware Regime Switching,1014,105.1816048751308
Risk-Aware Regime Switching,1015,90.30149173894085
Risk-Aware Regime Switching,1016,69.46252626479584
Risk-Aware Regime Switching,1017,116.17484611418145
Risk-Aware Regime Switching,1018,72.62154671412692
Risk-Aware Regime Switching,1019,129.76500131842795
Risk-Aware Regime Switching,1020,135.64828126987933
Risk-Aware Regime Switching,1021,79.91387781387064
Risk-Aware Regime Switching,1022,92.92681143036796
Risk-Aware Regime Switching,1023,100.89734301678723
Risk-Aware Regime Switching,1024,136.6745785612934
Risk-Aware Regime Switching,1025,144.23501967788798
Risk-Aware Regime Switching,1026,63.11105189964069
Risk-Aware Regime Switching,1027,85.58594522459224
Risk-Aware Regime Switching,1028,102.43130895791543
Risk-Aware Regime Switching,1029,114.67521097500932
Risk-Aware Regime Switching,1030,105.85685012287772
Risk-Aware Regime Switching,1031,90.39763831404541
Risk-Aware Regime Switching,1032,98.18308908864046
Risk-Aware Regime Switching,1033,114.81910105625983
Risk-Aware Regime Switching,1034,83.14940199524794
Risk-Aware Regime Switching,1035,65.15071582834933
Risk-Aware Regime Switching,1036,157.91817917531276
Risk-Aware Regime Switching,1037,99.72799236525869
Risk-Aware Regime Switching,1038,83.17385953258778
Risk-Aware Regime Switching,1039,84.59779803140157
Risk-Aware Regime Switching,1040,158.62644387020651
Risk-Aware Regime Switching,1041,115.9205568906059
Risk-Aware Regime Switching,1042,119.8701001565303
Risk-Aware Regime Switching,1043,111.83879041867047
Risk-Aware Regime Switching,1044,127.29201018371742
Risk-Aware Regime Switching,1045,69.08968396300934
Risk-Aware Regime Switching,1046,98.02225854019154
Risk-Aware Regime Switching,1047,103.79904591254414
Risk-Aware Regime Switching,1048,129.08408420137334
Risk-Aware Regime Switching,1049,118.44191919989797
Risk-Aware Regime Switching,1050,99.02444266171234
Risk-Aware Regime Switching,1051,97.91821629701374
Risk-Aware Regime Switching,1052,112.8188863146299
Risk-Aware Regime Switching,1053,157.32944039687837
Risk-Aware Regime Switching,1054,140.70752299616217
Risk-Aware Regime Switching,1055,120.40841176883248
Risk-Aware Regime Switching,1056,170.0657228842485
Risk-Aware Regime Switching,1057,106.42456522267334
Risk-Aware Regime Switching,1058,58.4534766059207
Risk-Aware Regime Switching,1059,105.85711784616907
Risk-Aware Regime Switching,1060,93.10115736752613
Risk-Aware Regime Switching,1061,76.32409060017955
Risk-Aware Regime Switching,1062,101.21436386721207
Risk-Aware Regime Switching,1063,153.33228829025109
Risk-Aware Regime Switching,1064,82.00851598532981
Risk-Aware Regime Switching,1065,124.07215443667145
Risk-Aware Regime Switching,1066,59.959883135537126
Risk-Aware Regime Switching,1067,66.21777616084074
Risk-Aware Regime Switching,1068,75.02541296416736
Risk-Aware Regime Switching,1069,114.91987654228039
Risk-Aware Regime Switching,1070,82.04158795182066
Risk-Aware Regime Switching,1071,87.47149303243327
Risk-Aware Regime Switching,1072,61.62626303904506
Risk-Aware Regime Switching,1073,108.58796557589929
Risk-Aware Regime Switching,1074,89.51798107409255
Risk-Aware Regime Switching,1075,66.4543014234156
Risk-Aware Regime Switching,1076,96.34272238102666
Risk-Aware Regime Switching,1077,77.54323846364304
Risk-Aware Regime Switching,1078,117.14630788689406
Risk-Aware Regime Switching,1079,129.8400425438967
Risk-Aware Regime Switching,1080,87.76420943452632
Risk-Aware Regime Switching,1081,74.03467160679354
Risk-Aware Regime Switching,1082,83.16598556120181
Risk-Aware Regime Switching,1083,71.9306608629093
Risk-Aware Regime Switching,1084,101.71692871056976
Risk-Aware Regime Switching,1085,100.09263621720477
Risk-Aware Regime Switching,1086,78.08574020304161
Risk-Aware Regime Switching,1087,91.0994721458729
Risk-Aware Regime Switching,1088,97.0770657503407
Risk-Aware Regime Switching,1089,106.52238692853828
Risk-Aware Regime Switching,1090,100.63206190574776
Risk-Aware Regime Switching,1091,95.3779357775527
Risk-Aware Regime Switching,1092,99.01881772795751
Risk-Aware Regime Switching,1093,110.86038894199086
Risk-Aware Regime Switching,1094,93.32153983919372
Risk-Aware Regime Switching,1095,106.88514022107731
Risk-Aware Regime Switching,1096,81.65590514306035
Risk-Aware Regime Switching,1097,68.3646309691241
Risk-Aware Regime Switching,1098,108.40118137542254
Risk-Aware Regime Switching,1099,88.31361841728253
Risk-Aware Regime Switching,1100,82.71214550454825
Risk-Aware Regime Switching,1101,98.57165305002317
Risk-Aware Regime Switching,1102,73.13431156562345
Risk-Aware Regime Switching,1103,107.83888211399591
Risk-Aware Regime Switching,1104,121.29871076403529
Risk-Aware Regime Switching,1105,111.31443192550334
Risk-Aware Regime Switching,1106,102.46217690072609
Risk-Aware Regime Switching,1107,82.54522515389495
Risk-Aware Regime Switching,1108,92.04767788364173
Risk-Aware Regime Switching,1109,70.94590404165132
Risk-Aware Regime Switching,1110,98.81206348021627
Risk-Aware Regime Switching,1111,117.25877513944576
Risk-Aware Regime Switching,1112,70.50853380396538
Risk-Aware Regime Switching,1113,97.06512368330289
Risk-Aware Regime Switching,1114,105.12319359926883
Risk-Aware Regime Switching,1115,120.61161444335102
Risk-Aware Regime Switching,1116,94.11637634594915
Risk-Aware Regime Switching,1117,60.30731281218843
Risk-Aware Regime Switching,1118,90.28134172737767
Risk-Aware Regime Switching,1119,60.072241819737236
Risk-Aware Regime Switching,1120,135.9267874362302
Risk-Aware Regime Switching,1121,114.20473426526982
Risk-Aware Regime Switching,1122,135.44584166336318
Risk-Aware Regime Switching,1123,85.5256026745322
Risk-Aware Regime Switching,1124,115.68803445339458
Risk-Aware Regime Switching,1125,106.24430768752356
Risk-Aware Regime Switching,1126,110.1625837502506
Risk-Aware Regime Switching,1127,100.18433823765638
Risk-Aware Regime Switching,1128,70.49097958105908
Risk-Aware Regime Switching,1129,124.52925328066651
Risk-Aware Regime Switching,1130,144.2385861887158
Risk-Aware Regime Switching,1131,97.55825607818281
Risk-Aware Regime Switching,1132,78.2660550575836
Risk-Aware Regime Switching,1133,85.69717812161663
Risk-Aware Regime Switching,1134,83.99287768019875
Risk-Aware Regime Switching,1135,135.11991960233777
Risk-Aware Regime Switching,1136,95.14472884798707
Risk-Aware Regime Switching,1137,90.67119758071442
Risk-Aware Regime Switching,1138,79.10868394412766
Risk-Aware Regime Switching,1139,126.86944491438553
Risk-Aware Regime Switching,1140,66.89938413574338
Risk-Aware Regime Switching,1141,99.2869340473104
Risk-Aware Regime Switching,1142,100.42142728686825
Risk-Aware Regime Switching,1143,94.07165030598442
Risk-Aware Regime Switching,1144,81.55256643902219
Risk-Aware Regime Switching,1145,94.42574183437148
Risk-Aware Regime Switching,1146,105.5976131854682
Risk-Aware Regime Switching,1147,81.82350096186772
Risk-Aware Regime Switching,1148,90.82746066637985
Risk-Aware Regime Switching,1149,95.80977543512518
Risk-Aware Regime Switching,1150,93.81186377679623
Risk-Aware Regime Switching,1151,124.77530478023986
Risk-Aware Regime Switching,1152,125.50082153069326
Risk-Aware Regime Switching,1153,103.46113997736634
Risk-Aware Regime Switching,1154,72.89326051908986
Risk-Aware Regime Switching,1155,112.71878832991685
Risk-Aware Regime Switching,1156,71.70732187153267
Risk-Aware Regime Switching,1157,89.04189498807513
Risk-Aware Regime Switching,1158,76.25258967631174
Risk-Aware Regime Switching,1159,81.4044611059232
Risk-Aware Regime Switching,1160,96.30116730624329
Risk-Aware Regime Switching,1161,131.044085365695
Risk-Aware Regime Switching,1162,91.11361140166137
Risk-Aware Regime Switching,1163,84.01596213275381
Risk-Aware Regime Switching,1164,87.78618815257188
Risk-Aware Regime Switching,1165,122.1534437995304
Risk-Aware Regime Switching,1166,103.77375336420458
Risk-Aware Regime Switching,1167,102.24513084516519
Risk-Aware Regime Switching,1168,80.44147216465065
Risk-Aware Regime Switching,1169,84.75345929570686
Risk-Aware Regime Switching,1170,108.86537018507036
Risk-Aware Regime Switching,1171,112.7974174710042
Risk-Aware Regime Switching,1172,130.0847612419297
Risk-Aware Regime Switching,1173,131.10349953520165
Risk-Aware Regime Switching,1174,103.73949719256237
Risk-Aware Regime Switching,1175,84.10532249927918
Risk-Aware Regime Switching,1176,91.30616020274364
Risk-Aware Regime Switching,1177,66.7074659760565
Risk-Aware Regime Switching,1178,125.34279754369406
Risk-Aware Regime Switching,1179,121.76822173260908
Risk-Aware Regime Switching,1180,108.36184163263314
Risk-Aware Regime Switching,1181,116.9779712411679
Risk-Aware Regime Switching,1182,93.87476293505944
Risk-Aware Regime Switching,1183,99.50819552846991
Risk-Aware Regime Switching,1184,91.36887444484277
Risk-Aware Regime Switching,1185,90.83099263678007
Risk-Aware Regime Switching,1186,97.06664789104451
Risk-Aware Regime Switching,1187,89.49919444823287
Risk-Aware Regime Switching,1188,87.42776014459099
Risk-Aware Regime Switching,1189,88.2985062478156
Risk-Aware Regime Switching,1190,113.01289542917807
Risk-Aware Regime Switching,1191,79.08861960762373
Risk-Aware Regime Switching,1192,127.28158036451927
Risk-Aware Regime Switching,1193,84.8420066119026
Risk-Aware Regime Switching,1194,68.35517903201062
Risk-Aware Regime Switching,1195,95.08512744810221
Risk-Aware Regime Switching,1196,112.44703839725776
Risk-Aware Regime Switching,1197,65.084824521395
Risk-Aware Regime Switching,1198,63.37461814803446
Risk-Aware Regime Switching,1199,93.79539995477289
Risk-Aware Regime Switching,1200,82.32795887251315
Risk-Aware Regime Switching,1201,106.48135466825003
Risk-Aware Regime Switching,1202,106.95345494599084
Risk-Aware Regime Switching,1203,109.17125414277263
Risk-Aware Regime Switching,1204,127.90236331388635
Risk-Aware Regime Switching,1205,98.0164040405289
Risk-Aware Regime Switching,1206,105.40372265460884
Risk-Aware Regime Switching,1207,150.53683907289934
Risk-Aware Regime Switching,1208,95.3800620726468
Risk-Aware Regime Switching,1209,89.35219972479332
Risk-Aware Regime Switching,1210,94.4825702935399
Risk-Aware Regime Switching,1211,95.35402042599188
Risk-Aware Regime Switching,1212,65.0818355792502
Risk-Aware Regime Switching,1213,90.22076339911483
Risk-Aware Regime Switching,1214,83.16164407309452
Risk-Aware Regime Switching,1215,94.78374560965473
Risk-Aware Regime Switching,1216,117.83340510290965
Risk-Aware Regime Switching,1217,98.62502921249198
Risk-Aware Regime Switching,1218,130.0166921630479
Risk-Aware Regime Switching,1219,109.98431206024813
Risk-Aware Regime Switching,1220,85.71533785620169
Risk-Aware Regime Switching,1221,89.65054001692707
Risk-Aware Regime Switching,1222,78.21933197873834
Risk-Aware Regime Switching,1223,80.22463750466689
Risk-Aware Regime Switching,1224,77.79574912728864
Risk-Aware Regime Switching,1225,114.1697084136952
Risk-Aware Regime Switching,1226,54.47281976194023
Risk-Aware Regime Switching,1227,131.0875279137285
Risk-Aware Regime Switching,1228,98.53542966466807
Risk-Aware Regime Switching,1229,110.65613345383059
Risk-Aware Regime Switching,1230,110.04973954790391
Risk-Aware Regime Switching,1231,82.01879099724016
Risk-Aware Regime Switching,1232,90.11440551225746
Risk-Aware Regime Switching,1233,81.32265210664038
Risk-Aware Regime Switching,1234,172.02245905305662
Risk-Aware Regime Switching,1235,84.54443784920346
Risk-Aware Regime Switching,1236,121.64534297033462
Risk-Aware Regime Switching,1237,97.80320762978066
Risk-Aware Regime Switching,1238,135.75992494293092
Risk-Aware Regime Switching,1239,67.83280559228879
Risk-Aware Regime Switching,1240,91.144166674968
Risk-Aware Regime Switching,1241,87.86440285859877
Risk-Aware Regime Switching,1242,88.03938340554495
Risk-Aware Regime Switching,1243,73.4547676049024
Risk-Aware Regime Switching,1244,75.07765310640684
Risk-Aware Regime Switching,1245,102.69886830531563
Risk-Aware Regime Switching,1246,98.58318361490211
Risk-Aware Regime Switching,1247,122.22749934564186
Risk-Aware Regime Switching,1248,143.43402991349757
Risk-Aware Regime Switching,1249,110.43742751741932
Risk-Aware Regime Switching,1250,128.69911967508838
Risk-Aware Regime Switching,1251,79.67184482598492
Risk-Aware Regime Switching,1252,123.08416266368958
Risk-Aware Regime Switching,1253,75.04077483368519
Risk-Aware Regime Switching,1254,73.37885205150417
Risk-Aware Regime Switching,1255,174.0715460623357
Risk-Aware Regime Switching,1256,87.8347598785536
Risk-Aware Regime Switching,1257,88.74337951515668
Risk-Aware Regime Switching,1258,91.80075049277617
Risk-Aware Regime Switching,1259,66.54881139870736
Risk-Aware Regime Switching,1260,58.43008409893402
Risk-Aware Regime Switching,1261,127.23462004999082
Risk-Aware Regime Switching,1262,64.46989830783099
Risk-Aware Regime Switching,1263,108.97869699276856
Risk-Aware Regime Switching,1264,85.1423105023606
Risk-Aware Regime Switching,1265,109.53898283076933
Risk-Aware Regime Switching,1266,83.06981443952391
Risk-Aware Regime Switching,1267,91.21433576599765
Risk-Aware Regime Switching,1268,128.52023053420604
Risk-Aware Regime Switching,1269,85.62475519232585
Risk-Aware Regime Switching,1270,101.08660824431112
Risk-Aware Regime Switching,1271,102.63651030373113
Risk-Aware Regime Switching,1272,92.16441702678662
Risk-Aware Regime Switching,1273,87.30218751636569
Risk-Aware Regime Switching,1274,67.9607168980731
Risk-Aware Regime Switching,1275,58.77140113182764
Risk-Aware Regime Switching,1276,89.61123215251841
Risk-Aware Regime Switching,1277,134.92585338840306
Risk-Aware Regime Switching,1278,125.96148214500009
Risk-Aware Regime Switching,1279,126.22389230481662
Risk-Aware Regime Switching,1280,137.17604059739307
Risk-Aware Regime Switching,1281,57.10474610519033
Risk-Aware Regime Switching,1282,82.36854435398884
Risk-Aware Regime Switching,1283,83.13521438707798
Risk-Aware Regime Switching,1284,113.74916943089247
Risk-Aware Regime Switching,1285,117.05092192963609
Risk-Aware Regime Switching,1286,124.30048937826234
Risk-Aware Regime Switching,1287,148.7626052272653
Risk-Aware Regime Switching,1288,104.03348054136276
Risk-Aware Regime Switching,1289,107.39594479474322
Risk-Aware Regime Switching,1290,143.10837571732858
Risk-Aware Regime Switching,1291,87.69140829933139
Risk-Aware Regime Switching,1292,122.68133985552323
Risk-Aware Regime Switching,1293,82.90732769643516
Risk-Aware Regime Switching,1294,82.10202025223764
Risk-Aware Regime Switching,1295,234.6741693805734
Risk-Aware Regime Switching,1296,85.75261296575512
Risk-Aware Regime Switching,1297,100.17823498230847
Risk-Aware Regime Switching,1298,79.78009495599795
Risk-Aware Regime Switching,1299,137.12875172799238
Risk-Aware Regime Switching,1300,83.08991325966875
Risk-Aware Regime Switching,1301,79.35357972132523
Risk-Aware Regime Switching,1302,69.1212646416455
Risk-Aware Regime Switching,1303,96.8989850860007
Risk-Aware Regime Switching,1304,94.12652961847814
Risk-Aware Regime Switching,1305,68.78634445646941
Risk-Aware Regime Switching,1306,103.58007399324455
Risk-Aware Regime Switching,1307,102.47681319255786
Risk-Aware Regime Switching,1308,75.11929219354597
Risk-Aware Regime Switching,1309,70.35078559841573
Risk-Aware Regime Switching,1310,99.15713354301666
Risk-Aware Regime Switching,1311,87.02002573350572
Risk-Aware Regime Switching,1312,88.02357850553933
Risk-Aware Regime Switching,1313,120.22765080990396
Risk-Aware Regime Switching,1314,110.18970317124892
Risk-Aware Regime Switching,1315,126.30620314723164
Risk-Aware Regime Switching,1316,79.36432652359805
Risk-Aware Regime Switching,1317,116.91494733521515
Risk-Aware Regime Switching,1318,146.3258328693095
Risk-Aware Regime Switching,1319,103.90851272775447
Risk-Aware Regime Switching,1320,84.47759258590187
Risk-Aware Regime Switching,1321,109.56060915487936
Risk-Aware Regime Switching,1322,112.8579549561417
Risk-Aware Regime Switching,1323,103.27202877697871
Risk-Aware Regime Switching,1324,89.88038710810274
Risk-Aware Regime Switching,1325,97.98995924883157
Risk-Aware Regime Switching,1326,122.98618420431042
Risk-Aware Regime Switching,1327,84.53106734978051
Risk-Aware Regime Switching,1328,114.3000512254883
Risk-Aware Regime Switching,1329,124.79420632670598
Risk-Aware Regime Switching,1330,104.28116671276175
Risk-Aware Regime Switching,1331,98.99845550418458
Risk-Aware Regime Switching,1332,112.4336422152641
Risk-Aware Regime Switching,1333,110.77662721345061
Risk-Aware Regime Switching,1334,74.58639643927809
Risk-Aware Regime Switching,1335,98.33429201916536
Risk-Aware Regime Switching,1336,125.89006228222665
Risk-Aware Regime Switching,1337,79.45661075750016
Risk-Aware Regime Switching,1338,100.99036531140733
Risk-Aware Regime Switching,1339,87.23221278930687
Risk-Aware Regime Switching,1340,114.78634006874684
Risk-Aware Regime Switching,1341,64.8662118544196
Risk-Aware Regime Switching,1342,105.8802281534531
Risk-Aware Regime Switching,1343,97.14116991123423
Risk-Aware Regime Switching,1344,121.27894309628896
Risk-Aware Regime Switching,1345,97.54708549153318
Risk-Aware Regime Switching,1346,95.74976947747894
Risk-Aware Regime Switching,1347,64.21717469944599
Risk-Aware Regime Switching,1348,110.53287818351679
Risk-Aware Regime Switching,1349,71.63069402414509
Risk-Aware Regime Switching,1350,96.14094516908138
Risk-Aware Regime Switching,1351,84.00268643007044
Risk-Aware Regime Switching,1352,110.18566765758064
Risk-Aware Regime Switching,1353,98.12525686091608
Risk-Aware Regime Switching,1354,157.73757779580816
Risk-Aware Regime Switching,1355,105.81170073925273
Risk-Aware Regime Switching,1356,107.40737846971702
Risk-Aware Regime Switching,1357,74.50193446680696
Risk-Aware Regime Switching,1358,104.67720064098333
Risk-Aware Regime Switching,1359,116.09090824302936
Risk-Aware Regime Switching,1360,109.80681559931975
Risk-Aware Regime Switching,1361,114.81553700413522
Risk-Aware Regime Switching,1362,101.61397715128734
Risk-Aware Regime Switching,1363,68.06985091717121
Risk-Aware Regime Switching,1364,86.03580809328355
Risk-Aware Regime Switching,1365,94.38884964449213
Risk-Aware Regime Switching,1366,87.72846234230929
Risk-Aware Regime Switching,1367,87.50083915064188
Risk-Aware Regime Switching,1368,104.26356174294207
Risk-Aware Regime Switching,1369,93.87311783673832
Risk-Aware Regime Switching,1370,91.79941219480364
Risk-Aware Regime Switching,1371,86.96012316962792
Risk-Aware Regime Switching,1372,61.47550498052833
Risk-Aware Regime Switching,1373,95.0412230349329
Risk-Aware Regime Switching,1374,120.22256130500908
Risk-Aware Regime Switching,1375,107.97746286254714
Risk-Aware Regime Switching,1376,104.83490402853832
Risk-Aware Regime Switching,1377,82.36604821664051
Risk-Aware Regime Switching,1378,98.27508485392563
Risk-Aware Regime Switching,1379,109.57142777723634
Risk-Aware Regime Switching,1380,92.68883224552998
Risk-Aware Regime Switching,1381,70.28609208777068
Risk-Aware Regime Switching,1382,94.7464876257527
Risk-Aware Regime Switching,1383,138.25841368696328
Risk-Aware Regime Switching,1384,136.02774713830703
Risk-Aware Regime Switching,1385,74.78878769575282
Risk-Aware Regime Switching,1386,74.71567613188202
Risk-Aware Regime Switching,1387,83.87196156559325
Risk-Aware Regime Switching,1388,98.52295801036433
Risk-Aware Regime Switching,1389,81.92396360632164
Risk-Aware Regime Switching,1390,111.97668073732072
Risk-Aware Regime Switching,1391,124.70146751241624
Risk-Aware Regime Switching,1392,72.06950955241996
Risk-Aware Regime Switching,1393,109.43299991668489
Risk-Aware Regime Switching,1394,61.66378646548857
Risk-Aware Regime Switching,1395,78.99229362978627
Risk-Aware Regime Switching,1396,125.89513387970483
Risk-Aware Regime Switching,1397,117.01221520072566
Risk-Aware Regime Switching,1398,72.44167679828423
Risk-Aware Regime Switching,1399,106.53122436341805
Risk-Aware Regime Switching,1400,125.72939168239179
Risk-Aware Regime Switching,1401,128.0912791015083
Risk-Aware Regime Switching,1402,117.13189029440917
Risk-Aware Regime Switching,1403,99.94010382963042
Risk-Aware Regime Switching,1404,80.98514389330053
Risk-Aware Regime Switching,1405,90.4488406867186
Risk-Aware Regime Switching,1406,82.78975463465159
Risk-Aware Regime Switching,1407,86.0255415036102
Risk-Aware Regime Switching,1408,107.0336832037939
Risk-Aware Regime Switching,1409,84.08139814008986
Risk-Aware Regime Switching,1410,64.7884707263066
Risk-Aware Regime Switching,1411,91.11943636320609
Risk-Aware Regime Switching,1412,84.03880524414501
Risk-Aware Regime Switching,1413,103.70218539809493
Risk-Aware Regime Switching,1414,75.32490331225897
Risk-Aware Regime Switching,1415,110.02239585227211
Risk-Aware Regime Switching,1416,118.76098697461018
Risk-Aware Regime Switching,1417,64.95370674164577
Risk-Aware Regime Switching,1418,99.15535599529834
Risk-Aware Regime Switching,1419,91.04419552551278
Risk-Aware Regime Switching,1420,137.99690730682178
Risk-Aware Regime Switching,1421,110.85479768396284
Risk-Aware Regime Switching,1422,83.07957882043219
Risk-Aware Regime Switching,1423,58.25078742420502
Risk-Aware Regime Switching,1424,104.64053355538789
Risk-Aware Regime Switching,1425,82.67386517857925
Risk-Aware Regime Switching,1426,134.79295806038763
Risk-Aware Regime Switching,1427,64.91381927514665
Risk-Aware Regime Switching,1428,85.44712034667458
Risk-Aware Regime Switching,1429,97.55704282456193
Risk-Aware Regime Switching,1430,56.69285344433833
Risk-Aware Regime Switching,1431,75.72310714800786
Risk-Aware Regime Switching,1432,80.9741743905247
Risk-Aware Regime Switching,1433,175.13721686056965
Risk-Aware Regime Switching,1434,120.53346760054977
Risk-Aware Regime Switching,1435,111.57671063320016
Risk-Aware Regime Switching,1436,135.00714559028606
Risk-Aware Regime Switching,1437,99.46446520483507
Risk-Aware Regime Switching,1438,86.54599984906129
Risk-Aware Regime Switching,1439,111.13598505750957
Risk-Aware Regime Switching,1440,68.56356664813784
Risk-Aware Regime Switching,1441,103.26560082349256
Risk-Aware Regime Switching,1442,109.87143464250137
Risk-Aware Regime Switching,1443,58.034255192538254
Risk-Aware Regime Switching,1444,86.02867815210223
Risk-Aware Regime Switching,1445,152.74800360358321
Risk-Aware Regime Switching,1446,91.55047811112918
Risk-Aware Regime Switching,1447,100.5278063477875
Risk-Aware Regime Switching,1448,87.91355293483365
Risk-Aware Regime Switching,1449,88.34887717892472
Risk-Aware Regime Switching,1450,58.343386569491344
Risk-Aware Regime Switching,1451,90.55726267245014
Risk-Aware Regime Switching,1452,105.0641085778866
Risk-Aware Regime Switching,1453,89.83097944511597
Risk-Aware Regime Switching,1454,118.06030856439673
Risk-Aware Regime Switching,1455,71.8721590215438
Risk-Aware Regime Switching,1456,103.95239997567451
Risk-Aware Regime Switching,1457,101.63179980077747
Risk-Aware Regime Switching,1458,78.56694685079597
Risk-Aware Regime Switching,1459,124.98600999845276
Risk-Aware Regime Switching,1460,75.93881199658121
Risk-Aware Regime Switching,1461,74.0769797820061
Risk-Aware Regime Switching,1462,123.15905679085881
Risk-Aware Regime Switching,1463,90.82199425508936
Risk-Aware Regime Switching,1464,92.5916019047532
Risk-Aware Regime Switching,1465,98.25354063504976
Risk-Aware Regime Switching,1466,143.71997133728598
Risk-Aware Regime Switching,1467,89.99623571229608
Risk-Aware Regime Switching,1468,75.71012751604867
Risk-Aware Regime Switching,1469,89.58060665157409
Risk-Aware Regime Switching,1470,128.29860087840117
Risk-Aware Regime Switching,1471,119.26769540104803
Risk-Aware Regime Switching,1472,88.57343833994717
Risk-Aware Regime Switching,1473,69.48504588000392
Risk-Aware Regime Switching,1474,114.16273425949046
Risk-Aware Regime Switching,1475,88.09202951596005
Risk-Aware Regime Switching,1476,68.39503731408921
Risk-Aware Regime Switching,1477,135.42712850420565
Risk-Aware Regime Switching,1478,116.81799199698662
Risk-Aware Regime Switching,1479,69.92946885534413
Risk-Aware Regime Switching,1480,86.41807912992391
Risk-Aware Regime Switching,1481,83.12089412008488
Risk-Aware Regime Switching,1482,128.9675075436406
Risk-Aware Regime Switching,1483,95.26353030345406
Risk-Aware Regime Switching,1484,113.07373657616064
Risk-Aware Regime Switching,1485,98.4851667911806
Risk-Aware Regime Switching,1486,82.60823181777002
Risk-Aware Regime Switching,1487,73.35433469455437
Risk-Aware Regime Switching,1488,95.1196107401232
Risk-Aware Regime Switching,1489,81.76258111143063
Risk-Aware Regime Switching,1490,76.8515957218028
Risk-Aware Regime Switching,1491,131.9146354312991
Risk-Aware Regime Switching,1492,101.79898263444684
Risk-Aware Regime Switching,1493,116.00270808140738
Risk-Aware Regime Switching,1494,139.89726332145293
Risk-Aware Regime Switching,1495,86.54081014026438
Risk-Aware Regime Switching,1496,86.14510299986419
Risk-Aware Regime Switching,1497,122.58229108783405
Risk-Aware Regime Switching,1498,71.46399537798843
Risk-Aware Regime Switching,1499,100.73120061119842
Risk-Aware Regime Switching,1500,145.35615897588917
Risk-Aware Regime Switching,1501,95.65513305768845
Risk-Aware Regime Switching,1502,82.49703584690636
Risk-Aware Regime Switching,1503,80.36636831327868
Risk-Aware Regime Switching,1504,102.74004868928255
Risk-Aware Regime Switching,1505,89.63397141503246
Risk-Aware Regime Switching,1506,83.25904121772113
Risk-Aware Regime Switching,1507,93.09783432709435
Risk-Aware Regime Switching,1508,85.38179291852857
Risk-Aware Regime Switching,1509,87.52615594769614
Risk-Aware Regime Switching,1510,93.03805204767532
Risk-Aware Regime Switching,1511,112.6968219971373
Risk-Aware Regime Switching,1512,113.72530802122895
Risk-Aware Regime Switching,1513,76.47926713281768
Risk-Aware Regime Switching,1514,109.3257071270618
Risk-Aware Regime Switching,1515,62.758853033312874
Risk-Aware Regime Switching,1516,148.12456757577826
Risk-Aware Regime Switching,1517,96.07362340948494
Risk-Aware Regime Switching,1518,89.24954928022512
Risk-Aware Regime Switching,1519,85.60938140107604
Risk-Aware Regime Switching,1520,92.32937900858505
Risk-Aware Regime Switching,1521,137.83755272018988
Risk-Aware Regime Switching,1522,152.03188831582497
Risk-Aware Regime Switching,1523,74.6237532740384
Risk-Aware Regime Switching,1524,132.461049063673
Risk-Aware Regime Switching,1525,86.73904296465955
Risk-Aware Regime Switching,1526,93.68038494938014
Risk-Aware Regime Switching,1527,117.35337410449252
Risk-Aware Regime Switching,1528,78.53170450652794
Risk-Aware Regime Switching,1529,91.01590722669019
Risk-Aware Regime Switching,1530,112.12743861628518
Risk-Aware Regime Switching,1531,107.96881561660301
Risk-Aware Regime Switching,1532,108.22359732969863
Risk-Aware Regime Switching,1533,68.56983792090264
Risk-Aware Regime Switching,1534,187.18279701207635
Risk-Aware Regime Switching,1535,86.96349857446779
Risk-Aware Regime Switching,1536,95.33787967873434
Risk-Aware Regime Switching,1537,81.65229111880572
Risk-Aware Regime Switching,1538,81.32392505616835
Risk-Aware Regime Switching,1539,109.12929698566982
Risk-Aware Regime Switching,1540,76.81387768441812
Risk-Aware Regime Switching,1541,142.98199858040303
Risk-Aware Regime Switching,1542,98.79431278809851
Risk-Aware Regime Switching,1543,122.27015265205843
Risk-Aware Regime Switching,1544,108.00793017142504
Risk-Aware Regime Switching,1545,101.5320963846617
Risk-Aware Regime Switching,1546,108.55585530177079
Risk-Aware Regime Switching,1547,64.23369011708301
Risk-Aware Regime Switching,1548,95.06772255742403
Risk-Aware Regime Switching,1549,63.548581666354956
Risk-Aware Regime Switching,1550,80.71291929044456
Risk-Aware Regime Switching,1551,89.54696017544532
Risk-Aware Regime Switching,1552,87.2721918216645
Risk-Aware Regime Switching,1553,91.8021389171061
Risk-Aware Regime Switching,1554,109.18205358405247
Risk-Aware Regime Switching,1555,77.1976523912644
Risk-Aware Regime Switching,1556,96.58993314390914
Risk-Aware Regime Switching,1557,147.64183510203205
Risk-Aware Regime Switching,1558,72.68062787846353
Risk-Aware Regime Switching,1559,109.01944595140903
Risk-Aware Regime Switching,1560,118.94477564637103
Risk-Aware Regime Switching,1561,117.18464762582738
Risk-Aware Regime Switching,1562,82.08396991468938
Risk-Aware Regime Switching,1563,92.41415506659423
Risk-Aware Regime Switching,1564,87.58905295809221
Risk-Aware Regime Switching,1565,123.23977814702687
Risk-Aware Regime Switching,1566,70.53868564258248
Risk-Aware Regime Switching,1567,69.43698184385971
Risk-Aware Regime Switching,1568,85.79300121818608
Risk-Aware Regime Switching,1569,153.43652002190294
Risk-Aware Regime Switching,1570,105.39722560396547
Risk-Aware Regime Switching,1571,140.4207617913887
Risk-Aware Regime Switching,1572,127.69217290908341
Risk-Aware Regime Switching,1573,92.37604192438178
Risk-Aware Regime Switching,1574,71.13605132169846
Risk-Aware Regime Switching,1575,46.71387218410868
Risk-Aware Regime Switching,1576,82.50108295615401
Risk-Aware Regime Switching,1577,72.6642568594009
Risk-Aware Regime Switching,1578,127.76188485829533
Risk-Aware Regime Switching,1579,116.13044662603545
Risk-Aware Regime Switching,1580,97.29571983674377
Risk-Aware Regime Switching,1581,222.32178042209375
Risk-Aware Regime Switching,1582,74.88127300269896
Risk-Aware Regime Switching,1583,114.31344494535041
Risk-Aware Regime Switching,1584,123.50831103565932
Risk-Aware Regime Switching,1585,107.44570312472254
Risk-Aware Regime Switching,1586,95.36366314552981
Risk-Aware Regime Switching,1587,129.83087795447
Risk-Aware Regime Switching,1588,92.55470163082182
Risk-Aware Regime Switching,1589,74.52650442628163
Risk-Aware Regime Switching,1590,78.85769861998061
Risk-Aware Regime Switching,1591,96.09145286002179
Risk-Aware Regime Switching,1592,58.54513564369378
Risk-Aware Regime Switching,1593,136.63791524309968
Risk-Aware Regime Switching,1594,88.10210308192633
Risk-Aware Regime Switching,1595,107.73942605015752
Risk-Aware Regime Switching,1596,109.53698731412362
Risk-Aware Regime Switching,1597,110.04780770801985
Risk-Aware Regime Switching,1598,118.80961285465483
Risk-Aware Regime Switching,1599,105.42706324580502
Risk-Aware Regime Switching,1600,91.42428663474689
Risk-Aware Regime Switching,1601,141.02383658548666
Risk-Aware Regime Switching,1602,96.08671097608403
Risk-Aware Regime Switching,1603,98.30130604075342
Risk-Aware Regime Switching,1604,93.49253293782644
Risk-Aware Regime Switching,1605,71.9212246302863
Risk-Aware Regime Switching,1606,165.6119600219006
Risk-Aware Regime Switching,1607,100.64391484031148
Risk-Aware Regime Switching,1608,105.54241950608782
Risk-Aware Regime Switching,1609,91.96906670542741
Risk-Aware Regime Switching,1610,110.28175602726016
Risk-Aware Regime Switching,1611,106.52253276375454
Risk-Aware Regime Switching,1612,110.03024696219515
Risk-Aware Regime Switching,1613,124.80981740693133
Risk-Aware Regime Switching,1614,99.83765964394001
Risk-Aware Regime Switching,1615,80.50515141846341
Risk-Aware Regime Switching,1616,98.59889641990125
Risk-Aware Regime Switching,1617,81.39924185652735
Risk-Aware Regime Switching,1618,95.54633788892491
Risk-Aware Regime Switching,1619,84.68587892821795
Risk-Aware Regime Switching,1620,57.100416112652866
Risk-Aware Regime Switching,1621,107.09290032886618
Risk-Aware Regime Switching,1622,118.33962384607236
Risk-Aware Regime Switching,1623,74.79107491431814
Risk-Aware Regime Switching,1624,84.95273318757269
Risk-Aware Regime Switching,1625,102.35963588016095
Risk-Aware Regime Switching,1626,71.13236473728008
Risk-Aware Regime Switching,1627,131.02979838111693
Risk-Aware Regime Switching,1628,104.95724551996722
Risk-Aware Regime Switching,1629,130.8843485185846
Risk-Aware Regime Switching,1630,86.87333538541168
Risk-Aware Regime Switching,1631,121.40916311944213
Risk-Aware Regime Switching,1632,76.33522813298505
Risk-Aware Regime Switching,1633,110.13128943193043
Risk-Aware Regime Switching,1634,90.742816723037
Risk-Aware Regime Switching,1635,67.66977794141913
Risk-Aware Regime Switching,1636,91.05628972035946
Risk-Aware Regime Switching,1637,100.44130150092694
Risk-Aware Regime Switching,1638,148.07028898561978
Risk-Aware Regime Switching,1639,90.06713244095681
Risk-Aware Regime Switching,1640,107.3929584485064
Risk-Aware Regime Switching,1641,79.23831395298508
Risk-Aware Regime Switching,1642,113.14924558486375
Risk-Aware Regime Switching,1643,78.59539996969961
Risk-Aware Regime Switching,1644,71.56575133422379
Risk-Aware Regime Switching,1645,115.64710901174666
Risk-Aware Regime Switching,1646,99.67948834846926
Risk-Aware Regime Switching,1647,116.53493752951454
Risk-Aware Regime Switching,1648,163.10611711484862
Risk-Aware Regime Switching,1649,108.80085436963462
Risk-Aware Regime Switching,1650,110.58500780788387
Risk-Aware Regime Switching,1651,61.13869671762758
Risk-Aware Regime Switching,1652,74.99815765598457
Risk-Aware Regime Switching,1653,84.38970278238696
Risk-Aware Regime Switching,1654,141.87653604529746
Risk-Aware Regime Switching,1655,75.16736946037662
Risk-Aware Regime Switching,1656,106.24215507009762
Risk-Aware Regime Switching,1657,102.61059239094187
Risk-Aware Regime Switching,1658,119.21821735078306
Risk-Aware Regime Switching,1659,84.93046150312739
Risk-Aware Regime Switching,1660,88.1440431787996
Risk-Aware Regime Switching,1661,87.63974358249276
Risk-Aware Regime Switching,1662,96.2539896345995
Risk-Aware Regime Switching,1663,84.47466216988977
Risk-Aware Regime Switching,1664,102.54233795946439
Risk-Aware Regime Switching,1665,83.75371827264479
Risk-Aware Regime Switching,1666,61.10350467666119
Risk-Aware Regime Switching,1667,94.41962969491296
Risk-Aware Regime Switching,1668,110.80381900240887
Risk-Aware Regime Switching,1669,124.01977002996776
Risk-Aware Regime Switching,1670,67.8500720250532
Risk-Aware Regime Switching,1671,128.75004169168253
Risk-Aware Regime Switching,1672,160.0426860043946
Risk-Aware Regime Switching,1673,98.99004069490684
Risk-Aware Regime Switching,1674,114.22466461236671
Risk-Aware Regime Switching,1675,144.9641313907527
Risk-Aware Regime Switching,1676,136.54569585083541
Risk-Aware Regime Switching,1677,168.35851888593712
Risk-Aware Regime Switching,1678,103.52910455843123
Risk-Aware Regime Switching,1679,105.11278259435564
Risk-Aware Regime Switching,1680,81.97742570192429
Risk-Aware Regime Switching,1681,116.4348881932026
Risk-Aware Regime Switching,1682,112.2354499123712
Risk-Aware Regime Switching,1683,90.5181935037718
Risk-Aware Regime Switching,1684,129.18694793897453
Risk-Aware Regime Switching,1685,87.63601501236077
Risk-Aware Regime Switching,1686,118.97372728226743
Risk-Aware Regime Switching,1687,84.85619958227885
Risk-Aware Regime Switching,1688,98.73194694449792
Risk-Aware Regime Switching,1689,95.96296825132234
Risk-Aware Regime Switching,1690,89.63464067311789
Risk-Aware Regime Switching,1691,107.91345312035072
Risk-Aware Regime Switching,1692,90.12200948439306
Risk-Aware Regime Switching,1693,103.9047724753501
Risk-Aware Regime Switching,1694,102.98167221412011
Risk-Aware Regime Switching,1695,79.59959205098829
Risk-Aware Regime Switching,1696,63.52741166177574
Risk-Aware Regime Switching,1697,99.47867906572866
Risk-Aware Regime Switching,1698,114.32564869541721
Risk-Aware Regime Switching,1699,90.58387857868821
Risk-Aware Regime Switching,1700,96.43629956567764
Risk-Aware Regime Switching,1701,110.13687205818823
Risk-Aware Regime Switching,1702,121.94341753192207
Risk-Aware Regime Switching,1703,111.5556105518078
Risk-Aware Regime Switching,1704,112.64693258715388
Risk-Aware Regime Switching,1705,115.74350870081747
Risk-Aware Regime Switching,1706,159.50964896939942
Risk-Aware Regime Switching,1707,107.03529395533111
Risk-Aware Regime Switching,1708,104.19926007884864
Risk-Aware Regime Switching,1709,86.75579230658268
Risk-Aware Regime Switching,1710,136.2095362876235
Risk-Aware Regime Switching,1711,98.0524681752621
Risk-Aware Regime Switching,1712,70.32975366364526
Risk-Aware Regime Switching,1713,83.39428244972466
Risk-Aware Regime Switching,1714,97.00278465007781
Risk-Aware Regime Switching,1715,57.78660088185331
Risk-Aware Regime Switching,1716,109.7104734247434
Risk-Aware Regime Switching,1717,120.18700826779106
Risk-Aware Regime Switching,1718,93.21182453557995
Risk-Aware Regime Switching,1719,59.425264961890534
Risk-Aware Regime Switching,1720,102.92243224729229
Risk-Aware Regime Switching,1721,107.22272463906022
Risk-Aware Regime Switching,1722,112.80764871222566
Risk-Aware Regime Switching,1723,112.4887399597275
Risk-Aware Regime Switching,1724,82.00316913835998
Risk-Aware Regime Switching,1725,150.9649961064904
Risk-Aware Regime Switching,1726,99.76598536264112
Risk-Aware Regime Switching,1727,120.31014910444271
Risk-Aware Regime Switching,1728,75.2203395153462
Risk-Aware Regime Switching,1729,146.7632766574499
Risk-Aware Regime Switching,1730,153.3442574227597
Risk-Aware Regime Switching,1731,100.24456149310275
Risk-Aware Regime Switching,1732,77.76954463034428
Risk-Aware Regime Switching,1733,109.87086080974255
Risk-Aware Regime Switching,1734,104.24231486897841
Risk-Aware Regime Switching,1735,119.70855558933368
Risk-Aware Regime Switching,1736,76.69206995309484
Risk-Aware Regime Switching,1737,76.21170210879914
Risk-Aware Regime Switching,1738,96.78034484706721
Risk-Aware Regime Switching,1739,127.34071928722027
Risk-Aware Regime Switching,1740,98.1375519185552
Risk-Aware Regime Switching,1741,98.29356224384571
Risk-Aware Regime Switching,1742,105.61945271425598
Risk-Aware Regime Switching,1743,110.09046319533724
Risk-Aware Regime Switching,1744,107.72803633282028
Risk-Aware Regime Switching,1745,64.25120004764938
Risk-Aware Regime Switching,1746,64.23401432967061
Risk-Aware Regime Switching,1747,71.45194439072233
Risk-Aware Regime Switching,1748,100.61542851224101
Risk-Aware Regime Switching,1749,139.5764850228287
Risk-Aware Regime Switching,1750,65.58424434963736
Risk-Aware Regime Switching,1751,121.26476949948133
Risk-Aware Regime Switching,1752,137.4910093809809
Risk-Aware Regime Switching,1753,75.01321147330742
Risk-Aware Regime Switching,1754,63.26842317837838
Risk-Aware Regime Switching,1755,99.52035104160524
Risk-Aware Regime Switching,1756,119.77302976268717
Risk-Aware Regime Switching,1757,95.36475630758571
Risk-Aware Regime Switching,1758,69.14261700187922
Risk-Aware Regime Switching,1759,84.47666616409272
Risk-Aware Regime Switching,1760,84.49047742826643
Risk-Aware Regime Switching,1761,142.49014062160344
Risk-Aware Regime Switching,1762,81.10058597914298
Risk-Aware Regime Switching,1763,142.03537374899904
Risk-Aware Regime Switching,1764,131.60446252607127
Risk-Aware Regime Switching,1765,120.69876507524306
Risk-Aware Regime Switching,1766,77.20038317517105
Risk-Aware Regime Switching,1767,114.09436128723505
Risk-Aware Regime Switching,1768,101.3603442426259
Risk-Aware Regime Switching,1769,107.37881417585228
Risk-Aware Regime Switching,1770,102.21806128442432
Risk-Aware Regime Switching,1771,79.59507348275872
Risk-Aware Regime Switching,1772,112.33506177228018
Risk-Aware Regime Switching,1773,97.74330413354257
Risk-Aware Regime Switching,1774,121.43750073865014
Risk-Aware Regime Switching,1775,88.9109857354263
Risk-Aware Regime Switching,1776,133.3201065583733
Risk-Aware Regime Switching,1777,124.26606621544178
Risk-Aware Regime Switching,1778,129.411757701645
Risk-Aware Regime Switching,1779,76.2898531904195
Risk-Aware Regime Switching,1780,85.01379828429998
Risk-Aware Regime Switching,1781,81.28254769564204
Risk-Aware Regime Switching,1782,112.45192609648092
Risk-Aware Regime Switching,1783,85.6358231514095
Risk-Aware Regime Switching,1784,95.41313766260797
Risk-Aware Regime Switching,1785,97.28686798410307
Risk-Aware Regime Switching,1786,129.90490307790284
Risk-Aware Regime Switching,1787,78.20496987279029
Risk-Aware Regime Switching,1788,88.58185910999535
Risk-Aware Regime Switching,1789,103.97890038373771
Risk-Aware Regime Switching,1790,99.33978298270497
Risk-Aware Regime Switching,1791,80.30724149417989
Risk-Aware Regime Switching,1792,112.11681943417496
Risk-Aware Regime Switching,1793,97.66673223886862
Risk-Aware Regime Switching,1794,93.85745528698858
Risk-Aware Regime Switching,1795,72.91500767042784
Risk-Aware Regime Switching,1796,131.82122152117418
Risk-Aware Regime Switching,1797,123.18421329256164
Risk-Aware Regime Switching,1798,64.35884246734167
Risk-Aware Regime Switching,1799,96.31929461487535
Risk-Aware Regime Switching,1800,89.42236936220466
Risk-Aware Regime Switching,1801,85.1876451261379
Risk-Aware Regime Switching,1802,81.66078753992072
Risk-Aware Regime Switching,1803,118.75464031105977
Risk-Aware Regime Switching,1804,83.83798160920084
Risk-Aware Regime Switching,1805,82.73042587682157
Risk-Aware Regime Switching,1806,94.1741897783082
Risk-Aware Regime Switching,1807,155.57477957386135
Risk-Aware Regime Switching,1808,115.55333661156224
Risk-Aware Regime Switching,1809,102.59823834431934
Risk-Aware Regime Switching,1810,101.8343565712189
Risk-Aware Regime Switching,1811,108.68828055968451
Risk-Aware Regime Switching,1812,72.32920602133376
Risk-Aware Regime Switching,1813,110.79160647112984
Risk-Aware Regime Switching,1814,75.33083043365257
Risk-Aware Regime Switching,1815,114.81109407030003
Risk-Aware Regime Switching,1816,120.16266543334682
Risk-Aware Regime Switching,1817,71.66251087512354
Risk-Aware Regime Switching,1818,97.0997833169248
Risk-Aware Regime Switching,1819,91.62924389396197
Risk-Aware Regime Switching,1820,88.15697136035216
Risk-Aware Regime Switching,1821,91.87892381591628
Risk-Aware Regime Switching,1822,122.89976931151108
Risk-Aware Regime Switching,1823,155.55420526801862
Risk-Aware Regime Switching,1824,71.65091346034275
Risk-Aware Regime Switching,1825,101.49050235211755
Risk-Aware Regime Switching,1826,78.94844378791322
Risk-Aware Regime Switching,1827,94.45675907216965
Risk-Aware Regime Switching,1828,72.31397262424004
Risk-Aware Regime Switching,1829,61.946069403147796
Risk-Aware Regime Switching,1830,59.554387452457355
Risk-Aware Regime Switching,1831,146.94499659528086
Risk-Aware Regime Switching,1832,74.08254700289586
Risk-Aware Regime Switching,1833,107.9523717786212
Risk-Aware Regime Switching,1834,127.02567827472862
Risk-Aware Regime Switching,1835,110.23965968901628
Risk-Aware Regime Switching,1836,89.33308548347637
Risk-Aware Regime Switching,1837,101.20244452562571
Risk-Aware Regime Switching,1838,74.95753912676662
Risk-Aware Regime Switching,1839,100.54169654017393
Risk-Aware Regime Switching,1840,76.06276583256853
Risk-Aware Regime Switching,1841,88.45131612056427
Risk-Aware Regime Switching,1842,74.73289928692297
Risk-Aware Regime Switching,1843,115.37795241291447
Risk-Aware Regime Switching,1844,85.4881380619272
Risk-Aware Regime Switching,1845,91.58344046425951
Risk-Aware Regime Switching,1846,98.90462442597406
Risk-Aware Regime Switching,1847,88.28918550645255
Risk-Aware Regime Switching,1848,105.82646605060066
Risk-Aware Regime Switching,1849,71.25208915190849
Risk-Aware Regime Switching,1850,102.90688571600603
Risk-Aware Regime Switching,1851,66.09385485257106
Risk-Aware Regime Switching,1852,109.63828566575297
Risk-Aware Regime Switching,1853,81.69339267521116
Risk-Aware Regime Switching,1854,73.42128631809717
Risk-Aware Regime Switching,1855,99.31195825123777
Risk-Aware Regime Switching,1856,109.27139799547412
Risk-Aware Regime Switching,1857,108.42579249588746
Risk-Aware Regime Switching,1858,102.1072896199545
Risk-Aware Regime Switching,1859,98.68278613789711
Risk-Aware Regime Switching,1860,110.49887861342744
Risk-Aware Regime Switching,1861,98.00750046652512
Risk-Aware Regime Switching,1862,97.24796514090912
Risk-Aware Regime Switching,1863,70.61348408032937
Risk-Aware Regime Switching,1864,81.8301889097689
Risk-Aware Regime Switching,1865,77.0677761016971
Risk-Aware Regime Switching,1866,125.81290132912785
Risk-Aware Regime Switching,1867,67.61241853674831
Risk-Aware Regime Switching,1868,150.9486645069553
Risk-Aware Regime Switching,1869,137.68546104695218
Risk-Aware Regime Switching,1870,137.96355542908546
Risk-Aware Regime Switching,1871,80.85320913228902
Risk-Aware Regime Switching,1872,121.95082633427113
Risk-Aware Regime Switching,1873,107.05276495154293
Risk-Aware Regime Switching,1874,110.8956195035767
Risk-Aware Regime Switching,1875,103.5028246429525
Risk-Aware Regime Switching,1876,118.84886813298682
Risk-Aware Regime Switching,1877,138.7651185087354
Risk-Aware Regime Switching,1878,60.3754810952241
Risk-Aware Regime Switching,1879,92.42713043658522
Risk-Aware Regime Switching,1880,75.62951376215042
Risk-Aware Regime Switching,1881,100.65616141336645
Risk-Aware Regime Switching,1882,103.48400149969616
Risk-Aware Regime Switching,1883,84.55443152428123
Risk-Aware Regime Switching,1884,103.97188433409075
Risk-Aware Regime Switching,1885,173.060010875047
Risk-Aware Regime Switching,1886,116.82100667700782
Risk-Aware Regime Switching,1887,125.55426796881144
Risk-Aware Regime Switching,1888,69.39117772499462
Risk-Aware Regime Switching,1889,63.75417124187437
Risk-Aware Regime Switching,1890,81.76937933143489
Risk-Aware Regime Switching,1891,118.6272068539391
Risk-Aware Regime Switching,1892,130.2111562427311
Risk-Aware Regime Switching,1893,74.34733888085515
Risk-Aware Regime Switching,1894,66.70809093352706
Risk-Aware Regime Switching,1895,87.83798793584951
Risk-Aware Regime Switching,1896,80.456196951081
Risk-Aware Regime Switching,1897,68.26662581168058
Risk-Aware Regime Switching,1898,86.97245161344208
Risk-Aware Regime Switching,1899,81.38687056014071
Risk-Aware Regime Switching,1900,111.7584996851026
Risk-Aware Regime Switching,1901,75.6675117957344
Risk-Aware Regime Switching,1902,59.58566018147368
Risk-Aware Regime Switching,1903,101.50001735224248
Risk-Aware Regime Switching,1904,111.22740135077997
Risk-Aware Regime Switching,1905,65.9535435206122
Risk-Aware Regime Switching,1906,81.1227457080078
Risk-Aware Regime Switching,1907,138.7876284617864
Risk-Aware Regime Switching,1908,94.47144481139718
Risk-Aware Regime Switching,1909,109.96528187792694
Risk-Aware Regime Switching,1910,111.60994284563168
Risk-Aware Regime Switching,1911,107.11646597264522
Risk-Aware Regime Switching,1912,82.12178838729575
Risk-Aware Regime Switching,1913,89.29626403184366
Risk-Aware Regime Switching,1914,98.53884359316221
Risk-Aware Regime Switching,1915,137.08239446201503
Risk-Aware Regime Switching,1916,126.80259454945273
Risk-Aware Regime Switching,1917,74.35580876272408
Risk-Aware Regime Switching,1918,64.17923433745489
Risk-Aware Regime Switching,1919,68.64214321855535
Risk-Aware Regime Switching,1920,113.02059850797075
Risk-Aware Regime Switching,1921,80.53098242797412
Risk-Aware Regime Switching,1922,56.32789245954699
Risk-Aware Regime Switching,1923,77.4448843552665
Risk-Aware Regime Switching,1924,125.42176480549404
Risk-Aware Regime Switching,1925,92.2069423470522
Risk-Aware Regime Switching,1926,120.80532067370251
Risk-Aware Regime Switching,1927,145.28558240281157
Risk-Aware Regime Switching,1928,97.76586337305797
Risk-Aware Regime Switching,1929,78.29355296100219
Risk-Aware Regime Switching,1930,90.0295580135969
Risk-Aware Regime Switching,1931,117.67511396193208
Risk-Aware Regime Switching,1932,132.44353611765098
Risk-Aware Regime Switching,1933,125.66605930180732
Risk-Aware Regime Switching,1934,83.27084220275435
Risk-Aware Regime Switching,1935,114.64079101639832
Risk-Aware Regime Switching,1936,178.2714684949076
Risk-Aware Regime Switching,1937,203.58326875358762
Risk-Aware Regime Switching,1938,93.09809285540035
Risk-Aware Regime Switching,1939,78.69339190932514
Risk-Aware Regime Switching,1940,75.84714578407052
Risk-Aware Regime Switching,1941,111.9374363374551
Risk-Aware Regime Switching,1942,121.38601791565029
Risk-Aware Regime Switching,1943,90.26711566528408
Risk-Aware Regime Switching,1944,100.74906467335838
Risk-Aware Regime Switching,1945,79.73772059066854
Risk-Aware Regime Switching,1946,88.17898503452064
Risk-Aware Regime Switching,1947,107.90756100789905
Risk-Aware Regime Switching,1948,111.76548577932289
Risk-Aware Regime Switching,1949,95.03953891676755
Risk-Aware Regime Switching,1950,130.43274663189268
Risk-Aware Regime Switching,1951,99.76304680043897
Risk-Aware Regime Switching,1952,117.4474909494988
Risk-Aware Regime Switching,1953,133.6954072764163
Risk-Aware Regime Switching,1954,47.61423274429963
Risk-Aware Regime Switching,1955,141.13691902967383
Risk-Aware Regime Switching,1956,79.68246101479053
Risk-Aware Regime Switching,1957,142.76362508062243
Risk-Aware Regime Switching,1958,60.22066005750772
Risk-Aware Regime Switching,1959,64.94104787007652
Risk-Aware Regime Switching,1960,80.53353411798824
Risk-Aware Regime Switching,1961,132.3647399423164
Risk-Aware Regime Switching,1962,99.65435218982644
Risk-Aware Regime Switching,1963,69.66419146040285
Risk-Aware Regime Switching,1964,91.34687860958185
Risk-Aware Regime Switching,1965,84.17038179230026
Risk-Aware Regime Switching,1966,103.51631106226075
Risk-Aware Regime Switching,1967,125.38069946814335
Risk-Aware Regime Switching,1968,113.07466862052937
Risk-Aware Regime Switching,1969,107.89896903493101
Risk-Aware Regime Switching,1970,107.42396476604412
Risk-Aware Regime Switching,1971,91.45515557947685
Risk-Aware Regime Switching,1972,168.58227126967597
Risk-Aware Regime Switching,1973,91.8177609759117
Risk-Aware Regime Switching,1974,114.58942978606743
Risk-Aware Regime Switching,1975,91.37789892354625
Risk-Aware Regime Switching,1976,82.91536938406246
Risk-Aware Regime Switching,1977,131.3559256380346
Risk-Aware Regime Switching,1978,95.54286812803836
Risk-Aware Regime Switching,1979,104.44947927759011
Risk-Aware Regime Switching,1980,73.81851045151508
Risk-Aware Regime Switching,1981,106.69223567437409
Risk-Aware Regime Switching,1982,108.6367754854888
Risk-Aware Regime Switching,1983,145.48697519508414
Risk-Aware Regime Switching,1984,91.37630919082244
Risk-Aware Regime Switching,1985,95.44865805141036
Risk-Aware Regime Switching,1986,138.92810480401084
Risk-Aware Regime Switching,1987,128.93277476813236
Risk-Aware Regime Switching,1988,151.79186519096976
Risk-Aware Regime Switching,1989,113.28562164608901
Risk-Aware Regime Switching,1990,94.18713990853962
Risk-Aware Regime Switching,1991,91.36893571578187
Risk-Aware Regime Switching,1992,112.46093304029768
Risk-Aware Regime Switching,1993,112.52101905196557
Risk-Aware Regime Switching,1994,61.1207336964679
Risk-Aware Regime Switching,1995,99.4845101810451
Risk-Aware Regime Switching,1996,101.51473218164024
Risk-Aware Regime Switching,1997,72.5692230951439
Risk-Aware Regime Switching,1998,129.50457152167743
Risk-Aware Regime Switching,1999,92.2629894729404
Risk-Aware Regime Switching,2000,115.81039204631436
Risk-Aware Regime Switching,2001,131.16457782567593
Risk-Aware Regime Switching,2002,64.06047323771453
Risk-Aware Regime Switching,2003,90.00007706568405
Risk-Aware Regime Switching,2004,133.84441049062693
Risk-Aware Regime Switching,2005,117.68259763583468
Risk-Aware Regime Switching,2006,82.6705574102711
Risk-Aware Regime Switching,2007,104.54474428898455
Risk-Aware Regime Switching,2008,107.11975113881338
Risk-Aware Regime Switching,2009,69.67050442349957
Risk-Aware Regime Switching,2010,87.87141851604709
Risk-Aware Regime Switching,2011,111.87929153192542
Risk-Aware Regime Switching,2012,100.75829157622162
Risk-Aware Regime Switching,2013,99.71764947279176
Risk-Aware Regime Switching,2014,128.60245507651592
Risk-Aware Regime Switching,2015,75.01579262630499
Risk-Aware Regime Switching,2016,86.03689510878867
Risk-Aware Regime Switching,2017,106.58234036204239
Risk-Aware Regime Switching,2018,104.92144745692553
Risk-Aware Regime Switching,2019,123.47045874254647
Risk-Aware Regime Switching,2020,103.61572186134124
Risk-Aware Regime Switching,2021,159.3608072815098
Risk-Aware Regime Switching,2022,60.74050903216077
Risk-Aware Regime Switching,2023,62.38223541630256
Risk-Aware Regime Switching,2024,70.800953409598
Risk-Aware Regime Switching,2025,163.9058815584595
Risk-Aware Regime Switching,2026,73.58604646194951
Risk-Aware Regime Switching,2027,90.7127128914403
Risk-Aware Regime Switching,2028,76.2723451321198
Risk-Aware Regime Switching,2029,93.77985924094926
Risk-Aware Regime Switching,2030,71.24811302502881
Risk-Aware Regime Switching,2031,144.02489371385118
Risk-Aware Regime Switching,2032,90.33374710168448
Risk-Aware Regime Switching,2033,135.147548274726
Risk-Aware Regime Switching,2034,83.4035701391032
Risk-Aware Regime Switching,2035,81.52879955661054
Risk-Aware Regime Switching,2036,77.56845621023487
Risk-Aware Regime Switching,2037,103.05557098838769
Risk-Aware Regime Switching,2038,95.98249630968515
Risk-Aware Regime Switching,2039,95.46377503148645
Risk-Aware Regime Switching,2040,113.59404274341848
Risk-Aware Regime Switching,2041,117.80210080517865
Risk-Aware Regime Switching,2042,64.74863299537135
Risk-Aware Regime Switching,2043,66.1487135015276
Risk-Aware Regime Switching,2044,74.07475729223198
Risk-Aware Regime Switching,2045,80.47605220818875
Risk-Aware Regime Switching,2046,83.73867401611906
Risk-Aware Regime Switching,2047,110.41653350902499
Risk-Aware Regime Switching,2048,73.86567446482242
Risk-Aware Regime Switching,2049,93.70709204539313
Risk-Aware Regime Switching,2050,136.53989769672128
Risk-Aware Regime Switching,2051,56.31627302799118
Risk-Aware Regime Switching,2052,109.26824654732602
Risk-Aware Regime Switching,2053,82.2847734421062
Risk-Aware Regime Switching,2054,78.31582230591589
Risk-Aware Regime Switching,2055,132.76482241995726
Risk-Aware Regime Switching,2056,107.63969286122293
Risk-Aware Regime Switching,2057,114.47464297385008
Risk-Aware Regime Switching,2058,80.39245939827637
Risk-Aware Regime Switching,2059,113.53941395176399
Risk-Aware Regime Switching,2060,116.84969103996777
Risk-Aware Regime Switching,2061,88.37824923507131
Risk-Aware Regime Switching,2062,92.44157885142033
Risk-Aware Regime Switching,2063,97.13527703056914
Risk-Aware Regime Switching,2064,133.54051012647042
Risk-Aware Regime Switching,2065,118.58184909809427
Risk-Aware Regime Switching,2066,100.51365868709136
Risk-Aware Regime Switching,2067,52.51483603218829
Risk-Aware Regime Switching,2068,97.78735456544553
Risk-Aware Regime Switching,2069,71.3944526472121
Risk-Aware Regime Switching,2070,138.85409109132084
Risk-Aware Regime Switching,2071,123.31374611026253
Risk-Aware Regime Switching,2072,111.45974087709256
Risk-Aware Regime Switching,2073,119.43902844112925
Risk-Aware Regime Switching,2074,119.82053718093
Risk-Aware Regime Switching,2075,121.989035355569
Risk-Aware Regime Switching,2076,120.8782824740442
Risk-Aware Regime Switching,2077,75.91714278939521
Risk-Aware Regime Switching,2078,105.29087615697898
Risk-Aware Regime Switching,2079,100.89498216942991
Risk-Aware Regime Switching,2080,170.1265435509607
Risk-Aware Regime Switching,2081,79.77480850804817
Risk-Aware Regime Switching,2082,119.39482319684285
Risk-Aware Regime Switching,2083,147.58590495401006
Risk-Aware Regime Switching,2084,77.25349199556824
Risk-Aware Regime Switching,2085,58.71826143718116
Risk-Aware Regime Switching,2086,132.9751114349767
Risk-Aware Regime Switching,2087,69.80230484780104
Risk-Aware Regime Switching,2088,84.89594134899868
Risk-Aware Regime Switching,2089,91.93373499529397
Risk-Aware Regime Switching,2090,95.617984956436
Risk-Aware Regime Switching,2091,60.770586260820416
Risk-Aware Regime Switching,2092,88.51973494262548
Risk-Aware Regime Switching,2093,79.5472289884316
Risk-Aware Regime Switching,2094,117.75264316531644
Risk-Aware Regime Switching,2095,96.56453012180327
Risk-Aware Regime Switching,2096,78.3440063560301
Risk-Aware Regime Switching,2097,67.49528860383822
Risk-Aware Regime Switching,2098,96.67037254359202
Risk-Aware Regime Switching,2099,114.86578840976671
Risk-Aware Regime Switching,2100,109.27151581417701
Risk-Aware Regime Switching,2101,70.3256076212963
Risk-Aware Regime Switching,2102,104.38303906480331
Risk-Aware Regime Switching,2103,119.40285671426491
Risk-Aware Regime Switching,2104,98.08940064083632
Risk-Aware Regime Switching,2105,114.04557232330575
Risk-Aware Regime Switching,2106,110.55737459704945
Risk-Aware Regime Switching,2107,72.43953251290756
Risk-Aware Regime Switching,2108,61.213182201262406
Risk-Aware Regime Switching,2109,109.27536860083235
Risk-Aware Regime Switching,2110,95.86626202539026
Risk-Aware Regime Switching,2111,85.70368528801971
Risk-Aware Regime Switching,2112,124.88341076615252
Risk-Aware Regime Switching,2113,90.2029772217881
Risk-Aware Regime Switching,2114,86.89017847052524
Risk-Aware Regime Switching,2115,132.56882622357674
Risk-Aware Regime Switching,2116,99.58859510241935
Risk-Aware Regime Switching,2117,88.57327011287816
Risk-Aware Regime Switching,2118,102.09976389315901
Risk-Aware Regime Switching,2119,91.7634580996847
Risk-Aware Regime Switching,2120,95.38447911888449
Risk-Aware Regime Switching,2121,118.77095214590963
Risk-Aware Regime Switching,2122,107.295051765896
Risk-Aware Regime Switching,2123,99.02447985408232
Risk-Aware Regime Switching,2124,67.55013681118635
Risk-Aware Regime Switching,2125,87.66737614999958
Risk-Aware Regime Switching,2126,77.68535993226331
Risk-Aware Regime Switching,2127,68.19473764373345
Risk-Aware Regime Switching,2128,52.041219932079215
Risk-Aware Regime Switching,2129,83.28249209009854
Risk-Aware Regime Switching,2130,99.50655438401526
Risk-Aware Regime Switching,2131,125.06833157084432
Risk-Aware Regime Switching,2132,93.17761873075429
Risk-Aware Regime Switching,2133,111.25510970872871
Risk-Aware Regime Switching,2134,124.61913396882139
Risk-Aware Regime Switching,2135,112.91208289659048
Risk-Aware Regime Switching,2136,139.74388433550183
Risk-Aware Regime Switching,2137,103.94463847906033
Risk-Aware Regime Switching,2138,113.6353693380604
Risk-Aware Regime Switching,2139,129.39238709149745
Risk-Aware Regime Switching,2140,89.70697930730637
Risk-Aware Regime Switching,2141,120.60392730063079
Risk-Aware Regime Switching,2142,121.95617484645199
Risk-Aware Regime Switching,2143,101.89369685820166
Risk-Aware Regime Switching,2144,73.92077912935889
Risk-Aware Regime Switching,2145,82.19521418657678
Risk-Aware Regime Switching,2146,105.63158594991937
Risk-Aware Regime Switching,2147,101.48777651082506
Risk-Aware Regime Switching,2148,113.62641559739505
Risk-Aware Regime Switching,2149,119.51989703336505
Risk-Aware Regime Switching,2150,85.09232185785109
Risk-Aware Regime Switching,2151,89.88505900702295
Risk-Aware Regime Switching,2152,197.09093256134045
Risk-Aware Regime Switching,2153,87.1016447489531
Risk-Aware Regime Switching,2154,68.39749401387921
Risk-Aware Regime Switching,2155,97.85480996049544
Risk-Aware Regime Switching,2156,82.34618587120207
Risk-Aware Regime Switching,2157,74.63463682770974
Risk-Aware Regime Switching,2158,99.44431669756187
Risk-Aware Regime Switching,2159,87.4914749970063
Risk-Aware Regime Switching,2160,93.38166863808054
Risk-Aware Regime Switching,2161,100.22743978239784
Risk-Aware Regime Switching,2162,93.94214309447517
Risk-Aware Regime Switching,2163,107.06328669725491
Risk-Aware Regime Switching,2164,159.25535877273285
Risk-Aware Regime Switching,2165,98.17994293160173
Risk-Aware Regime Switching,2166,128.88257869310465
Risk-Aware Regime Switching,2167,128.2076244167152
Risk-Aware Regime Switching,2168,65.29919561006558
Risk-Aware Regime Switching,2169,95.40414027507607
Risk-Aware Regime Switching,2170,110.67289804956908
Risk-Aware Regime Switching,2171,162.33611713955517
Risk-Aware Regime Switching,2172,84.26577219046843
Risk-Aware Regime Switching,2173,75.61311694110461
Risk-Aware Regime Switching,2174,113.49922881271621
Risk-Aware Regime Switching,2175,100.18631419119974
Risk-Aware Regime Switching,2176,94.1688464222264
Risk-Aware Regime Switching,2177,68.69281417246104
Risk-Aware Regime Switching,2178,99.19917224436271
Risk-Aware Regime Switching,2179,99.17351668909511
Risk-Aware Regime Switching,2180,152.73726866383524
Risk-Aware Regime Switching,2181,53.17758663840036
Risk-Aware Regime Switching,2182,94.68270783314658
Risk-Aware Regime Switching,2183,116.83185862883177
Risk-Aware Regime Switching,2184,58.98111049146726
Risk-Aware Regime Switching,2185,128.8869693681351
Risk-Aware Regime Switching,2186,68.68882188470079
Risk-Aware Regime Switching,2187,73.59705641362679
Risk-Aware Regime Switching,2188,102.33591263363999
Risk-Aware Regime Switching,2189,121.20299091218934
Risk-Aware Regime Switching,2190,83.3635291513931
Risk-Aware Regime Switching,2191,117.93240440796879
Risk-Aware Regime Switching,2192,104.76476518003214
Risk-Aware Regime Switching,2193,99.7193697822479
Risk-Aware Regime Switching,2194,116.76196342017577
Risk-Aware Regime Switching,2195,80.21967274939199
Risk-Aware Regime Switching,2196,170.11507322429276
Risk-Aware Regime Switching,2197,88.78940777511181
Risk-Aware Regime Switching,2198,96.28084366108212
Risk-Aware Regime Switching,2199,138.3545897087114
Risk-Aware Regime Switching,2200,69.45844664168777
Risk-Aware Regime Switching,2201,118.59582576968668
Risk-Aware Regime Switching,2202,85.91939627299226
Risk-Aware Regime Switching,2203,127.24685954517074
Risk-Aware Regime Switching,2204,112.04565136153863
Risk-Aware Regime Switching,2205,69.57139449400798
Risk-Aware Regime Switching,2206,95.22633650025848
Risk-Aware Regime Switching,2207,99.57831046043661
Risk-Aware Regime Switching,2208,131.72543406397466
Risk-Aware Regime Switching,2209,62.55722081706416
Risk-Aware Regime Switching,2210,64.78893139578275
Risk-Aware Regime Switching,2211,70.0393576706325
Risk-Aware Regime Switching,2212,97.92702683592364
Risk-Aware Regime Switching,2213,70.9163682495489
Risk-Aware Regime Switching,2214,132.18328501132194
Risk-Aware Regime Switching,2215,92.4876561202178
Risk-Aware Regime Switching,2216,75.1622465996096
Risk-Aware Regime Switching,2217,101.86696137324567
Risk-Aware Regime Switching,2218,87.38147284580259
Risk-Aware Regime Switching,2219,77.54906085753218
Risk-Aware Regime Switching,2220,106.90274035572781
Risk-Aware Regime Switching,2221,101.63494046006723
Risk-Aware Regime Switching,2222,123.2268632211498
Risk-Aware Regime Switching,2223,51.971821184025515
Risk-Aware Regime Switching,2224,77.63945172539538
Risk-Aware Regime Switching,2225,86.41175393994618
Risk-Aware Regime Switching,2226,113.60921174204215
Risk-Aware Regime Switching,2227,89.38623050694426
Risk-Aware Regime Switching,2228,97.36450361018679
Risk-Aware Regime Switching,2229,122.83453522823773
Risk-Aware Regime Switching,2230,115.15969041063214
Risk-Aware Regime Switching,2231,70.42119209369723
Risk-Aware Regime Switching,2232,101.77926696484224
Risk-Aware Regime Switching,2233,91.90826992436183
Risk-Aware Regime Switching,2234,81.65559356664983
Risk-Aware Regime Switching,2235,90.92619771855497
Risk-Aware Regime Switching,2236,69.51231719640893
Risk-Aware Regime Switching,2237,133.84243958235257
Risk-Aware Regime Switching,2238,78.77881296519072
Risk-Aware Regime Switching,2239,75.78267449817297
Risk-Aware Regime Switching,2240,82.90535084413044
Risk-Aware Regime Switching,2241,81.85420293024333
Risk-Aware Regime Switching,2242,95.41127624965647
Risk-Aware Regime Switching,2243,82.03124429237455
Risk-Aware Regime Switching,2244,95.11231177393687
Risk-Aware Regime Switching,2245,152.97241397292208
Risk-Aware Regime Switching,2246,59.87891399887027
Risk-Aware Regime Switching,2247,104.48530442465054
Risk-Aware Regime Switching,2248,72.94290867499195
Risk-Aware Regime Switching,2249,64.42947431334689
Risk-Aware Regime Switching,2250,150.87285857057867
Risk-Aware Regime Switching,2251,69.88977280445309
Risk-Aware Regime Switching,2252,134.27006547709837
Risk-Aware Regime Switching,2253,72.12453976525097
Risk-Aware Regime Switching,2254,82.39722011810855
Risk-Aware Regime Switching,2255,81.29322451834093
Risk-Aware Regime Switching,2256,99.32838630059868
Risk-Aware Regime Switching,2257,117.1825925607298
Risk-Aware Regime Switching,2258,138.5727688961332
Risk-Aware Regime Switching,2259,103.08763257917339
Risk-Aware Regime Switching,2260,137.46890266890114
Risk-Aware Regime Switching,2261,92.61110333618586
Risk-Aware Regime Switching,2262,93.54392215967037
Risk-Aware Regime Switching,2263,99.22136784028815
Risk-Aware Regime Switching,2264,112.7832700318014
Risk-Aware Regime Switching,2265,103.28327409706833
Risk-Aware Regime Switching,2266,117.51749239907798
Risk-Aware Regime Switching,2267,111.84405790337104
Risk-Aware Regime Switching,2268,152.08177932027598
Risk-Aware Regime Switching,2269,95.4976651623781
Risk-Aware Regime Switching,2270,83.4480150646717
Risk-Aware Regime Switching,2271,79.42601766071708
Risk-Aware Regime Switching,2272,117.05158511770829
Risk-Aware Regime Switching,2273,107.76948508162259
Risk-Aware Regime Switching,2274,102.64164576977373
Risk-Aware Regime Switching,2275,119.22414378379496
Risk-Aware Regime Switching,2276,71.55628660575017
Risk-Aware Regime Switching,2277,133.4581508802429
Risk-Aware Regime Switching,2278,72.36372506148496
Risk-Aware Regime Switching,2279,108.2826375737048
Risk-Aware Regime Switching,2280,73.35272279401748
Risk-Aware Regime Switching,2281,66.90500298319766
Risk-Aware Regime Switching,2282,71.32378654093189
Risk-Aware Regime Switching,2283,79.99743382777791
Risk-Aware Regime Switching,2284,81.15472425530037
Risk-Aware Regime Switching,2285,56.47090241041137
Risk-Aware Regime Switching,2286,115.01023578217237
Risk-Aware Regime Switching,2287,127.94838473122792
Risk-Aware Regime Switching,2288,81.07331780378762
Risk-Aware Regime Switching,2289,72.13958228855772
Risk-Aware Regime Switching,2290,99.92298261838711
Risk-Aware Regime Switching,2291,131.36429369853963
Risk-Aware Regime Switching,2292,88.89023792040953
Risk-Aware Regime Switching,2293,77.95043536833333
Risk-Aware Regime Switching,2294,90.46057807646176
Risk-Aware Regime Switching,2295,127.07608943943427
Risk-Aware Regime Switching,2296,183.8108977752145
Risk-Aware Regime Switching,2297,95.59375509355868
Risk-Aware Regime Switching,2298,79.71161872773023
Risk-Aware Regime Switching,2299,76.37833208414524
Risk-Aware Regime Switching,2300,86.81747023262942
Risk-Aware Regime Switching,2301,73.19861499879455
Risk-Aware Regime Switching,2302,78.89501594919646
Risk-Aware Regime Switching,2303,115.04998209339851
Risk-Aware Regime Switching,2304,79.06668030966884
Risk-Aware Regime Switching,2305,88.91194632750269
Risk-Aware Regime Switching,2306,86.11179763498139
Risk-Aware Regime Switching,2307,66.82914937790949
Risk-Aware Regime Switching,2308,71.11980057890926
Risk-Aware Regime Switching,2309,82.60347883161408
Risk-Aware Regime Switching,2310,82.19549422946201
Risk-Aware Regime Switching,2311,76.00677680474641
Risk-Aware Regime Switching,2312,108.46503270024361
Risk-Aware Regime Switching,2313,60.64946689294993
Risk-Aware Regime Switching,2314,95.9749457158439
Risk-Aware Regime Switching,2315,126.51384296792389
Risk-Aware Regime Switching,2316,140.5700898665974
Risk-Aware Regime Switching,2317,113.22750180825243
Risk-Aware Regime Switching,2318,91.6419874905855
Risk-Aware Regime Switching,2319,115.94545000720062
Risk-Aware Regime Switching,2320,130.14973126828428
Risk-Aware Regime Switching,2321,101.05563435299716
Risk-Aware Regime Switching,2322,95.40691166855174
Risk-Aware Regime Switching,2323,92.499488195525
Risk-Aware Regime Switching,2324,124.429189730507
Risk-Aware Regime Switching,2325,110.87215585027477
Risk-Aware Regime Switching,2326,102.21627279956114
Risk-Aware Regime Switching,2327,101.41018340727823
Risk-Aware Regime Switching,2328,87.69114697836007
Risk-Aware Regime Switching,2329,112.6040085126273
Risk-Aware Regime Switching,2330,131.35709554739339
Risk-Aware Regime Switching,2331,139.27614193119098
Risk-Aware Regime Switching,2332,92.70568821100045
Risk-Aware Regime Switching,2333,82.29765328646504
Risk-Aware Regime Switching,2334,101.19958991435831
Risk-Aware Regime Switching,2335,93.60075111821926
Risk-Aware Regime Switching,2336,116.97553507100294
Risk-Aware Regime Switching,2337,83.79801286373527
Risk-Aware Regime Switching,2338,104.72879817497049
Risk-Aware Regime Switching,2339,104.57264698951079
Risk-Aware Regime Switching,2340,62.82196016500458
Risk-Aware Regime Switching,2341,59.98629257609163
Risk-Aware Regime Switching,2342,81.30950907211938
Risk-Aware Regime Switching,2343,75.85593924096688
Risk-Aware Regime Switching,2344,116.9128665225218
Risk-Aware Regime Switching,2345,109.44835860719112
Risk-Aware Regime Switching,2346,72.39458810575913
Risk-Aware Regime Switching,2347,92.76450604029013
Risk-Aware Regime Switching,2348,71.97147249908703
Risk-Aware Regime Switching,2349,90.51672973556491
Risk-Aware Regime Switching,2350,90.88955556194404
Risk-Aware Regime Switching,2351,90.68554084686626
Risk-Aware Regime Switching,2352,113.42862709901512
Risk-Aware Regime Switching,2353,88.22565370880214
Risk-Aware Regime Switching,2354,71.3703479820298
Risk-Aware Regime Switching,2355,72.46513181793527
Risk-Aware Regime Switching,2356,83.27770194450991
Risk-Aware Regime Switching,2357,91.08818270097184
Risk-Aware Regime Switching,2358,109.82252826964319
Risk-Aware Regime Switching,2359,94.81255985297028
Risk-Aware Regime Switching,2360,111.32340847759707
Risk-Aware Regime Switching,2361,83.13955824474024
Risk-Aware Regime Switching,2362,79.72067169281821
Risk-Aware Regime Switching,2363,63.796831630012875
Risk-Aware Regime Switching,2364,110.4888799433287
Risk-Aware Regime Switching,2365,60.88870535132923
Risk-Aware Regime Switching,2366,61.74246661568748
Risk-Aware Regime Switching,2367,111.15315569693034
Risk-Aware Regime Switching,2368,95.1298130091091
Risk-Aware Regime Switching,2369,79.10417992836973
Risk-Aware Regime Switching,2370,129.66658732563593
Risk-Aware Regime Switching,2371,85.63483505605352
Risk-Aware Regime Switching,2372,69.69795952839156
Risk-Aware Regime Switching,2373,96.37006779251233
Risk-Aware Regime Switching,2374,114.51173043564286
Risk-Aware Regime Switching,2375,104.63672862971629
Risk-Aware Regime Switching,2376,107.32113550569267
Risk-Aware Regime Switching,2377,106.1864873010594
Risk-Aware Regime Switching,2378,100.62095920917089
Risk-Aware Regime Switching,2379,121.79294307357695
Risk-Aware Regime Switching,2380,96.00677944668506
Risk-Aware Regime Switching,2381,129.30154640094727
Risk-Aware Regime Switching,2382,89.91762492784248
Risk-Aware Regime Switching,2383,121.72846663246062
Risk-Aware Regime Switching,2384,98.49473501759634
Risk-Aware Regime Switching,2385,114.9380685657935
Risk-Aware Regime Switching,2386,92.62754951316107
Risk-Aware Regime Switching,2387,155.0789016153772
Risk-Aware Regime Switching,2388,98.57736338796848
Risk-Aware Regime Switching,2389,82.3597498556083
Risk-Aware Regime Switching,2390,80.60814552308395
Risk-Aware Regime Switching,2391,149.18234813891152
Risk-Aware Regime Switching,2392,95.77527906190289
Risk-Aware Regime Switching,2393,104.86409701068848
Risk-Aware Regime Switching,2394,92.44780054748895
Risk-Aware Regime Switching,2395,82.18705350397339
Risk-Aware Regime Switching,2396,100.62961007490576
Risk-Aware Regime Switching,2397,100.65326725521335
Risk-Aware Regime Switching,2398,135.52340474424165
Risk-Aware Regime Switching,2399,77.17493645560964
Risk-Aware Regime Switching,2400,105.5865814327352
Risk-Aware Regime Switching,2401,89.12385936316124
Risk-Aware Regime Switching,2402,132.37169707366044
Risk-Aware Regime Switching,2403,130.83535044510813
Risk-Aware Regime Switching,2404,93.16954262193079
Risk-Aware Regime Switching,2405,91.72685367157004
Risk-Aware Regime Switching,2406,90.00736771918984
Risk-Aware Regime Switching,2407,110.31971941382783
Risk-Aware Regime Switching,2408,79.44442212373872
Risk-Aware Regime Switching,2409,91.37312493624832
Risk-Aware Regime Switching,2410,83.63180304175584
Risk-Aware Regime Switching,2411,92.90612774019836
Risk-Aware Regime Switching,2412,96.39960747191824
Risk-Aware Regime Switching,2413,87.95615181130549
Risk-Aware Regime Switching,2414,172.08408703896686
Risk-Aware Regime Switching,2415,93.80791215116189
Risk-Aware Regime Switching,2416,102.26946478116407
Risk-Aware Regime Switching,2417,121.16869762669158
Risk-Aware Regime Switching,2418,92.63500409139539
Risk-Aware Regime Switching,2419,106.31767922180427
Risk-Aware Regime Switching,2420,69.20663773705623
Risk-Aware Regime Switching,2421,92.92233927961604
Risk-Aware Regime Switching,2422,104.31883474470645
Risk-Aware Regime Switching,2423,62.18902259340642
Risk-Aware Regime Switching,2424,91.52591580533054
Risk-Aware Regime Switching,2425,75.80965479412245
Risk-Aware Regime Switching,2426,92.71416677770868
Risk-Aware Regime Switching,2427,87.97142207632155
Risk-Aware Regime Switching,2428,123.55845739618067
Risk-Aware Regime Switching,2429,80.4422882772051
Risk-Aware Regime Switching,2430,129.80461887455496
Risk-Aware Regime Switching,2431,70.32093530981071
Risk-Aware Regime Switching,2432,83.54611071013423
Risk-Aware Regime Switching,2433,65.03906193949051
Risk-Aware Regime Switching,2434,74.12755505231138
Risk-Aware Regime Switching,2435,104.17973263644487
Risk-Aware Regime Switching,2436,143.48892646995117
Risk-Aware Regime Switching,2437,90.23662203253261
Risk-Aware Regime Switching,2438,89.76428870941464
Risk-Aware Regime Switching,2439,127.26729303053868
Risk-Aware Regime Switching,2440,91.33095305037966
Risk-Aware Regime Switching,2441,91.7842978819761
Risk-Aware Regime Switching,2442,113.26827190911992
Risk-Aware Regime Switching,2443,96.18560862491697
Risk-Aware Regime Switching,2444,79.51221864485349
Risk-Aware Regime Switching,2445,112.24067502257165
Risk-Aware Regime Switching,2446,114.01065876664043
Risk-Aware Regime Switching,2447,93.56257833700644
Risk-Aware Regime Switching,2448,89.7620944412015
Risk-Aware Regime Switching,2449,92.83121436015264
Risk-Aware Regime Switching,2450,124.48952017594056
Risk-Aware Regime Switching,2451,122.16418799964973
Risk-Aware Regime Switching,2452,93.53707951825602
Risk-Aware Regime Switching,2453,76.00279972983707
Risk-Aware Regime Switching,2454,79.90158208864419
Risk-Aware Regime Switching,2455,77.80659839413717
Risk-Aware Regime Switching,2456,105.95989776635221
Risk-Aware Regime Switching,2457,55.989759510653094
Risk-Aware Regime Switching,2458,99.08877980224243
Risk-Aware Regime Switching,2459,98.5315921719226
Risk-Aware Regime Switching,2460,111.65160925280955
Risk-Aware Regime Switching,2461,92.92466627007191
Risk-Aware Regime Switching,2462,127.40983138688478
Risk-Aware Regime Switching,2463,87.74151383749795
Risk-Aware Regime Switching,2464,77.14235083087324
Risk-Aware Regime Switching,2465,127.65995565172186
Risk-Aware Regime Switching,2466,96.07446444971069
Risk-Aware Regime Switching,2467,68.27402298189863
Risk-Aware Regime Switching,2468,102.2697865510899
Risk-Aware Regime Switching,2469,113.24110378351513
Risk-Aware Regime Switching,2470,104.54855505295914
Risk-Aware Regime Switching,2471,169.98044341842774
Risk-Aware Regime Switching,2472,106.22756768680526
Risk-Aware Regime Switching,2473,115.07780126285047
Risk-Aware Regime Switching,2474,168.08918362081675
Risk-Aware Regime Switching,2475,105.45725819576934
Risk-Aware Regime Switching,2476,119.58946473878575
Risk-Aware Regime Switching,2477,106.06181547780145
Risk-Aware Regime Switching,2478,112.71607374035439
Risk-Aware Regime Switching,2479,72.59087129971232
Risk-Aware Regime Switching,2480,120.16117692462105
Risk-Aware Regime Switching,2481,139.32155188338174
Risk-Aware Regime Switching,2482,125.93867742884488
Risk-Aware Regime Switching,2483,112.77668320100392
Risk-Aware Regime Switching,2484,103.85800957317397
Risk-Aware Regime Switching,2485,108.86580295637785
Risk-Aware Regime Switching,2486,100.13447431131087
Risk-Aware Regime Switching,2487,136.90843836415198
Risk-Aware Regime Switching,2488,102.3733857417225
Risk-Aware Regime Switching,2489,80.6995203689728
Risk-Aware Regime Switching,2490,102.60295053418606
Risk-Aware Regime Switching,2491,97.99020238450552
Risk-Aware Regime Switching,2492,119.01989983664807
Risk-Aware Regime Switching,2493,85.78049029437466
Risk-Aware Regime Switching,2494,54.66673367953063
Risk-Aware Regime Switching,2495,84.70076640856115
Risk-Aware Regime Switching,2496,106.55313985824316
Risk-Aware Regime Switching,2497,94.60511781631592
Risk-Aware Regime Switching,2498,83.22533703192435
Risk-Aware Regime Switching,2499,73.34093462725232
Risk-Aware Regime Switching,2500,121.50579778509054
Risk-Aware Regime Switching,2501,136.73040035958672
Risk-Aware Regime Switching,2502,86.3560996837044
Risk-Aware Regime Switching,2503,85.8929603055048
Risk-Aware Regime Switching,2504,58.35239430338911
Risk-Aware Regime Switching,2505,91.60300001006256
Risk-Aware Regime Switching,2506,90.16936767706785
Risk-Aware Regime Switching,2507,78.87782419029892
Risk-Aware Regime Switching,2508,149.77568620887166
Risk-Aware Regime Switching,2509,82.62261832094076
Risk-Aware Regime Switching,2510,89.7133228039493
Risk-Aware Regime Switching,2511,87.31177098579884
Risk-Aware Regime Switching,2512,111.6088554081067
Risk-Aware Regime Switching,2513,121.15449090629356
Risk-Aware Regime Switching,2514,102.66019750669271
Risk-Aware Regime Switching,2515,126.89691642707447
Risk-Aware Regime Switching,2516,133.0697510788902
Risk-Aware Regime Switching,2517,132.18669807438053
Risk-Aware Regime Switching,2518,62.59248076514029
Risk-Aware Regime Switching,2519,87.6952008615146
Risk-Aware Regime Switching,2520,71.9661032195655
Risk-Aware Regime Switching,2521,99.89611334536998
Risk-Aware Regime Switching,2522,120.06838844877198
Risk-Aware Regime Switching,2523,103.04225192327985
Risk-Aware Regime Switching,2524,97.52513314106083
Risk-Aware Regime Switching,2525,76.75843470834201
Risk-Aware Regime Switching,2526,85.49952394028553
Risk-Aware Regime Switching,2527,132.2644385406713
Risk-Aware Regime Switching,2528,98.13128621099601
Risk-Aware Regime Switching,2529,80.83495846881493
Risk-Aware Regime Switching,2530,81.86250116590648
Risk-Aware Regime Switching,2531,93.26767993335487
Risk-Aware Regime Switching,2532,102.36513240093174
Risk-Aware Regime Switching,2533,145.39879711333649
Risk-Aware Regime Switching,2534,130.63156421016024
Risk-Aware Regime Switching,2535,63.25679401072
Risk-Aware Regime Switching,2536,75.93420381803342
Risk-Aware Regime Switching,2537,96.34128702258431
Risk-Aware Regime Switching,2538,76.02082480133132
Risk-Aware Regime Switching,2539,90.76706059576584
Risk-Aware Regime Switching,2540,141.79200752322188
Risk-Aware Regime Switching,2541,103.05581673945288
Risk-Aware Regime Switching,2542,73.5954897543182
Risk-Aware Regime Switching,2543,67.77025885624533
Risk-Aware Regime Switching,2544,81.09487518102988
Risk-Aware Regime Switching,2545,128.5020166113367
Risk-Aware Regime Switching,2546,82.16841087271015
Risk-Aware Regime Switching,2547,106.76306297086245
Risk-Aware Regime Switching,2548,125.33565255764204
Risk-Aware Regime Switching,2549,105.84383704978416
Risk-Aware Regime Switching,2550,67.2455246814556
Risk-Aware Regime Switching,2551,97.91155873249015
Risk-Aware Regime Switching,2552,74.70151455509149
Risk-Aware Regime Switching,2553,75.92421950113997
Risk-Aware Regime Switching,2554,156.0930056261683
Risk-Aware Regime Switching,2555,80.19747339932212
Risk-Aware Regime Switching,2556,83.35403457222371
Risk-Aware Regime Switching,2557,103.27734687017136
Risk-Aware Regime Switching,2558,123.6740208977146
Risk-Aware Regime Switching,2559,144.0819950128907
Risk-Aware Regime Switching,2560,91.44746478107422
Risk-Aware Regime Switching,2561,112.62602420878862
Risk-Aware Regime Switching,2562,66.46649954094268
Risk-Aware Regime Switching,2563,98.08816509262547
Risk-Aware Regime Switching,2564,111.96336038839891
Risk-Aware Regime Switching,2565,122.90409531030177
Risk-Aware Regime Switching,2566,102.26790089674209
Risk-Aware Regime Switching,2567,104.59182001395742
Risk-Aware Regime Switching,2568,124.97275926322826
Risk-Aware Regime Switching,2569,111.70490362810635
Risk-Aware Regime Switching,2570,68.35022359310356
Risk-Aware Regime Switching,2571,104.65534507985032
Risk-Aware Regime Switching,2572,115.98332782831385
Risk-Aware Regime Switching,2573,123.92289754690565
Risk-Aware Regime Switching,2574,67.4721661373192
Risk-Aware Regime Switching,2575,101.34921923101827
Risk-Aware Regime Switching,2576,95.96080351645632
Risk-Aware Regime Switching,2577,85.83747444703145
Risk-Aware Regime Switching,2578,94.0649513856583
Risk-Aware Regime Switching,2579,88.85235794269329
Risk-Aware Regime Switching,2580,110.04071332864147
Risk-Aware Regime Switching,2581,96.36742130697597
Risk-Aware Regime Switching,2582,91.39586432362475
Risk-Aware Regime Switching,2583,103.72292649176799
Risk-Aware Regime Switching,2584,97.52299818015476
Risk-Aware Regime Switching,2585,112.13937351200991
Risk-Aware Regime Switching,2586,99.53866568759501
Risk-Aware Regime Switching,2587,82.8645630000865
Risk-Aware Regime Switching,2588,145.5097538146024
Risk-Aware Regime Switching,2589,110.8868952573002
Risk-Aware Regime Switching,2590,112.88039814244355
Risk-Aware Regime Switching,2591,120.3709323601231
Risk-Aware Regime Switching,2592,94.7772650671989
Risk-Aware Regime Switching,2593,83.21748509923931
Risk-Aware Regime Switching,2594,83.40432633134382
Risk-Aware Regime Switching,2595,134.98591336063708
Risk-Aware Regime Switching,2596,89.14214586152096
Risk-Aware Regime Switching,2597,75.27380242881668
Risk-Aware Regime Switching,2598,48.585433581821825
Risk-Aware Regime Switching,2599,100.77396514486412
Risk-Aware Regime Switching,2600,84.96687297815492
Risk-Aware Regime Switching,2601,129.3911288574264
Risk-Aware Regime Switching,2602,84.02587472464852
Risk-Aware Regime Switching,2603,74.06082309978773
Risk-Aware Regime Switching,2604,98.41706208342967
Risk-Aware Regime Switching,2605,67.61460765179395
Risk-Aware Regime Switching,2606,94.3952576438133
Risk-Aware Regime Switching,2607,89.58659283187485
Risk-Aware Regime Switching,2608,106.21951028147012
Risk-Aware Regime Switching,2609,123.81707163834822
Risk-Aware Regime Switching,2610,108.62715164977288
Risk-Aware Regime Switching,2611,72.0647553671984
Risk-Aware Regime Switching,2612,76.3235916527105
Risk-Aware Regime Switching,2613,105.36417703490935
Risk-Aware Regime Switching,2614,108.6410750772953
Risk-Aware Regime Switching,2615,102.0702764382307
Risk-Aware Regime Switching,2616,103.69388672005128
Risk-Aware Regime Switching,2617,90.71629684217933
Risk-Aware Regime Switching,2618,125.87521194031628
Risk-Aware Regime Switching,2619,88.10397172078775
Risk-Aware Regime Switching,2620,141.52822399704746
Risk-Aware Regime Switching,2621,91.69859243746714
Risk-Aware Regime Switching,2622,133.64086500000514
Risk-Aware Regime Switching,2623,85.69684345494898
Risk-Aware Regime Switching,2624,174.94353579320517
Risk-Aware Regime Switching,2625,109.5047650077024
Risk-Aware Regime Switching,2626,118.32497207350589
Risk-Aware Regime Switching,2627,97.21909788677785
Risk-Aware Regime Switching,2628,116.97503277905233
Risk-Aware Regime Switching,2629,109.06772050638509
Risk-Aware Regime Switching,2630,91.19687689413182
Risk-Aware Regime Switching,2631,90.3420015420988
Risk-Aware Regime Switching,2632,87.27142034902842
Risk-Aware Regime Switching,2633,81.96252403137446
Risk-Aware Regime Switching,2634,141.27994593205008
Risk-Aware Regime Switching,2635,113.69406518113476
Risk-Aware Regime Switching,2636,95.74948667263716
Risk-Aware Regime Switching,2637,124.79098700097535
Risk-Aware Regime Switching,2638,45.95615140019761
Risk-Aware Regime Switching,2639,108.7786809287913
Risk-Aware Regime Switching,2640,118.24079950853155
Risk-Aware Regime Switching,2641,107.30403776367314
Risk-Aware Regime Switching,2642,110.73281220440758
Risk-Aware Regime Switching,2643,94.98918721696656
Risk-Aware Regime Switching,2644,101.13529657182252
Risk-Aware Regime Switching,2645,93.14964200811232
Risk-Aware Regime Switching,2646,115.55648848360262
Risk-Aware Regime Switching,2647,102.91145346702922
Risk-Aware Regime Switching,2648,84.24044903125478
Risk-Aware Regime Switching,2649,120.87851847283689
Risk-Aware Regime Switching,2650,129.2784465276284
Risk-Aware Regime Switching,2651,89.29328305368215
Risk-Aware Regime Switching,2652,87.20513192046039
Risk-Aware Regime Switching,2653,83.48517170906383
Risk-Aware Regime Switching,2654,142.78765032756277
Risk-Aware Regime Switching,2655,112.01909984669432
Risk-Aware Regime Switching,2656,104.94216990513804
Risk-Aware Regime Switching,2657,97.29900532219357
Risk-Aware Regime Switching,2658,133.6009168079967
Risk-Aware Regime Switching,2659,79.91033741692229
Risk-Aware Regime Switching,2660,142.2624929021091
Risk-Aware Regime Switching,2661,116.5462720332466
Risk-Aware Regime Switching,2662,72.3065375248522
Risk-Aware Regime Switching,2663,131.4980594929987
Risk-Aware Regime Switching,2664,115.94147213647683
Risk-Aware Regime Switching,2665,88.38478680154948
Risk-Aware Regime Switching,2666,81.35158498898546
Risk-Aware Regime Switching,2667,78.00796368379143
Risk-Aware Regime Switching,2668,88.01808420485318
Risk-Aware Regime Switching,2669,81.05822324056292
Risk-Aware Regime Switching,2670,48.424467291626414
Risk-Aware Regime Switching,2671,107.87494769609849
Risk-Aware Regime Switching,2672,74.50399687821717
Risk-Aware Regime Switching,2673,124.40136058661567
Risk-Aware Regime Switching,2674,72.5667367388674
Risk-Aware Regime Switching,2675,87.44961850822904
Risk-Aware Regime Switching,2676,86.64657645575498
Risk-Aware Regime Switching,2677,114.84584788136192
Risk-Aware Regime Switching,2678,119.5273516151441
Risk-Aware Regime Switching,2679,112.60103275884082
Risk-Aware Regime Switching,2680,52.07826804139075
Risk-Aware Regime Switching,2681,75.14509217150213
Risk-Aware Regime Switching,2682,75.63310159340658
Risk-Aware Regime Switching,2683,73.86413433891306
Risk-Aware Regime Switching,2684,88.20951857272978
Risk-Aware Regime Switching,2685,114.22178926249049
Risk-Aware Regime Switching,2686,80.2595027738862
Risk-Aware Regime Switching,2687,78.42184787207482
Risk-Aware Regime Switching,2688,86.07116696854439
Risk-Aware Regime Switching,2689,122.77485870260163
Risk-Aware Regime Switching,2690,104.18525092893245
Risk-Aware Regime Switching,2691,104.55068354129227
Risk-Aware Regime Switching,2692,120.80555721665698
Risk-Aware Regime Switching,2693,98.89914682288952
Risk-Aware Regime Switching,2694,113.60735679009125
Risk-Aware Regime Switching,2695,114.77012278730211
Risk-Aware Regime Switching,2696,81.33636587977522
Risk-Aware Regime Switching,2697,121.5762085704589
Risk-Aware Regime Switching,2698,89.93704949489722
Risk-Aware Regime Switching,2699,119.22647164809446
Risk-Aware Regime Switching,2700,85.37054936803116
Risk-Aware Regime Switching,2701,70.45683524405327
Risk-Aware Regime Switching,2702,119.67302279412655
Risk-Aware Regime Switching,2703,151.03596569551647
Risk-Aware Regime Switching,2704,106.29785883983891
Risk-Aware Regime Switching,2705,72.5706232681581
Risk-Aware Regime Switching,2706,106.33394773864508
Risk-Aware Regime Switching,2707,81.35147298734057
Risk-Aware Regime Switching,2708,91.26254211845556
Risk-Aware Regime Switching,2709,85.3928007290617
Risk-Aware Regime Switching,2710,107.69682569106918
Risk-Aware Regime Switching,2711,98.18369704171178
Risk-Aware Regime Switching,2712,58.9656852335044
Risk-Aware Regime Switching,2713,79.25901770669523
Risk-Aware Regime Switching,2714,96.17300337859427
Risk-Aware Regime Switching,2715,74.93518488956028
Risk-Aware Regime Switching,2716,117.16622661061564
Risk-Aware Regime Switching,2717,97.94469154090828
Risk-Aware Regime Switching,2718,65.71144696191716
Risk-Aware Regime Switching,2719,113.50437011631895
Risk-Aware Regime Switching,2720,69.59438665910731
Risk-Aware Regime Switching,2721,93.58938118817748
Risk-Aware Regime Switching,2722,80.544708470803
Risk-Aware Regime Switching,2723,112.69075120739633
Risk-Aware Regime Switching,2724,107.0526929737911
Risk-Aware Regime Switching,2725,153.37994049368413
Risk-Aware Regime Switching,2726,91.59926123321182
Risk-Aware Regime Switching,2727,108.8889540139913
Risk-Aware Regime Switching,2728,105.94978753372244
Risk-Aware Regime Switching,2729,139.03760523797328
Risk-Aware Regime Switching,2730,124.18190698587684
Risk-Aware Regime Switching,2731,103.18902408380633
Risk-Aware Regime Switching,2732,97.01206975131026
Risk-Aware Regime Switching,2733,149.56050522298335
Risk-Aware Regime Switching,2734,126.02975657336384
Risk-Aware Regime Switching,2735,105.08278756598297
Risk-Aware Regime Switching,2736,100.33738943206416
Risk-Aware Regime Switching,2737,120.75333179172505
Risk-Aware Regime Switching,2738,92.45344359755087
Risk-Aware Regime Switching,2739,127.87995573927158
Risk-Aware Regime Switching,2740,112.41273876870623
Risk-Aware Regime Switching,2741,51.58390445012772
Risk-Aware Regime Switching,2742,95.62476763632051
Risk-Aware Regime Switching,2743,97.83010502582734
Risk-Aware Regime Switching,2744,94.54857654522716
Risk-Aware Regime Switching,2745,70.26702348782136
Risk-Aware Regime Switching,2746,79.90360689588853
Risk-Aware Regime Switching,2747,104.97635840398019
Risk-Aware Regime Switching,2748,78.02265467353917
Risk-Aware Regime Switching,2749,144.67520757815973
Risk-Aware Regime Switching,2750,111.39049494750861
Risk-Aware Regime Switching,2751,75.55280152635721
Risk-Aware Regime Switching,2752,88.87802117573726
Risk-Aware Regime Switching,2753,72.7452190253349
Risk-Aware Regime Switching,2754,65.4093256684449
Risk-Aware Regime Switching,2755,101.76572195865783
Risk-Aware Regime Switching,2756,87.37500766753098
Risk-Aware Regime Switching,2757,123.28687983241018
Risk-Aware Regime Switching,2758,79.07335020066996
Risk-Aware Regime Switching,2759,114.9600526722982
Risk-Aware Regime Switching,2760,105.67699017699748
Risk-Aware Regime Switching,2761,118.88744766009876
Risk-Aware Regime Switching,2762,136.521325254894
Risk-Aware Regime Switching,2763,104.06031577031413
Risk-Aware Regime Switching,2764,82.73875911706233
Risk-Aware Regime Switching,2765,76.72144158954524
Risk-Aware Regime Switching,2766,65.98609703810243
Risk-Aware Regime Switching,2767,75.2151854292387
Risk-Aware Regime Switching,2768,121.76267517064178
Risk-Aware Regime Switching,2769,86.99834402205062
Risk-Aware Regime Switching,2770,86.27660671499628
Risk-Aware Regime Switching,2771,83.20414500952862
Risk-Aware Regime Switching,2772,133.82751577717252
Risk-Aware Regime Switching,2773,107.91220462188352
Risk-Aware Regime Switching,2774,93.58513797274367
Risk-Aware Regime Switching,2775,91.52777638196045
Risk-Aware Regime Switching,2776,93.94476944200068
Risk-Aware Regime Switching,2777,89.78906777831521
Risk-Aware Regime Switching,2778,94.15112978851481
Risk-Aware Regime Switching,2779,84.1255881322702
Risk-Aware Regime Switching,2780,187.12198790360176
Risk-Aware Regime Switching,2781,159.05501900045255
Risk-Aware Regime Switching,2782,90.25134905717643
Risk-Aware Regime Switching,2783,121.80062238103113
Risk-Aware Regime Switching,2784,76.79135530927954
Risk-Aware Regime Switching,2785,129.12717327623474
Risk-Aware Regime Switching,2786,88.01411637619341
Risk-Aware Regime Switching,2787,119.16648508118325
Risk-Aware Regime Switching,2788,93.44214915278062
Risk-Aware Regime Switching,2789,113.80402138111884
Risk-Aware Regime Switching,2790,85.43165451905985
Risk-Aware Regime Switching,2791,114.99105208949779
Risk-Aware Regime Switching,2792,99.44101248410516
Risk-Aware Regime Switching,2793,123.69856296740818
Risk-Aware Regime Switching,2794,98.43528550889454
Risk-Aware Regime Switching,2795,78.96572744869016
Risk-Aware Regime Switching,2796,67.28139461208238
Risk-Aware Regime Switching,2797,74.66012216296247
Risk-Aware Regime Switching,2798,90.47042090692301
Risk-Aware Regime Switching,2799,70.34289272960594
Risk-Aware Regime Switching,2800,113.55198253723367
Risk-Aware Regime Switching,2801,106.23870541075053
Risk-Aware Regime Switching,2802,68.33600000960523
Risk-Aware Regime Switching,2803,97.21412744798224
Risk-Aware Regime Switching,2804,96.94529527520874
Risk-Aware Regime Switching,2805,81.384786480583
Risk-Aware Regime Switching,2806,96.15407771251814
Risk-Aware Regime Switching,2807,78.07587228228988
Risk-Aware Regime Switching,2808,128.82853857059578
Risk-Aware Regime Switching,2809,61.57719708374844
Risk-Aware Regime Switching,2810,108.42073190998578
Risk-Aware Regime Switching,2811,90.80500181910611
Risk-Aware Regime Switching,2812,103.44887653267658
Risk-Aware Regime Switching,2813,92.65018279015364
Risk-Aware Regime Switching,2814,78.27951794396245
Risk-Aware Regime Switching,2815,117.33926438612912
Risk-Aware Regime Switching,2816,141.1100431415538
Risk-Aware Regime Switching,2817,113.3064057611374
Risk-Aware Regime Switching,2818,70.67765619594574
Risk-Aware Regime Switching,2819,88.07457666169807
Risk-Aware Regime Switching,2820,122.54175913978278
Risk-Aware Regime Switching,2821,78.35719342326463
Risk-Aware Regime Switching,2822,87.02973180981945
Risk-Aware Regime Switching,2823,93.90179910382248
Risk-Aware Regime Switching,2824,75.46703388006907
Risk-Aware Regime Switching,2825,138.48795620405195
Risk-Aware Regime Switching,2826,90.06995229589829
Risk-Aware Regime Switching,2827,83.37723893938588
Risk-Aware Regime Switching,2828,122.04881569830688
Risk-Aware Regime Switching,2829,81.64100672464718
Risk-Aware Regime Switching,2830,118.03400831770917
Risk-Aware Regime Switching,2831,119.08211809579545
Risk-Aware Regime Switching,2832,100.82434520138317
Risk-Aware Regime Switching,2833,82.0711330789598
Risk-Aware Regime Switching,2834,83.5341780960227
Risk-Aware Regime Switching,2835,79.39181002732487
Risk-Aware Regime Switching,2836,75.26529928583376
Risk-Aware Regime Switching,2837,66.9271374542561
Risk-Aware Regime Switching,2838,99.37512064790165
Risk-Aware Regime Switching,2839,104.7695042169839
Risk-Aware Regime Switching,2840,105.74383634326632
Risk-Aware Regime Switching,2841,82.81298428957894
Risk-Aware Regime Switching,2842,102.26078040477601
Risk-Aware Regime Switching,2843,89.30250287701999
Risk-Aware Regime Switching,2844,98.3664568440633
Risk-Aware Regime Switching,2845,73.72532195111577
Risk-Aware Regime Switching,2846,97.08204103396713
Risk-Aware Regime Switching,2847,95.1055344688933
Risk-Aware Regime Switching,2848,106.36764283283793
Risk-Aware Regime Switching,2849,116.81599189067313
Risk-Aware Regime Switching,2850,104.74187760779745
Risk-Aware Regime Switching,2851,107.28861138289317
Risk-Aware Regime Switching,2852,69.64551236562482
Risk-Aware Regime Switching,2853,107.10814042534771
Risk-Aware Regime Switching,2854,77.1866530103196
Risk-Aware Regime Switching,2855,115.18887588860134
Risk-Aware Regime Switching,2856,82.93905701024377
Risk-Aware Regime Switching,2857,101.23423434827885
Risk-Aware Regime Switching,2858,65.4215479275592
Risk-Aware Regime Switching,2859,101.99413230084274
Risk-Aware Regime Switching,2860,106.54819925794337
Risk-Aware Regime Switching,2861,109.99513102656711
Risk-Aware Regime Switching,2862,115.12050285771748
Risk-Aware Regime Switching,2863,88.5843444660474
Risk-Aware Regime Switching,2864,103.30264793654227
Risk-Aware Regime Switching,2865,102.64460528678497
Risk-Aware Regime Switching,2866,91.82792504492492
Risk-Aware Regime Switching,2867,83.23680965237385
Risk-Aware Regime Switching,2868,68.46349940481527
Risk-Aware Regime Switching,2869,152.13418158495142
Risk-Aware Regime Switching,2870,102.79564308025728
Risk-Aware Regime Switching,2871,119.48337850317088
Risk-Aware Regime Switching,2872,109.7145979712697
Risk-Aware Regime Switching,2873,135.1673184136139
Risk-Aware Regime Switching,2874,108.3061228053936
Risk-Aware Regime Switching,2875,98.18299763982439
Risk-Aware Regime Switching,2876,101.34484993167922
Risk-Aware Regime Switching,2877,108.56813652525821
Risk-Aware Regime Switching,2878,104.80051629292247
Risk-Aware Regime Switching,2879,96.66469155606478
Risk-Aware Regime Switching,2880,68.606454607087
Risk-Aware Regime Switching,2881,82.179662079199
Risk-Aware Regime Switching,2882,125.79119122501967
Risk-Aware Regime Switching,2883,133.62065624361955
Risk-Aware Regime Switching,2884,113.47147324378184
Risk-Aware Regime Switching,2885,76.11281390621973
Risk-Aware Regime Switching,2886,85.77744738144312
Risk-Aware Regime Switching,2887,92.955873493307
Risk-Aware Regime Switching,2888,110.9243870768935
Risk-Aware Regime Switching,2889,81.08199931128726
Risk-Aware Regime Switching,2890,116.77042004428155
Risk-Aware Regime Switching,2891,98.27701680549173
Risk-Aware Regime Switching,2892,77.90358525476339
Risk-Aware Regime Switching,2893,78.91512071701358
Risk-Aware Regime Switching,2894,58.91502734290793
Risk-Aware Regime Switching,2895,110.51829517718721
Risk-Aware Regime Switching,2896,86.47349887470423
Risk-Aware Regime Switching,2897,64.93298088243257
Risk-Aware Regime Switching,2898,109.86063902436452
Risk-Aware Regime Switching,2899,77.75560717132073
Risk-Aware Regime Switching,2900,83.97274258501993
Risk-Aware Regime Switching,2901,110.5490576335174
Risk-Aware Regime Switching,2902,133.8101999538525
Risk-Aware Regime Switching,2903,120.19553354357895
Risk-Aware Regime Switching,2904,70.38132439785865
Risk-Aware Regime Switching,2905,97.4509638988829
Risk-Aware Regime Switching,2906,106.25707342169981
Risk-Aware Regime Switching,2907,118.74469198579203
Risk-Aware Regime Switching,2908,125.45322741457896
Risk-Aware Regime Switching,2909,105.98048334097537
Risk-Aware Regime Switching,2910,87.59051451078493
Risk-Aware Regime Switching,2911,104.2072581601096
Risk-Aware Regime Switching,2912,92.12779049961821
Risk-Aware Regime Switching,2913,111.99877880779572
Risk-Aware Regime Switching,2914,103.25928902406068
Risk-Aware Regime Switching,2915,108.84268221431077
Risk-Aware Regime Switching,2916,72.83136772373494
Risk-Aware Regime Switching,2917,125.48006381796822
Risk-Aware Regime Switching,2918,98.44685811480959
Risk-Aware Regime Switching,2919,125.19348864031414
Risk-Aware Regime Switching,2920,57.68168305290104
Risk-Aware Regime Switching,2921,104.35003187353209
Risk-Aware Regime Switching,2922,88.19050993770703
Risk-Aware Regime Switching,2923,103.41622242559893
Risk-Aware Regime Switching,2924,119.9243289618662
Risk-Aware Regime Switching,2925,85.60193065394608
Risk-Aware Regime Switching,2926,82.13332360128918
Risk-Aware Regime Switching,2927,90.92287683007423
Risk-Aware Regime Switching,2928,91.0736494237665
Risk-Aware Regime Switching,2929,105.03150084360375
Risk-Aware Regime Switching,2930,101.62035325497705
Risk-Aware Regime Switching,2931,81.05473424172156
Risk-Aware Regime Switching,2932,118.75777088946475
Risk-Aware Regime Switching,2933,129.0235946236469
Risk-Aware Regime Switching,2934,76.60962296878722
Risk-Aware Regime Switching,2935,116.33677702404613
Risk-Aware Regime Switching,2936,136.1004143558029
Risk-Aware Regime Switching,2937,89.06413969936062
Risk-Aware Regime Switching,2938,88.69337636009067
Risk-Aware Regime Switching,2939,90.53527340751513
Risk-Aware Regime Switching,2940,108.15649776741263
Risk-Aware Regime Switching,2941,84.29725465305722
Risk-Aware Regime Switching,2942,90.21597734471393
Risk-Aware Regime Switching,2943,80.55499955902602
Risk-Aware Regime Switching,2944,78.31854197302978
Risk-Aware Regime Switching,2945,103.34734805775336
Risk-Aware Regime Switching,2946,71.17929731132011
Risk-Aware Regime Switching,2947,101.36702725894209
Risk-Aware Regime Switching,2948,97.21717307634056
Risk-Aware Regime Switching,2949,109.26902380589026
Risk-Aware Regime Switching,2950,93.09874857548185
Risk-Aware Regime Switching,2951,178.4328703391478
Risk-Aware Regime Switching,2952,105.55012994393256
Risk-Aware Regime Switching,2953,66.00803865269394
Risk-Aware Regime Switching,2954,72.45243461880571
Risk-Aware Regime Switching,2955,110.05854124707675
Risk-Aware Regime Switching,2956,77.66081964931647
Risk-Aware Regime Switching,2957,134.5377422467379
Risk-Aware Regime Switching,2958,126.15172694136069
Risk-Aware Regime Switching,2959,98.60637802307669
Risk-Aware Regime Switching,2960,84.04310735842742
Risk-Aware Regime Switching,2961,90.16892193476993
Risk-Aware Regime Switching,2962,80.43189863682694
Risk-Aware Regime Switching,2963,118.78206558380158
Risk-Aware Regime Switching,2964,117.31310654015827
Risk-Aware Regime Switching,2965,82.58911143484795
Risk-Aware Regime Switching,2966,108.12004206332404
Risk-Aware Regime Switching,2967,84.31422723606222
Risk-Aware Regime Switching,2968,153.73663917717687
Risk-Aware Regime Switching,2969,61.30113215155865
Risk-Aware Regime Switching,2970,88.0757262898887
Risk-Aware Regime Switching,2971,135.37216188980804
Risk-Aware Regime Switching,2972,78.94638133313356
Risk-Aware Regime Switching,2973,150.5033839011306
Risk-Aware Regime Switching,2974,110.55726936381762
Risk-Aware Regime Switching,2975,102.6946603029788
Risk-Aware Regime Switching,2976,116.59272151705578
Risk-Aware Regime Switching,2977,71.9720328066526
Risk-Aware Regime Switching,2978,86.11622517780452
Risk-Aware Regime Switching,2979,149.55535222591314
Risk-Aware Regime Switching,2980,86.8264813315951
Risk-Aware Regime Switching,2981,99.65373218222054
Risk-Aware Regime Switching,2982,158.36407684273985
Risk-Aware Regime Switching,2983,93.74754881874331
Risk-Aware Regime Switching,2984,110.84538030182658
Risk-Aware Regime Switching,2985,171.04658194255558
Risk-Aware Regime Switching,2986,92.86702853198044
Risk-Aware Regime Switching,2987,89.83735140833001
Risk-Aware Regime Switching,2988,163.52522030122142
Risk-Aware Regime Switching,2989,83.51292744302428
Risk-Aware Regime Switching,2990,91.44037980719682
Risk-Aware Regime Switching,2991,46.705388044582605
Risk-Aware Regime Switching,2992,100.73958344908536
Risk-Aware Regime Switching,2993,107.95037546649044
Risk-Aware Regime Switching,2994,73.57900175145863
Risk-Aware Regime Switching,2995,99.68015230139704
Risk-Aware Regime Switching,2996,99.01745460655988
Risk-Aware Regime Switching,2997,69.37716499733081
Risk-Aware Regime Switching,2998,59.5539780099765
Risk-Aware Regime Switching,2999,86.85097750328862
Risk-Aware Regime Switching,3000,101.91261530208526
Risk-Aware Regime Switching,3001,69.44838274846393
Risk-Aware Regime Switching,3002,92.01369541937976
Risk-Aware Regime Switching,3003,75.1770402712958
Risk-Aware Regime Switching,3004,67.44168627804233
Risk-Aware Regime Switching,3005,150.77584951619636
Risk-Aware Regime Switching,3006,103.201347584925
Risk-Aware Regime Switching,3007,79.14677201451775
Risk-Aware Regime Switching,3008,86.27625842770364
Risk-Aware Regime Switching,3009,65.78648479848954
Risk-Aware Regime Switching,3010,100.09934940992005
Risk-Aware Regime Switching,3011,122.50499474898551
Risk-Aware Regime Switching,3012,90.9685666248437
Risk-Aware Regime Switching,3013,139.38609051987373
Risk-Aware Regime Switching,3014,98.19169323657897
Risk-Aware Regime Switching,3015,82.18149803266157
Risk-Aware Regime Switching,3016,103.24516000722777
Risk-Aware Regime Switching,3017,109.61152242807815
Risk-Aware Regime Switching,3018,79.42605407707075
Risk-Aware Regime Switching,3019,74.33049208245518
Risk-Aware Regime Switching,3020,112.26395577846846
Risk-Aware Regime Switching,3021,136.83629541837533
Risk-Aware Regime Switching,3022,156.75429250328233
Risk-Aware Regime Switching,3023,109.18997530439268
Risk-Aware Regime Switching,3024,95.49968729179113
Risk-Aware Regime Switching,3025,81.08058652632516
Risk-Aware Regime Switching,3026,82.37524749362352
Risk-Aware Regime Switching,3027,103.67239323216906
Risk-Aware Regime Switching,3028,100.85753958289531
Risk-Aware Regime Switching,3029,104.55117625264101
Risk-Aware Regime Switching,3030,96.55292523811741
Risk-Aware Regime Switching,3031,107.00822570248138
Risk-Aware Regime Switching,3032,84.09867013919248
Risk-Aware Regime Switching,3033,130.59137538632098
Risk-Aware Regime Switching,3034,80.33914185928691
Risk-Aware Regime Switching,3035,109.87789998871702
Risk-Aware Regime Switching,3036,76.61693729408434
Risk-Aware Regime Switching,3037,150.64064164531382
Risk-Aware Regime Switching,3038,114.01558002119366
Risk-Aware Regime Switching,3039,87.29046639570592
Risk-Aware Regime Switching,3040,57.580336048248114
Risk-Aware Regime Switching,3041,96.0353278810991
Risk-Aware Regime Switching,3042,84.07133798211888
Risk-Aware Regime Switching,3043,85.86895023040746
Risk-Aware Regime Switching,3044,89.04302305260941
Risk-Aware Regime Switching,3045,86.57818975107354
Risk-Aware Regime Switching,3046,72.21980807501366
Risk-Aware Regime Switching,3047,107.47134368058036
Risk-Aware Regime Switching,3048,83.29496665920996
Risk-Aware Regime Switching,3049,122.70891867827967
Risk-Aware Regime Switching,3050,110.17931039534463
Risk-Aware Regime Switching,3051,84.53059529428862
Risk-Aware Regime Switching,3052,82.67767019815857
Risk-Aware Regime Switching,3053,120.06238319397681
Risk-Aware Regime Switching,3054,85.66373829674943
Risk-Aware Regime Switching,3055,118.89378052920809
Risk-Aware Regime Switching,3056,97.1762513012859
Risk-Aware Regime Switching,3057,81.02726996591595
Risk-Aware Regime Switching,3058,51.189422936164206
Risk-Aware Regime Switching,3059,106.6550995380781
Risk-Aware Regime Switching,3060,76.90083325109264
Risk-Aware Regime Switching,3061,81.47406707557694
Risk-Aware Regime Switching,3062,82.71300588848986
Risk-Aware Regime Switching,3063,107.16572514607007
Risk-Aware Regime Switching,3064,101.00657858959154
Risk-Aware Regime Switching,3065,56.17820485712169
Risk-Aware Regime Switching,3066,102.35506710565568
Risk-Aware Regime Switching,3067,58.910501105767125
Risk-Aware Regime Switching,3068,145.04743877213738
Risk-Aware Regime Switching,3069,105.55446087941587
Risk-Aware Regime Switching,3070,81.60463259847963
Risk-Aware Regime Switching,3071,81.35858061960845
Risk-Aware Regime Switching,3072,100.63616490597207
Risk-Aware Regime Switching,3073,66.48430183663312
Risk-Aware Regime Switching,3074,153.04521986304206
Risk-Aware Regime Switching,3075,98.83258915097694
Risk-Aware Regime Switching,3076,89.42417074573844
Risk-Aware Regime Switching,3077,79.25138496734758
Risk-Aware Regime Switching,3078,74.88486760591331
Risk-Aware Regime Switching,3079,101.23789022241898
Risk-Aware Regime Switching,3080,77.23243840025266
Risk-Aware Regime Switching,3081,165.21414669535093
Risk-Aware Regime Switching,3082,127.34688010566508
Risk-Aware Regime Switching,3083,107.37752739904141
Risk-Aware Regime Switching,3084,83.96250476104129
Risk-Aware Regime Switching,3085,135.29012474806441
Risk-Aware Regime Switching,3086,62.39365550378106
Risk-Aware Regime Switching,3087,90.3139151971008
Risk-Aware Regime Switching,3088,83.74294144696188
Risk-Aware Regime Switching,3089,94.83041946738736
Risk-Aware Regime Switching,3090,60.6984960630444
Risk-Aware Regime Switching,3091,101.59615490466301
Risk-Aware Regime Switching,3092,87.39594917923833
Risk-Aware Regime Switching,3093,68.51378848269239
Risk-Aware Regime Switching,3094,154.29143414113372
Risk-Aware Regime Switching,3095,81.71582897427567
Risk-Aware Regime Switching,3096,120.37546895646977
Risk-Aware Regime Switching,3097,68.09749882433755
Risk-Aware Regime Switching,3098,135.0168042273657
Risk-Aware Regime Switching,3099,88.01751219890181
Risk-Aware Regime Switching,3100,83.42375377334677
Risk-Aware Regime Switching,3101,65.79851785835963
Risk-Aware Regime Switching,3102,81.21547687255564
Risk-Aware Regime Switching,3103,87.84815259372935
Risk-Aware Regime Switching,3104,79.00161674883144
Risk-Aware Regime Switching,3105,117.75258369255424
Risk-Aware Regime Switching,3106,81.73895093200476
Risk-Aware Regime Switching,3107,68.02384495585576
Risk-Aware Regime Switching,3108,60.394831881854685
Risk-Aware Regime Switching,3109,110.8235928177923
Risk-Aware Regime Switching,3110,107.63710406922098
Risk-Aware Regime Switching,3111,123.26886801615626
Risk-Aware Regime Switching,3112,77.9250346993507
Risk-Aware Regime Switching,3113,143.43524057031954
Risk-Aware Regime Switching,3114,52.04206732861193
Risk-Aware Regime Switching,3115,64.69718647542052
Risk-Aware Regime Switching,3116,61.5387851612829
Risk-Aware Regime Switching,3117,71.97694458509486
Risk-Aware Regime Switching,3118,94.14436429016219
Risk-Aware Regime Switching,3119,118.60044004337934
Risk-Aware Regime Switching,3120,146.7655082001854
Risk-Aware Regime Switching,3121,157.07584271638416
Risk-Aware Regime Switching,3122,110.95967160541574
Risk-Aware Regime Switching,3123,100.51556991393022
Risk-Aware Regime Switching,3124,94.2707429946655
Risk-Aware Regime Switching,3125,56.00627965358564
Risk-Aware Regime Switching,3126,88.00376745887398
Risk-Aware Regime Switching,3127,115.67700395593685
Risk-Aware Regime Switching,3128,90.58480240560806
Risk-Aware Regime Switching,3129,114.39462337082209
Risk-Aware Regime Switching,3130,110.15809697792409
Risk-Aware Regime Switching,3131,108.48403118322479
Risk-Aware Regime Switching,3132,101.65066369956553
Risk-Aware Regime Switching,3133,106.52445641859605
Risk-Aware Regime Switching,3134,59.52385395576684
Risk-Aware Regime Switching,3135,55.62709490997692
Risk-Aware Regime Switching,3136,103.71916362271263
Risk-Aware Regime Switching,3137,119.75538763259654
Risk-Aware Regime Switching,3138,117.29910020303129
Risk-Aware Regime Switching,3139,85.27331129543089
Risk-Aware Regime Switching,3140,90.84912729699313
Risk-Aware Regime Switching,3141,86.92718461850342
Risk-Aware Regime Switching,3142,101.52605997701806
Risk-Aware Regime Switching,3143,93.54201852964746
Risk-Aware Regime Switching,3144,149.83213280430724
Risk-Aware Regime Switching,3145,111.29428943816377
Risk-Aware Regime Switching,3146,76.46278299101203
Risk-Aware Regime Switching,3147,73.71246273891266
Risk-Aware Regime Switching,3148,89.90320981771222
Risk-Aware Regime Switching,3149,59.70465435826227
Risk-Aware Regime Switching,3150,96.67121502635045
Risk-Aware Regime Switching,3151,81.0860949856318
Risk-Aware Regime Switching,3152,111.67570096253566
Risk-Aware Regime Switching,3153,61.51192214151303
Risk-Aware Regime Switching,3154,119.34222614636212
Risk-Aware Regime Switching,3155,87.37049104193146
Risk-Aware Regime Switching,3156,90.31099638220095
Risk-Aware Regime Switching,3157,74.24648974239268
Risk-Aware Regime Switching,3158,126.73118436818842
Risk-Aware Regime Switching,3159,84.88281617069386
Risk-Aware Regime Switching,3160,77.52649983964378
Risk-Aware Regime Switching,3161,81.45634253466258
Risk-Aware Regime Switching,3162,96.01246426497383
Risk-Aware Regime Switching,3163,141.32054539072632
Risk-Aware Regime Switching,3164,98.15518233932316
Risk-Aware Regime Switching,3165,90.93563166424875
Risk-Aware Regime Switching,3166,107.38645382613879
Risk-Aware Regime Switching,3167,82.55304895357558
Risk-Aware Regime Switching,3168,105.5640341852377
Risk-Aware Regime Switching,3169,107.84423065110454
Risk-Aware Regime Switching,3170,78.36847455312864
Risk-Aware Regime Switching,3171,88.95398268845413
Risk-Aware Regime Switching,3172,129.6922299013166
Risk-Aware Regime Switching,3173,107.34994848292236
Risk-Aware Regime Switching,3174,116.14318409051391
Risk-Aware Regime Switching,3175,75.22512217512346
Risk-Aware Regime Switching,3176,89.63154569074094
Risk-Aware Regime Switching,3177,111.9772077973867
Risk-Aware Regime Switching,3178,79.58125870496366
Risk-Aware Regime Switching,3179,108.15168669068267
Risk-Aware Regime Switching,3180,94.87314349000707
Risk-Aware Regime Switching,3181,83.52984977681538
Risk-Aware Regime Switching,3182,70.27306977131354
Risk-Aware Regime Switching,3183,87.7971629472157
Risk-Aware Regime Switching,3184,98.82826792952972
Risk-Aware Regime Switching,3185,89.31463873995307
Risk-Aware Regime Switching,3186,115.35341506677443
Risk-Aware Regime Switching,3187,121.85335272420139
Risk-Aware Regime Switching,3188,121.07566896997916
Risk-Aware Regime Switching,3189,99.6431278478965
Risk-Aware Regime Switching,3190,130.64775213586162
Risk-Aware Regime Switching,3191,91.20138519942674
Risk-Aware Regime Switching,3192,117.2392980813289
Risk-Aware Regime Switching,3193,90.13218377651393
Risk-Aware Regime Switching,3194,158.53661936066916
Risk-Aware Regime Switching,3195,86.81222638094903
Risk-Aware Regime Switching,3196,82.47809177742282
Risk-Aware Regime Switching,3197,80.73667791012522
Risk-Aware Regime Switching,3198,146.5116078724125
Risk-Aware Regime Switching,3199,109.25276597829661
Risk-Aware Regime Switching,3200,104.65901766559934
Risk-Aware Regime Switching,3201,59.52596858260827
Risk-Aware Regime Switching,3202,83.20364910515332
Risk-Aware Regime Switching,3203,138.07003871400104
Risk-Aware Regime Switching,3204,107.82165524665936
Risk-Aware Regime Switching,3205,108.53147633026465
Risk-Aware Regime Switching,3206,116.33779151565177
Risk-Aware Regime Switching,3207,106.38690840568954
Risk-Aware Regime Switching,3208,122.5698522001807
Risk-Aware Regime Switching,3209,138.84926337875189
Risk-Aware Regime Switching,3210,136.51078182708335
Risk-Aware Regime Switching,3211,133.80775393566836
Risk-Aware Regime Switching,3212,75.46365724035834
Risk-Aware Regime Switching,3213,129.88380981072729
Risk-Aware Regime Switching,3214,150.50070271151887
Risk-Aware Regime Switching,3215,94.27653447774514
Risk-Aware Regime Switching,3216,126.26246649396577
Risk-Aware Regime Switching,3217,72.57718362658491
Risk-Aware Regime Switching,3218,69.62339821276615
Risk-Aware Regime Switching,3219,119.3744863357635
Risk-Aware Regime Switching,3220,93.12580791553023
Risk-Aware Regime Switching,3221,104.91155298365422
Risk-Aware Regime Switching,3222,82.2507721377264
Risk-Aware Regime Switching,3223,67.90449285236878
Risk-Aware Regime Switching,3224,106.38094711383165
Risk-Aware Regime Switching,3225,75.89198234129478
Risk-Aware Regime Switching,3226,95.33483731460213
Risk-Aware Regime Switching,3227,78.21401855617567
Risk-Aware Regime Switching,3228,96.53267487117618
Risk-Aware Regime Switching,3229,140.1005071687123
Risk-Aware Regime Switching,3230,128.28792446876187
Risk-Aware Regime Switching,3231,78.52024085198535
Risk-Aware Regime Switching,3232,156.16337448829287
Risk-Aware Regime Switching,3233,108.75355732933916
Risk-Aware Regime Switching,3234,141.46976960329212
Risk-Aware Regime Switching,3235,51.95191627227085
Risk-Aware Regime Switching,3236,63.4639661041571
Risk-Aware Regime Switching,3237,95.52072767415247
Risk-Aware Regime Switching,3238,100.88418092035664
Risk-Aware Regime Switching,3239,62.96077563602027
Risk-Aware Regime Switching,3240,78.92601450907726
Risk-Aware Regime Switching,3241,114.79002336456514
Risk-Aware Regime Switching,3242,111.09612531027078
Risk-Aware Regime Switching,3243,88.05286945165123
Risk-Aware Regime Switching,3244,78.30771614854794
Risk-Aware Regime Switching,3245,102.50763483242544
Risk-Aware Regime Switching,3246,135.86932004867023
Risk-Aware Regime Switching,3247,134.36286403332304
Risk-Aware Regime Switching,3248,135.65062008158725
Risk-Aware Regime Switching,3249,92.46435200659855
Risk-Aware Regime Switching,3250,111.25125539354946
Risk-Aware Regime Switching,3251,91.3429924036059
Risk-Aware Regime Switching,3252,72.62525210497776
Risk-Aware Regime Switching,3253,98.52506792276134
Risk-Aware Regime Switching,3254,122.82465861009742
Risk-Aware Regime Switching,3255,66.19586007294731
Risk-Aware Regime Switching,3256,107.38630057683889
Risk-Aware Regime Switching,3257,48.63365535113398
Risk-Aware Regime Switching,3258,65.81471974993917
Risk-Aware Regime Switching,3259,84.15444249142263
Risk-Aware Regime Switching,3260,69.89591095339763
Risk-Aware Regime Switching,3261,135.64459241794972
Risk-Aware Regime Switching,3262,89.54086953614441
Risk-Aware Regime Switching,3263,102.36148842838959
Risk-Aware Regime Switching,3264,105.53118573529368
Risk-Aware Regime Switching,3265,114.35472327082368
Risk-Aware Regime Switching,3266,121.80651195449894
Risk-Aware Regime Switching,3267,73.3266802079161
Risk-Aware Regime Switching,3268,116.65423906442565
Risk-Aware Regime Switching,3269,126.35382722912479
Risk-Aware Regime Switching,3270,69.87519804529546
Risk-Aware Regime Switching,3271,93.8063462814564
Risk-Aware Regime Switching,3272,97.91643357974587
Risk-Aware Regime Switching,3273,111.88531895934877
Risk-Aware Regime Switching,3274,96.62311803871786
Risk-Aware Regime Switching,3275,68.83436629639273
Risk-Aware Regime Switching,3276,87.67329111545682
Risk-Aware Regime Switching,3277,144.07894488405907
Risk-Aware Regime Switching,3278,67.5577373557467
Risk-Aware Regime Switching,3279,66.78209038742183
Risk-Aware Regime Switching,3280,64.53629376742826
Risk-Aware Regime Switching,3281,82.3730074802561
Risk-Aware Regime Switching,3282,80.46463501878873
Risk-Aware Regime Switching,3283,93.86063619670388
Risk-Aware Regime Switching,3284,82.67815813579018
Risk-Aware Regime Switching,3285,99.35985607652896
Risk-Aware Regime Switching,3286,104.30996969440403
Risk-Aware Regime Switching,3287,85.51263416249868
Risk-Aware Regime Switching,3288,69.74302908355807
Risk-Aware Regime Switching,3289,73.66220571390446
Risk-Aware Regime Switching,3290,74.9469754911319
Risk-Aware Regime Switching,3291,87.00327767807829
Risk-Aware Regime Switching,3292,77.80966121578402
Risk-Aware Regime Switching,3293,95.26462801804941
Risk-Aware Regime Switching,3294,94.53030919980914
Risk-Aware Regime Switching,3295,118.59317530523211
Risk-Aware Regime Switching,3296,83.61958952262746
Risk-Aware Regime Switching,3297,117.93204554966219
Risk-Aware Regime Switching,3298,117.96704607075645
Risk-Aware Regime Switching,3299,71.85635015988058
Risk-Aware Regime Switching,3300,108.15580001565803
Risk-Aware Regime Switching,3301,83.05769055707941
Risk-Aware Regime Switching,3302,88.08989686469918
Risk-Aware Regime Switching,3303,107.05259273627419
Risk-Aware Regime Switching,3304,114.3780557674786
Risk-Aware Regime Switching,3305,154.19787268271705
Risk-Aware Regime Switching,3306,87.6950459084464
Risk-Aware Regime Switching,3307,121.77666540876085
Risk-Aware Regime Switching,3308,119.887695862062
Risk-Aware Regime Switching,3309,87.77038685099868
Risk-Aware Regime Switching,3310,94.11249427848601
Risk-Aware Regime Switching,3311,108.65889684942441
Risk-Aware Regime Switching,3312,108.40735314312573
Risk-Aware Regime Switching,3313,86.66465408942045
Risk-Aware Regime Switching,3314,58.011068980736844
Risk-Aware Regime Switching,3315,95.04502972346425
Risk-Aware Regime Switching,3316,98.27057202385444
Risk-Aware Regime Switching,3317,108.52865876087318
Risk-Aware Regime Switching,3318,93.46208740332543
Risk-Aware Regime Switching,3319,78.3252186610181
Risk-Aware Regime Switching,3320,124.46491269192859
Risk-Aware Regime Switching,3321,81.41439440888598
Risk-Aware Regime Switching,3322,134.65982813955682
Risk-Aware Regime Switching,3323,109.67787094244983
Risk-Aware Regime Switching,3324,85.1915839462714
Risk-Aware Regime Switching,3325,85.70839437359527
Risk-Aware Regime Switching,3326,143.5941014782932
Risk-Aware Regime Switching,3327,149.19126237338233
Risk-Aware Regime Switching,3328,123.78897665628132
Risk-Aware Regime Switching,3329,114.12391660975689
Risk-Aware Regime Switching,3330,80.59001872854147
Risk-Aware Regime Switching,3331,131.0398559239172
Risk-Aware Regime Switching,3332,49.45887611422984
Risk-Aware Regime Switching,3333,138.7567410537242
Risk-Aware Regime Switching,3334,74.60855645418013
Risk-Aware Regime Switching,3335,79.41286675299575
Risk-Aware Regime Switching,3336,122.36711661078839
Risk-Aware Regime Switching,3337,98.69381311827003
Risk-Aware Regime Switching,3338,135.88720657154371
Risk-Aware Regime Switching,3339,96.7421052115145
Risk-Aware Regime Switching,3340,87.3216166589713
Risk-Aware Regime Switching,3341,95.35890803776988
Risk-Aware Regime Switching,3342,115.6730989486491
Risk-Aware Regime Switching,3343,161.12097595374658
Risk-Aware Regime Switching,3344,139.5276396196162
Risk-Aware Regime Switching,3345,98.75364566575982
Risk-Aware Regime Switching,3346,108.35532421348049
Risk-Aware Regime Switching,3347,84.81757336670415
Risk-Aware Regime Switching,3348,92.82920739466779
Risk-Aware Regime Switching,3349,101.00634563314703
Risk-Aware Regime Switching,3350,71.28348753496651
Risk-Aware Regime Switching,3351,69.61193309197583
Risk-Aware Regime Switching,3352,70.22613371789816
Risk-Aware Regime Switching,3353,92.42626416526325
Risk-Aware Regime Switching,3354,111.69611896937764
Risk-Aware Regime Switching,3355,78.99526820098671
Risk-Aware Regime Switching,3356,113.33939226018042
Risk-Aware Regime Switching,3357,71.74641739722789
Risk-Aware Regime Switching,3358,81.3236554424254
Risk-Aware Regime Switching,3359,111.15412914134046
Risk-Aware Regime Switching,3360,103.36277283294154
Risk-Aware Regime Switching,3361,138.78894197262392
Risk-Aware Regime Switching,3362,77.04028017708376
Risk-Aware Regime Switching,3363,66.92941802659762
Risk-Aware Regime Switching,3364,122.2320775060691
Risk-Aware Regime Switching,3365,85.1993029197432
Risk-Aware Regime Switching,3366,89.6074633321587
Risk-Aware Regime Switching,3367,132.81884856786107
Risk-Aware Regime Switching,3368,92.12543946234874
Risk-Aware Regime Switching,3369,74.7664701561668
Risk-Aware Regime Switching,3370,122.63707226147832
Risk-Aware Regime Switching,3371,158.01912369153078
Risk-Aware Regime Switching,3372,117.13973512265865
Risk-Aware Regime Switching,3373,99.32096237804464
Risk-Aware Regime Switching,3374,81.68375296141728
Risk-Aware Regime Switching,3375,125.60162431392372
Risk-Aware Regime Switching,3376,87.80942580184676
Risk-Aware Regime Switching,3377,98.14895996796115
Risk-Aware Regime Switching,3378,141.49377942240744
Risk-Aware Regime Switching,3379,82.92122587047828
Risk-Aware Regime Switching,3380,65.42882546935617
Risk-Aware Regime Switching,3381,132.45314047086984
Risk-Aware Regime Switching,3382,63.94239526056212
Risk-Aware Regime Switching,3383,61.63965445836311
Risk-Aware Regime Switching,3384,109.17910503738418
Risk-Aware Regime Switching,3385,121.44121360164199
Risk-Aware Regime Switching,3386,82.68217792648197
Risk-Aware Regime Switching,3387,111.36148318301842
Risk-Aware Regime Switching,3388,115.25309108601833
Risk-Aware Regime Switching,3389,112.40829141804399
Risk-Aware Regime Switching,3390,169.3986808002779
Risk-Aware Regime Switching,3391,80.39108816779684
Risk-Aware Regime Switching,3392,73.63096676827209
Risk-Aware Regime Switching,3393,122.00356425204207
Risk-Aware Regime Switching,3394,78.01795061621684
Risk-Aware Regime Switching,3395,90.68840839133595
Risk-Aware Regime Switching,3396,107.97426964607408
Risk-Aware Regime Switching,3397,104.48563418605414
Risk-Aware Regime Switching,3398,97.69482667537002
Risk-Aware Regime Switching,3399,122.60948979729311
Risk-Aware Regime Switching,3400,94.46366177558173
Risk-Aware Regime Switching,3401,84.15813887980588
Risk-Aware Regime Switching,3402,109.55025420024734
Risk-Aware Regime Switching,3403,79.23598561487051
Risk-Aware Regime Switching,3404,85.09155102561613
Risk-Aware Regime Switching,3405,154.97379725280962
Risk-Aware Regime Switching,3406,114.17615203372229
Risk-Aware Regime Switching,3407,92.13891851530825
Risk-Aware Regime Switching,3408,89.24143287944696
Risk-Aware Regime Switching,3409,114.68199251812712
Risk-Aware Regime Switching,3410,108.95169621739069
Risk-Aware Regime Switching,3411,66.90206279351621
Risk-Aware Regime Switching,3412,92.71174263424933
Risk-Aware Regime Switching,3413,63.66445717068445
Risk-Aware Regime Switching,3414,89.11231516035335
Risk-Aware Regime Switching,3415,108.66831121521325
Risk-Aware Regime Switching,3416,118.8385254430207
Risk-Aware Regime Switching,3417,125.28774366837258
Risk-Aware Regime Switching,3418,100.6780378278999
Risk-Aware Regime Switching,3419,67.61078277711398
Risk-Aware Regime Switching,3420,65.9314679441821
Risk-Aware Regime Switching,3421,80.53057593334267
Risk-Aware Regime Switching,3422,106.79391860921629
Risk-Aware Regime Switching,3423,111.67801975607998
Risk-Aware Regime Switching,3424,85.94439841493754
Risk-Aware Regime Switching,3425,101.6453110030264
Risk-Aware Regime Switching,3426,112.98060740886176
Risk-Aware Regime Switching,3427,82.97993658284096
Risk-Aware Regime Switching,3428,80.54728346836579
Risk-Aware Regime Switching,3429,83.540108960587
Risk-Aware Regime Switching,3430,95.27612675797056
Risk-Aware Regime Switching,3431,113.22254156399548
Risk-Aware Regime Switching,3432,162.73739717494908
Risk-Aware Regime Switching,3433,120.73382566374889
Risk-Aware Regime Switching,3434,107.35293644407187
Risk-Aware Regime Switching,3435,98.66998193776594
Risk-Aware Regime Switching,3436,75.17776779442852
Risk-Aware Regime Switching,3437,127.28326946772086
Risk-Aware Regime Switching,3438,101.38108571891131
Risk-Aware Regime Switching,3439,88.18117083031774
Risk-Aware Regime Switching,3440,96.81916985077122
Risk-Aware Regime Switching,3441,87.40277228206301
Risk-Aware Regime Switching,3442,98.01588349776017
Risk-Aware Regime Switching,3443,85.20985993306599
Risk-Aware Regime Switching,3444,118.55976871678222
Risk-Aware Regime Switching,3445,81.63026881438307
Risk-Aware Regime Switching,3446,82.20027040733414
Risk-Aware Regime Switching,3447,139.18774941647033
Risk-Aware Regime Switching,3448,58.28067380431223
Risk-Aware Regime Switching,3449,96.23625546731506
Risk-Aware Regime Switching,3450,106.11598314295037
Risk-Aware Regime Switching,3451,90.58060901161478
Risk-Aware Regime Switching,3452,104.34486028851725
Risk-Aware Regime Switching,3453,86.17575359055091
Risk-Aware Regime Switching,3454,121.92657508551943
Risk-Aware Regime Switching,3455,120.49267497286964
Risk-Aware Regime Switching,3456,99.99120614465491
Risk-Aware Regime Switching,3457,65.7017490886733
Risk-Aware Regime Switching,3458,122.28763240294775
Risk-Aware Regime Switching,3459,95.83362731019946
Risk-Aware Regime Switching,3460,115.44956937109438
Risk-Aware Regime Switching,3461,96.57518167734666
Risk-Aware Regime Switching,3462,117.31279599098387
Risk-Aware Regime Switching,3463,120.68759307766967
Risk-Aware Regime Switching,3464,93.74497778244387
Risk-Aware Regime Switching,3465,86.94742263462135
Risk-Aware Regime Switching,3466,93.47271844428859
Risk-Aware Regime Switching,3467,79.7319328082268
Risk-Aware Regime Switching,3468,114.45862411677716
Risk-Aware Regime Switching,3469,95.0124864412734
Risk-Aware Regime Switching,3470,69.56188202089378
Risk-Aware Regime Switching,3471,95.20663779894755
Risk-Aware Regime Switching,3472,95.79106144164508
Risk-Aware Regime Switching,3473,82.52932371728723
Risk-Aware Regime Switching,3474,124.79680555430357
Risk-Aware Regime Switching,3475,149.1413206705596
Risk-Aware Regime Switching,3476,126.56804889313342
Risk-Aware Regime Switching,3477,73.82830741152348
Risk-Aware Regime Switching,3478,69.44453818555533
Risk-Aware Regime Switching,3479,78.87828722093256
Risk-Aware Regime Switching,3480,128.73800282480818
Risk-Aware Regime Switching,3481,112.56399140951024
Risk-Aware Regime Switching,3482,83.61332139421845
Risk-Aware Regime Switching,3483,57.9114399492341
Risk-Aware Regime Switching,3484,78.65912513260065
Risk-Aware Regime Switching,3485,73.88591767676405
Risk-Aware Regime Switching,3486,74.25027817295347
Risk-Aware Regime Switching,3487,102.19301425190632
Risk-Aware Regime Switching,3488,115.89425119216543
Risk-Aware Regime Switching,3489,98.63501091883977
Risk-Aware Regime Switching,3490,100.1973610811228
Risk-Aware Regime Switching,3491,110.14968395132459
Risk-Aware Regime Switching,3492,117.80321160548168
Risk-Aware Regime Switching,3493,90.80888082399639
Risk-Aware Regime Switching,3494,119.09229267382094
Risk-Aware Regime Switching,3495,136.236531252618
Risk-Aware Regime Switching,3496,116.6030362636085
Risk-Aware Regime Switching,3497,106.62179751165921
Risk-Aware Regime Switching,3498,103.64697141830774
Risk-Aware Regime Switching,3499,54.63214423170981
Risk-Aware Regime Switching,3500,96.6314054243354
Risk-Aware Regime Switching,3501,82.77551623081573
Risk-Aware Regime Switching,3502,106.53952443602905
Risk-Aware Regime Switching,3503,84.71354701664629
Risk-Aware Regime Switching,3504,121.16553108522099
Risk-Aware Regime Switching,3505,89.59763066771795
Risk-Aware Regime Switching,3506,124.28780118929774
Risk-Aware Regime Switching,3507,135.1039431829818
Risk-Aware Regime Switching,3508,97.03200780831398
Risk-Aware Regime Switching,3509,115.58512632856173
Risk-Aware Regime Switching,3510,66.34280239259354
Risk-Aware Regime Switching,3511,91.39294891677098
Risk-Aware Regime Switching,3512,97.98122645325802
Risk-Aware Regime Switching,3513,97.7835468541317
Risk-Aware Regime Switching,3514,146.00080264003955
Risk-Aware Regime Switching,3515,81.09510865072683
Risk-Aware Regime Switching,3516,96.79160523135285
Risk-Aware Regime Switching,3517,97.40518970316852
Risk-Aware Regime Switching,3518,94.71413230891262
Risk-Aware Regime Switching,3519,83.67795268247131
Risk-Aware Regime Switching,3520,151.62506429418116
Risk-Aware Regime Switching,3521,99.32118098314308
Risk-Aware Regime Switching,3522,90.71696496500452
Risk-Aware Regime Switching,3523,150.18112135575237
Risk-Aware Regime Switching,3524,87.56169132556832
Risk-Aware Regime Switching,3525,84.87959959367723
Risk-Aware Regime Switching,3526,82.52859372029361
Risk-Aware Regime Switching,3527,118.84046800146417
Risk-Aware Regime Switching,3528,63.012044838432836
Risk-Aware Regime Switching,3529,155.01780179969808
Risk-Aware Regime Switching,3530,115.11837623511994
Risk-Aware Regime Switching,3531,113.579197529201
Risk-Aware Regime Switching,3532,77.77352339786282
Risk-Aware Regime Switching,3533,107.45197469425068
Risk-Aware Regime Switching,3534,96.06700072467464
Risk-Aware Regime Switching,3535,87.24300711965654
Risk-Aware Regime Switching,3536,96.32557863308286
Risk-Aware Regime Switching,3537,126.38493073455794
Risk-Aware Regime Switching,3538,58.807343002398184
Risk-Aware Regime Switching,3539,115.93996398865316
Risk-Aware Regime Switching,3540,88.0120885528266
Risk-Aware Regime Switching,3541,87.21554996293006
Risk-Aware Regime Switching,3542,93.4544288619057
Risk-Aware Regime Switching,3543,120.44849461337147
Risk-Aware Regime Switching,3544,79.5597665802315
Risk-Aware Regime Switching,3545,71.15644773317287
Risk-Aware Regime Switching,3546,87.00102781746857
Risk-Aware Regime Switching,3547,182.66579912192222
Risk-Aware Regime Switching,3548,135.2248198950855
Risk-Aware Regime Switching,3549,65.25285105242932
Risk-Aware Regime Switching,3550,113.54459689257928
Risk-Aware Regime Switching,3551,96.91210091417075
Risk-Aware Regime Switching,3552,99.42220282848272
Risk-Aware Regime Switching,3553,121.75251900888571
Risk-Aware Regime Switching,3554,79.26412352989021
Risk-Aware Regime Switching,3555,93.1874602784454
Risk-Aware Regime Switching,3556,104.17876372915566
Risk-Aware Regime Switching,3557,135.58363821145406
Risk-Aware Regime Switching,3558,100.62334412253395
Risk-Aware Regime Switching,3559,114.64807552151699
Risk-Aware Regime Switching,3560,117.56085302720388
Risk-Aware Regime Switching,3561,98.29961625157026
Risk-Aware Regime Switching,3562,73.73689144999747
Risk-Aware Regime Switching,3563,91.84844527943712
Risk-Aware Regime Switching,3564,92.76294974802212
Risk-Aware Regime Switching,3565,84.40484231078048
Risk-Aware Regime Switching,3566,44.24457266147172
Risk-Aware Regime Switching,3567,66.58955888533853
Risk-Aware Regime Switching,3568,101.82939265367865
Risk-Aware Regime Switching,3569,89.51727723672572
Risk-Aware Regime Switching,3570,168.74656446296444
Risk-Aware Regime Switching,3571,95.49647778988215
Risk-Aware Regime Switching,3572,73.02412943014987
Risk-Aware Regime Switching,3573,94.61561120757108
Risk-Aware Regime Switching,3574,90.54328927488281
Risk-Aware Regime Switching,3575,99.30578516116076
Risk-Aware Regime Switching,3576,81.32071813605152
Risk-Aware Regime Switching,3577,128.68260211060544
Risk-Aware Regime Switching,3578,100.94908815714953
Risk-Aware Regime Switching,3579,64.11983318513393
Risk-Aware Regime Switching,3580,87.26456022927451
Risk-Aware Regime Switching,3581,87.26344893805083
Risk-Aware Regime Switching,3582,73.8555066121393
Risk-Aware Regime Switching,3583,90.14266261197876
Risk-Aware Regime Switching,3584,78.39570099859915
Risk-Aware Regime Switching,3585,135.51047325113132
Risk-Aware Regime Switching,3586,90.16318384450138
Risk-Aware Regime Switching,3587,74.27331619659897
Risk-Aware Regime Switching,3588,155.84886801958453
Risk-Aware Regime Switching,3589,103.42410550916637
Risk-Aware Regime Switching,3590,171.05544525746453
Risk-Aware Regime Switching,3591,132.44314378282658
Risk-Aware Regime Switching,3592,91.24104952413661
Risk-Aware Regime Switching,3593,75.5899975476409
Risk-Aware Regime Switching,3594,74.29768488059287
Risk-Aware Regime Switching,3595,152.0715758229898
Risk-Aware Regime Switching,3596,80.63751871609878
Risk-Aware Regime Switching,3597,100.36657325809874
Risk-Aware Regime Switching,3598,126.45371382427221
Risk-Aware Regime Switching,3599,110.55161686725867
Risk-Aware Regime Switching,3600,82.41487575132189
Risk-Aware Regime Switching,3601,111.21386136897308
Risk-Aware Regime Switching,3602,91.50973681417223
Risk-Aware Regime Switching,3603,99.62019947719483
Risk-Aware Regime Switching,3604,95.92864511137053
Risk-Aware Regime Switching,3605,128.15545225677096
Risk-Aware Regime Switching,3606,82.32277827279351
Risk-Aware Regime Switching,3607,153.59432314573303
Risk-Aware Regime Switching,3608,99.83360024856432
Risk-Aware Regime Switching,3609,67.21436265283286
Risk-Aware Regime Switching,3610,115.36148745236186
Risk-Aware Regime Switching,3611,95.08485277148142
Risk-Aware Regime Switching,3612,130.1776702529171
Risk-Aware Regime Switching,3613,74.99660778685363
Risk-Aware Regime Switching,3614,105.80216064430597
Risk-Aware Regime Switching,3615,69.86953388204756
Risk-Aware Regime Switching,3616,132.51199074612822
Risk-Aware Regime Switching,3617,131.73002398307696
Risk-Aware Regime Switching,3618,101.01130814646373
Risk-Aware Regime Switching,3619,95.53463189899286
Risk-Aware Regime Switching,3620,128.47270914176036
Risk-Aware Regime Switching,3621,104.03174086476348
Risk-Aware Regime Switching,3622,103.28291756158346
Risk-Aware Regime Switching,3623,124.58052072776312
Risk-Aware Regime Switching,3624,131.58079066695112
Risk-Aware Regime Switching,3625,117.88197719433589
Risk-Aware Regime Switching,3626,131.82471824639157
Risk-Aware Regime Switching,3627,110.43184823870958
Risk-Aware Regime Switching,3628,110.70491695526823
Risk-Aware Regime Switching,3629,69.86034015701352
Risk-Aware Regime Switching,3630,77.11735902911141
Risk-Aware Regime Switching,3631,94.18229411418196
Risk-Aware Regime Switching,3632,95.09369409920116
Risk-Aware Regime Switching,3633,88.92691602077169
Risk-Aware Regime Switching,3634,84.75354404150764
Risk-Aware Regime Switching,3635,94.62847632680452
Risk-Aware Regime Switching,3636,76.80098499473532
Risk-Aware Regime Switching,3637,69.78058782205146
Risk-Aware Regime Switching,3638,73.23558882920152
Risk-Aware Regime Switching,3639,107.69125919726731
Risk-Aware Regime Switching,3640,110.59246932921083
Risk-Aware Regime Switching,3641,108.70239783331152
Risk-Aware Regime Switching,3642,87.40838027091809
Risk-Aware Regime Switching,3643,150.85556574708602
Risk-Aware Regime Switching,3644,104.04666482858535
Risk-Aware Regime Switching,3645,70.04234003312567
Risk-Aware Regime Switching,3646,83.46548631509633
Risk-Aware Regime Switching,3647,131.49164671075772
Risk-Aware Regime Switching,3648,48.0697730466366
Risk-Aware Regime Switching,3649,92.59702616569302
Risk-Aware Regime Switching,3650,81.91922520971026
Risk-Aware Regime Switching,3651,78.4970440851947
Risk-Aware Regime Switching,3652,65.3715032754148
Risk-Aware Regime Switching,3653,65.615203419708
Risk-Aware Regime Switching,3654,157.67653292877998
Risk-Aware Regime Switching,3655,104.71229027614571
Risk-Aware Regime Switching,3656,118.78117501932455
Risk-Aware Regime Switching,3657,104.86969040429084
Risk-Aware Regime Switching,3658,109.48535789320557
Risk-Aware Regime Switching,3659,150.80561477888295
Risk-Aware Regime Switching,3660,146.377881596371
Risk-Aware Regime Switching,3661,123.0828181195555
Risk-Aware Regime Switching,3662,77.68189110906329
Risk-Aware Regime Switching,3663,93.4753100876864
Risk-Aware Regime Switching,3664,83.39719550643552
Risk-Aware Regime Switching,3665,128.75478314873902
Risk-Aware Regime Switching,3666,116.4699045750068
Risk-Aware Regime Switching,3667,119.31961835856642
Risk-Aware Regime Switching,3668,106.77238717993069
Risk-Aware Regime Switching,3669,98.49334683484014
Risk-Aware Regime Switching,3670,125.12314564705238
Risk-Aware Regime Switching,3671,88.19780258315677
Risk-Aware Regime Switching,3672,80.96307072728605
Risk-Aware Regime Switching,3673,98.13485123161897
Risk-Aware Regime Switching,3674,90.21594073322422
Risk-Aware Regime Switching,3675,105.53454410240735
Risk-Aware Regime Switching,3676,111.90826063071997
Risk-Aware Regime Switching,3677,76.5643009620263
Risk-Aware Regime Switching,3678,92.92823059519709
Risk-Aware Regime Switching,3679,134.24205918218937
Risk-Aware Regime Switching,3680,92.0262811243862
Risk-Aware Regime Switching,3681,113.60461348122854
Risk-Aware Regime Switching,3682,132.59728149691992
Risk-Aware Regime Switching,3683,64.3925781904213
Risk-Aware Regime Switching,3684,74.63820120801824
Risk-Aware Regime Switching,3685,113.82542098234822
Risk-Aware Regime Switching,3686,89.14303247741327
Risk-Aware Regime Switching,3687,143.0491796177262
Risk-Aware Regime Switching,3688,123.95713439722877
Risk-Aware Regime Switching,3689,139.14761177690184
Risk-Aware Regime Switching,3690,90.22487142032458
Risk-Aware Regime Switching,3691,59.00975626346118
Risk-Aware Regime Switching,3692,97.41241591624623
Risk-Aware Regime Switching,3693,92.2505184513274
Risk-Aware Regime Switching,3694,125.73339659470228
Risk-Aware Regime Switching,3695,98.09475765884025
Risk-Aware Regime Switching,3696,116.98957114841903
Risk-Aware Regime Switching,3697,102.28729221650848
Risk-Aware Regime Switching,3698,113.87889249929071
Risk-Aware Regime Switching,3699,111.28754335928306
Risk-Aware Regime Switching,3700,63.412341986013544
Risk-Aware Regime Switching,3701,89.6222615193419
Risk-Aware Regime Switching,3702,106.42767199324146
Risk-Aware Regime Switching,3703,87.26966934234524
Risk-Aware Regime Switching,3704,116.6596608487811
Risk-Aware Regime Switching,3705,75.27073965639815
Risk-Aware Regime Switching,3706,80.86714211676636
Risk-Aware Regime Switching,3707,92.65211761732508
Risk-Aware Regime Switching,3708,99.87841051256964
Risk-Aware Regime Switching,3709,135.10295631050323
Risk-Aware Regime Switching,3710,57.395710050365004
Risk-Aware Regime Switching,3711,134.69195024290187
Risk-Aware Regime Switching,3712,130.12287178679932
Risk-Aware Regime Switching,3713,112.41576195902199
Risk-Aware Regime Switching,3714,94.64230658872432
Risk-Aware Regime Switching,3715,102.19805875934624
Risk-Aware Regime Switching,3716,67.18822190994833
Risk-Aware Regime Switching,3717,77.9822275828915
Risk-Aware Regime Switching,3718,112.17613954660087
Risk-Aware Regime Switching,3719,85.5654235229516
Risk-Aware Regime Switching,3720,75.83844507690192
Risk-Aware Regime Switching,3721,69.17910732601987
Risk-Aware Regime Switching,3722,102.29313221145632
Risk-Aware Regime Switching,3723,118.00393984225211
Risk-Aware Regime Switching,3724,100.2824935777402
Risk-Aware Regime Switching,3725,126.58493285703199
Risk-Aware Regime Switching,3726,59.871075406772675
Risk-Aware Regime Switching,3727,107.2921471380937
Risk-Aware Regime Switching,3728,100.31146072558622
Risk-Aware Regime Switching,3729,116.70400197756805
Risk-Aware Regime Switching,3730,112.40082542113285
Risk-Aware Regime Switching,3731,173.487858301216
Risk-Aware Regime Switching,3732,104.87325419981363
Risk-Aware Regime Switching,3733,76.15867452593204
Risk-Aware Regime Switching,3734,108.84443582332226
Risk-Aware Regime Switching,3735,84.79686363544704
Risk-Aware Regime Switching,3736,90.56820944382603
Risk-Aware Regime Switching,3737,85.26347826233818
Risk-Aware Regime Switching,3738,118.46125516992913
Risk-Aware Regime Switching,3739,106.834534156452
Risk-Aware Regime Switching,3740,83.44579381346443
Risk-Aware Regime Switching,3741,71.62438802251985
Risk-Aware Regime Switching,3742,88.89806424401368
Risk-Aware Regime Switching,3743,95.35207834928885
Risk-Aware Regime Switching,3744,114.70405150673027
Risk-Aware Regime Switching,3745,76.57277835726198
Risk-Aware Regime Switching,3746,76.19938876481227
Risk-Aware Regime Switching,3747,112.42750861792
Risk-Aware Regime Switching,3748,119.9508079699599
Risk-Aware Regime Switching,3749,177.15831984734874
Risk-Aware Regime Switching,3750,98.24714615956658
Risk-Aware Regime Switching,3751,84.74983064344555
Risk-Aware Regime Switching,3752,83.17561304066385
Risk-Aware Regime Switching,3753,84.8585323230734
Risk-Aware Regime Switching,3754,92.14942476355927
Risk-Aware Regime Switching,3755,79.0117679906374
Risk-Aware Regime Switching,3756,89.71729969774577
Risk-Aware Regime Switching,3757,117.65730838451121
Risk-Aware Regime Switching,3758,69.23812211753751
Risk-Aware Regime Switching,3759,122.68210588904648
Risk-Aware Regime Switching,3760,102.12534434322936
Risk-Aware Regime Switching,3761,116.59231992804042
Risk-Aware Regime Switching,3762,89.61161802273529
Risk-Aware Regime Switching,3763,114.68669149417067
Risk-Aware Regime Switching,3764,106.47398096620613
Risk-Aware Regime Switching,3765,108.10485333765124
Risk-Aware Regime Switching,3766,85.80295849912322
Risk-Aware Regime Switching,3767,92.34073075901745
Risk-Aware Regime Switching,3768,103.96530148751894
Risk-Aware Regime Switching,3769,62.628474536907305
Risk-Aware Regime Switching,3770,103.71779830750462
Risk-Aware Regime Switching,3771,78.80948593603738
Risk-Aware Regime Switching,3772,72.84272226290751
Risk-Aware Regime Switching,3773,71.6106568630535
Risk-Aware Regime Switching,3774,135.19926843582573
Risk-Aware Regime Switching,3775,101.84753235939515
Risk-Aware Regime Switching,3776,147.02808598072542
Risk-Aware Regime Switching,3777,91.14453834136907
Risk-Aware Regime Switching,3778,88.47363340081635
Risk-Aware Regime Switching,3779,108.55232527176328
Risk-Aware Regime Switching,3780,94.35116953584355
Risk-Aware Regime Switching,3781,90.40919702819636
Risk-Aware Regime Switching,3782,78.36071933157116
Risk-Aware Regime Switching,3783,119.24848552295273
Risk-Aware Regime Switching,3784,118.65398190315588
Risk-Aware Regime Switching,3785,103.01650217917772
Risk-Aware Regime Switching,3786,167.33842780965006
Risk-Aware Regime Switching,3787,105.23672462780445
Risk-Aware Regime Switching,3788,104.24203573055316
Risk-Aware Regime Switching,3789,119.62711489824123
Risk-Aware Regime Switching,3790,105.43764482036109
Risk-Aware Regime Switching,3791,82.90439774917529
Risk-Aware Regime Switching,3792,60.542157001423035
Risk-Aware Regime Switching,3793,80.89417853519556
Risk-Aware Regime Switching,3794,56.80320080075022
Risk-Aware Regime Switching,3795,64.692441568946
Risk-Aware Regime Switching,3796,94.05639984707936
Risk-Aware Regime Switching,3797,101.36893023879252
Risk-Aware Regime Switching,3798,105.12821953274785
Risk-Aware Regime Switching,3799,117.52236967575207
Risk-Aware Regime Switching,3800,86.3718463914817
Risk-Aware Regime Switching,3801,87.08079181371795
Risk-Aware Regime Switching,3802,124.24021054211929
Risk-Aware Regime Switching,3803,78.82994543866872
Risk-Aware Regime Switching,3804,116.35023641251911
Risk-Aware Regime Switching,3805,96.6193043707947
Risk-Aware Regime Switching,3806,96.6416463870971
Risk-Aware Regime Switching,3807,117.77069107323274
Risk-Aware Regime Switching,3808,92.12050241759837
Risk-Aware Regime Switching,3809,97.20633633328322
Risk-Aware Regime Switching,3810,88.72915084901337
Risk-Aware Regime Switching,3811,77.29178386102548
Risk-Aware Regime Switching,3812,77.57307649335525
Risk-Aware Regime Switching,3813,74.4096702233351
Risk-Aware Regime Switching,3814,107.21217829619512
Risk-Aware Regime Switching,3815,170.88105236723726
Risk-Aware Regime Switching,3816,85.20844368383402
Risk-Aware Regime Switching,3817,71.91005535520812
Risk-Aware Regime Switching,3818,84.54622019074893
Risk-Aware Regime Switching,3819,63.29630477162587
Risk-Aware Regime Switching,3820,92.3549784693004
Risk-Aware Regime Switching,3821,90.38949950980624
Risk-Aware Regime Switching,3822,85.61702270863763
Risk-Aware Regime Switching,3823,111.9176696148776
Risk-Aware Regime Switching,3824,141.5747560674629
Risk-Aware Regime Switching,3825,128.38846956925127
Risk-Aware Regime Switching,3826,96.17200679668542
Risk-Aware Regime Switching,3827,102.5595453453215
Risk-Aware Regime Switching,3828,95.84441548005552
Risk-Aware Regime Switching,3829,93.3218371205823
Risk-Aware Regime Switching,3830,66.16114173239703
Risk-Aware Regime Switching,3831,77.05442219872855
Risk-Aware Regime Switching,3832,89.69054746031529
Risk-Aware Regime Switching,3833,134.0037921357927
Risk-Aware Regime Switching,3834,83.28870696038955
Risk-Aware Regime Switching,3835,103.86560160744199
Risk-Aware Regime Switching,3836,83.59028098352755
Risk-Aware Regime Switching,3837,115.15888484562052
Risk-Aware Regime Switching,3838,73.24326551850663
Risk-Aware Regime Switching,3839,82.72187819076188
Risk-Aware Regime Switching,3840,133.15879726025446
Risk-Aware Regime Switching,3841,62.76549897334528
Risk-Aware Regime Switching,3842,93.12167450929381
Risk-Aware Regime Switching,3843,79.82057589741589
Risk-Aware Regime Switching,3844,79.74173576570158
Risk-Aware Regime Switching,3845,89.15188250594102
Risk-Aware Regime Switching,3846,71.02745822751662
Risk-Aware Regime Switching,3847,109.33881796988567
Risk-Aware Regime Switching,3848,95.89069407916065
Risk-Aware Regime Switching,3849,79.81645832742456
Risk-Aware Regime Switching,3850,119.62822128446567
Risk-Aware Regime Switching,3851,137.0671139225176
Risk-Aware Regime Switching,3852,142.73445893038397
Risk-Aware Regime Switching,3853,109.27126775756544
Risk-Aware Regime Switching,3854,54.12427114234178
Risk-Aware Regime Switching,3855,70.91101177690045
Risk-Aware Regime Switching,3856,87.01807969466782
Risk-Aware Regime Switching,3857,81.16508792194344
Risk-Aware Regime Switching,3858,113.40401846188585
Risk-Aware Regime Switching,3859,107.97072893905893
Risk-Aware Regime Switching,3860,114.30549506116606
Risk-Aware Regime Switching,3861,103.16046165310684
Risk-Aware Regime Switching,3862,126.39961555643393
Risk-Aware Regime Switching,3863,56.11528645623915
Risk-Aware Regime Switching,3864,109.69208881531571
Risk-Aware Regime Switching,3865,79.12111432091498
Risk-Aware Regime Switching,3866,156.0746468248193
Risk-Aware Regime Switching,3867,109.92257847145814
Risk-Aware Regime Switching,3868,124.82168853251636
Risk-Aware Regime Switching,3869,98.02152313777604
Risk-Aware Regime Switching,3870,88.39449178115095
Risk-Aware Regime Switching,3871,92.89847381511298
Risk-Aware Regime Switching,3872,120.97305534345115
Risk-Aware Regime Switching,3873,80.15242658843619
Risk-Aware Regime Switching,3874,103.02442497822457
Risk-Aware Regime Switching,3875,97.04923049428109
Risk-Aware Regime Switching,3876,101.65323445156487
Risk-Aware Regime Switching,3877,76.54494157342428
Risk-Aware Regime Switching,3878,111.34711147074785
Risk-Aware Regime Switching,3879,121.66457990299757
Risk-Aware Regime Switching,3880,113.86240350683177
Risk-Aware Regime Switching,3881,87.14319371612898
Risk-Aware Regime Switching,3882,75.2963283505558
Risk-Aware Regime Switching,3883,106.98027864758284
Risk-Aware Regime Switching,3884,82.44735842075862
Risk-Aware Regime Switching,3885,50.89037887317785
Risk-Aware Regime Switching,3886,75.44224629478607
Risk-Aware Regime Switching,3887,113.74030928811365
Risk-Aware Regime Switching,3888,93.27681259920854
Risk-Aware Regime Switching,3889,106.65442995596952
Risk-Aware Regime Switching,3890,115.6202639304694
Risk-Aware Regime Switching,3891,118.62460346092433
Risk-Aware Regime Switching,3892,79.22096140558176
Risk-Aware Regime Switching,3893,71.66288501030444
Risk-Aware Regime Switching,3894,148.06905470182298
Risk-Aware Regime Switching,3895,129.16020782194389
Risk-Aware Regime Switching,3896,136.65539386335416
Risk-Aware Regime Switching,3897,163.86177153937444
Risk-Aware Regime Switching,3898,104.90240241941243
Risk-Aware Regime Switching,3899,104.78190618143132
Risk-Aware Regime Switching,3900,137.04073881672383
Risk-Aware Regime Switching,3901,148.3805610688551
Risk-Aware Regime Switching,3902,92.55267676074344
Risk-Aware Regime Switching,3903,84.88707843495985
Risk-Aware Regime Switching,3904,63.517330952890774
Risk-Aware Regime Switching,3905,79.18712503344214
Risk-Aware Regime Switching,3906,121.11185807938239
Risk-Aware Regime Switching,3907,86.19830670758319
Risk-Aware Regime Switching,3908,91.76914912113936
Risk-Aware Regime Switching,3909,90.79493204890855
Risk-Aware Regime Switching,3910,114.25804150271928
Risk-Aware Regime Switching,3911,112.06058401795964
Risk-Aware Regime Switching,3912,70.46695704493243
Risk-Aware Regime Switching,3913,85.00576734545022
Risk-Aware Regime Switching,3914,56.458269560145304
Risk-Aware Regime Switching,3915,79.95025707789539
Risk-Aware Regime Switching,3916,120.42544813536122
Risk-Aware Regime Switching,3917,57.78819088937692
Risk-Aware Regime Switching,3918,74.32611633394147
Risk-Aware Regime Switching,3919,87.32534810759475
Risk-Aware Regime Switching,3920,118.98598313464875
Risk-Aware Regime Switching,3921,68.79784474679764
Risk-Aware Regime Switching,3922,102.10992859543954
Risk-Aware Regime Switching,3923,69.92658438310647
Risk-Aware Regime Switching,3924,99.50016940367496
Risk-Aware Regime Switching,3925,107.73266106483779
Risk-Aware Regime Switching,3926,116.88673316255237
Risk-Aware Regime Switching,3927,96.31148183702318
Risk-Aware Regime Switching,3928,119.60720899245354
Risk-Aware Regime Switching,3929,143.00727019402365
Risk-Aware Regime Switching,3930,136.36026894931774
Risk-Aware Regime Switching,3931,118.86720792103517
Risk-Aware Regime Switching,3932,79.81264643680383
Risk-Aware Regime Switching,3933,116.62351713659957
Risk-Aware Regime Switching,3934,75.18493965764846
Risk-Aware Regime Switching,3935,62.14978269048959
Risk-Aware Regime Switching,3936,121.93856118611946
Risk-Aware Regime Switching,3937,73.59539732999309
Risk-Aware Regime Switching,3938,78.00017922333745
Risk-Aware Regime Switching,3939,96.43476599773243
Risk-Aware Regime Switching,3940,90.42375952443199
Risk-Aware Regime Switching,3941,94.94477368808776
Risk-Aware Regime Switching,3942,100.8591804477879
Risk-Aware Regime Switching,3943,96.03604767273438
Risk-Aware Regime Switching,3944,58.54723673675956
Risk-Aware Regime Switching,3945,121.34531081743481
Risk-Aware Regime Switching,3946,166.66537777956634
Risk-Aware Regime Switching,3947,81.78214481613611
Risk-Aware Regime Switching,3948,75.57223832748952
Risk-Aware Regime Switching,3949,82.43753514195869
Risk-Aware Regime Switching,3950,95.93522288765972
Risk-Aware Regime Switching,3951,108.3591499797888
Risk-Aware Regime Switching,3952,125.65525543946517
Risk-Aware Regime Switching,3953,75.53346388438307
Risk-Aware Regime Switching,3954,123.01320700327358
Risk-Aware Regime Switching,3955,96.44400834354978
Risk-Aware Regime Switching,3956,112.50857640912703
Risk-Aware Regime Switching,3957,59.09425457427636
Risk-Aware Regime Switching,3958,105.27198787097024
Risk-Aware Regime Switching,3959,55.3484675720259
Risk-Aware Regime Switching,3960,81.54787165452723
Risk-Aware Regime Switching,3961,87.7887604983607
Risk-Aware Regime Switching,3962,122.33208160288439
Risk-Aware Regime Switching,3963,113.30516638046288
Risk-Aware Regime Switching,3964,77.17390467771725
Risk-Aware Regime Switching,3965,99.54194153734525
Risk-Aware Regime Switching,3966,118.80157165632144
Risk-Aware Regime Switching,3967,78.24225907502534
Risk-Aware Regime Switching,3968,103.41189262753873
Risk-Aware Regime Switching,3969,110.83085572365378
Risk-Aware Regime Switching,3970,80.84483306097422
Risk-Aware Regime Switching,3971,94.72381273570821
Risk-Aware Regime Switching,3972,108.08816206046555
Risk-Aware Regime Switching,3973,83.6412937211332
Risk-Aware Regime Switching,3974,72.78281827563087
Risk-Aware Regime Switching,3975,111.39350794433416
Risk-Aware Regime Switching,3976,97.40254726663161
Risk-Aware Regime Switching,3977,82.38129786653967
Risk-Aware Regime Switching,3978,92.00970268542407
Risk-Aware Regime Switching,3979,106.35913393848422
Risk-Aware Regime Switching,3980,78.51167558132636
Risk-Aware Regime Switching,3981,93.37552463044521
Risk-Aware Regime Switching,3982,63.76910553066031
Risk-Aware Regime Switching,3983,59.33306460960441
Risk-Aware Regime Switching,3984,79.54938104301668
Risk-Aware Regime Switching,3985,76.11635761307546
Risk-Aware Regime Switching,3986,62.77121580322409
Risk-Aware Regime Switching,3987,104.0124942395398
Risk-Aware Regime Switching,3988,76.93595585629015
Risk-Aware Regime Switching,3989,89.079253059516
Risk-Aware Regime Switching,3990,108.52500168060556
Risk-Aware Regime Switching,3991,62.94216159332109
Risk-Aware Regime Switching,3992,116.15002137820278
Risk-Aware Regime Switching,3993,107.10057859348142
Risk-Aware Regime Switching,3994,62.46232298887975
Risk-Aware Regime Switching,3995,76.93452996536955
Risk-Aware Regime Switching,3996,127.60673220563325
Risk-Aware Regime Switching,3997,72.56259645334372
Risk-Aware Regime Switching,3998,134.86002784973994
Risk-Aware Regime Switching,3999,140.79581354524362
Risk-Aware Regime Switching,4000,129.50369744320182
Risk-Aware Regime Switching,4001,114.88303322031012
Risk-Aware Regime Switching,4002,89.49119405714518
Risk-Aware Regime Switching,4003,85.64794103475127
Risk-Aware Regime Switching,4004,147.1543497463604
Risk-Aware Regime Switching,4005,76.87724570382971
Risk-Aware Regime Switching,4006,95.58558713038548
Risk-Aware Regime Switching,4007,61.730574872984846
Risk-Aware Regime Switching,4008,115.24162824633105
Risk-Aware Regime Switching,4009,88.45243113815332
Risk-Aware Regime Switching,4010,107.00127347766797
Risk-Aware Regime Switching,4011,75.25892350972944
Risk-Aware Regime Switching,4012,110.294578868166
Risk-Aware Regime Switching,4013,92.9765483544161
Risk-Aware Regime Switching,4014,116.50031740654094
Risk-Aware Regime Switching,4015,69.42191333108472
Risk-Aware Regime Switching,4016,109.99094196748207
Risk-Aware Regime Switching,4017,68.84083221236153
Risk-Aware Regime Switching,4018,124.82990063950628
Risk-Aware Regime Switching,4019,87.3405771717408
Risk-Aware Regime Switching,4020,72.44246507274217
Risk-Aware Regime Switching,4021,96.1790570043832
Risk-Aware Regime Switching,4022,91.62335601559086
Risk-Aware Regime Switching,4023,107.56700550584183
Risk-Aware Regime Switching,4024,85.57104196047958
Risk-Aware Regime Switching,4025,96.93798154925216
Risk-Aware Regime Switching,4026,74.30966104826777
Risk-Aware Regime Switching,4027,157.6644289090684
Risk-Aware Regime Switching,4028,74.58629215315258
Risk-Aware Regime Switching,4029,107.18645751717135
Risk-Aware Regime Switching,4030,125.11856329627507
Risk-Aware Regime Switching,4031,74.84716357883423
Risk-Aware Regime Switching,4032,106.39453885128157
Risk-Aware Regime Switching,4033,159.09474405334657
Risk-Aware Regime Switching,4034,92.96794785576103
Risk-Aware Regime Switching,4035,101.42032089555155
Risk-Aware Regime Switching,4036,119.53932066347679
Risk-Aware Regime Switching,4037,103.02434693048701
Risk-Aware Regime Switching,4038,107.41542679149629
Risk-Aware Regime Switching,4039,79.67626923997108
Risk-Aware Regime Switching,4040,111.57360152965636
Risk-Aware Regime Switching,4041,91.14925786638494
Risk-Aware Regime Switching,4042,66.28903371285523
Risk-Aware Regime Switching,4043,145.88764304249264
Risk-Aware Regime Switching,4044,88.32116397478885
Risk-Aware Regime Switching,4045,75.42389869511456
Risk-Aware Regime Switching,4046,97.61451704714133
Risk-Aware Regime Switching,4047,135.9666011835636
Risk-Aware Regime Switching,4048,72.8668332001283
Risk-Aware Regime Switching,4049,80.59270289697594
Risk-Aware Regime Switching,4050,111.45340128687324
Risk-Aware Regime Switching,4051,101.97886233496168
Risk-Aware Regime Switching,4052,95.80264410842177
Risk-Aware Regime Switching,4053,72.57425666677531
Risk-Aware Regime Switching,4054,82.32266117508176
Risk-Aware Regime Switching,4055,72.23729256015135
Risk-Aware Regime Switching,4056,158.05738672110994
Risk-Aware Regime Switching,4057,95.02073905818354
Risk-Aware Regime Switching,4058,99.23068258039991
Risk-Aware Regime Switching,4059,105.04133254936923
Risk-Aware Regime Switching,4060,115.43870544785815
Risk-Aware Regime Switching,4061,96.60373515691843
Risk-Aware Regime Switching,4062,70.59770817244267
Risk-Aware Regime Switching,4063,87.02382704307173
Risk-Aware Regime Switching,4064,79.6291370542125
Risk-Aware Regime Switching,4065,71.6461451104558
Risk-Aware Regime Switching,4066,82.01536925846365
Risk-Aware Regime Switching,4067,154.82232589086874
Risk-Aware Regime Switching,4068,103.16722569586736
Risk-Aware Regime Switching,4069,97.56786138508848
Risk-Aware Regime Switching,4070,99.23486172683069
Risk-Aware Regime Switching,4071,128.54605520179848
Risk-Aware Regime Switching,4072,105.63824208137834
Risk-Aware Regime Switching,4073,92.1589596237322
Risk-Aware Regime Switching,4074,86.97135113759545
Risk-Aware Regime Switching,4075,117.83633269567852
Risk-Aware Regime Switching,4076,95.82823012561896
Risk-Aware Regime Switching,4077,68.2916346028059
Risk-Aware Regime Switching,4078,59.806414605904635
Risk-Aware Regime Switching,4079,108.34428638593894
Risk-Aware Regime Switching,4080,99.64419468365367
Risk-Aware Regime Switching,4081,120.42125779980566
Risk-Aware Regime Switching,4082,71.2912089913269
Risk-Aware Regime Switching,4083,140.00702864574234
Risk-Aware Regime Switching,4084,87.9798002059866
Risk-Aware Regime Switching,4085,129.33260006637715
Risk-Aware Regime Switching,4086,82.59426255770504
Risk-Aware Regime Switching,4087,98.83132915635707
Risk-Aware Regime Switching,4088,95.95166761888424
Risk-Aware Regime Switching,4089,67.10805904715836
Risk-Aware Regime Switching,4090,106.75203344648246
Risk-Aware Regime Switching,4091,95.5321675585198
Risk-Aware Regime Switching,4092,60.11332802332509
Risk-Aware Regime Switching,4093,108.63211540279745
Risk-Aware Regime Switching,4094,121.03268037639326
Risk-Aware Regime Switching,4095,97.24502030825744
Risk-Aware Regime Switching,4096,75.75574695544029
Risk-Aware Regime Switching,4097,75.0836434411089
Risk-Aware Regime Switching,4098,132.88582491511679
Risk-Aware Regime Switching,4099,108.82496197488626
Risk-Aware Regime Switching,4100,85.24455833016002
Risk-Aware Regime Switching,4101,98.14529728519122
Risk-Aware Regime Switching,4102,135.85328669601458
Risk-Aware Regime Switching,4103,95.65610129652
Risk-Aware Regime Switching,4104,87.40861850835707
Risk-Aware Regime Switching,4105,123.84043294711084
Risk-Aware Regime Switching,4106,139.4467097452041
Risk-Aware Regime Switching,4107,42.142701896739254
Risk-Aware Regime Switching,4108,81.58243002823191
Risk-Aware Regime Switching,4109,58.45568815269314
Risk-Aware Regime Switching,4110,115.93265148851692
Risk-Aware Regime Switching,4111,142.25931975428543
Risk-Aware Regime Switching,4112,90.34911683399794
Risk-Aware Regime Switching,4113,130.44758874962358
Risk-Aware Regime Switching,4114,86.48819915686016
Risk-Aware Regime Switching,4115,115.94419207128041
Risk-Aware Regime Switching,4116,94.27333001033054
Risk-Aware Regime Switching,4117,129.166156248926
Risk-Aware Regime Switching,4118,97.14389616385932
Risk-Aware Regime Switching,4119,46.592485906588415
Risk-Aware Regime Switching,4120,106.5452635845386
Risk-Aware Regime Switching,4121,106.83580458522255
Risk-Aware Regime Switching,4122,82.61403592150683
Risk-Aware Regime Switching,4123,85.43374347814688
Risk-Aware Regime Switching,4124,123.20185021153685
Risk-Aware Regime Switching,4125,119.73318766645453
Risk-Aware Regime Switching,4126,114.96639574267104
Risk-Aware Regime Switching,4127,111.23479008356212
Risk-Aware Regime Switching,4128,102.27254350808231
Risk-Aware Regime Switching,4129,90.743835923662
Risk-Aware Regime Switching,4130,100.62913529163549
Risk-Aware Regime Switching,4131,87.88314061679039
Risk-Aware Regime Switching,4132,72.614045269934
Risk-Aware Regime Switching,4133,120.3608469373508
Risk-Aware Regime Switching,4134,96.21319875703132
Risk-Aware Regime Switching,4135,96.3313802773047
Risk-Aware Regime Switching,4136,86.76081147597054
Risk-Aware Regime Switching,4137,55.9173994335734
Risk-Aware Regime Switching,4138,129.18446279878728
Risk-Aware Regime Switching,4139,116.71430658484319
Risk-Aware Regime Switching,4140,113.42886992041686
Risk-Aware Regime Switching,4141,107.98478417845834
Risk-Aware Regime Switching,4142,127.36079171432564
Risk-Aware Regime Switching,4143,91.34169036612667
Risk-Aware Regime Switching,4144,77.14594798683757
Risk-Aware Regime Switching,4145,104.60593064877139
Risk-Aware Regime Switching,4146,90.19274617190825
Risk-Aware Regime Switching,4147,69.22835253608476
Risk-Aware Regime Switching,4148,130.5804445251891
Risk-Aware Regime Switching,4149,101.58485223346283
Risk-Aware Regime Switching,4150,142.23620515646067
Risk-Aware Regime Switching,4151,120.4154102936428
Risk-Aware Regime Switching,4152,56.327209793916644
Risk-Aware Regime Switching,4153,107.46079023392461
Risk-Aware Regime Switching,4154,121.26598625964186
Risk-Aware Regime Switching,4155,134.58633819304865
Risk-Aware Regime Switching,4156,106.27286941307523
Risk-Aware Regime Switching,4157,81.18885400988157
Risk-Aware Regime Switching,4158,109.55486177753035
Risk-Aware Regime Switching,4159,83.20381907840344
Risk-Aware Regime Switching,4160,97.43353037271054
Risk-Aware Regime Switching,4161,112.39361394670209
Risk-Aware Regime Switching,4162,74.86823740521955
Risk-Aware Regime Switching,4163,100.18453332953013
Risk-Aware Regime Switching,4164,92.88304640545877
Risk-Aware Regime Switching,4165,101.64001951755782
Risk-Aware Regime Switching,4166,65.32074130825966
Risk-Aware Regime Switching,4167,94.04952950729967
Risk-Aware Regime Switching,4168,89.85713018230629
Risk-Aware Regime Switching,4169,91.80554135229826
Risk-Aware Regime Switching,4170,91.37583468770303
Risk-Aware Regime Switching,4171,120.63108511552107
Risk-Aware Regime Switching,4172,75.95156666859201
Risk-Aware Regime Switching,4173,97.09309499876593
Risk-Aware Regime Switching,4174,73.62180963015642
Risk-Aware Regime Switching,4175,91.23236104442523
Risk-Aware Regime Switching,4176,69.77826506729168
Risk-Aware Regime Switching,4177,73.494144810686
Risk-Aware Regime Switching,4178,109.3522636484533
Risk-Aware Regime Switching,4179,80.06160752848352
Risk-Aware Regime Switching,4180,80.80960378595414
Risk-Aware Regime Switching,4181,70.82800389575058
Risk-Aware Regime Switching,4182,99.90927994550199
Risk-Aware Regime Switching,4183,87.3465093126705
Risk-Aware Regime Switching,4184,76.07417552110543
Risk-Aware Regime Switching,4185,96.22081528952384
Risk-Aware Regime Switching,4186,133.17437405163878
Risk-Aware Regime Switching,4187,74.73618020326148
Risk-Aware Regime Switching,4188,89.35577201078995
Risk-Aware Regime Switching,4189,106.54768326774939
Risk-Aware Regime Switching,4190,100.9725117486779
Risk-Aware Regime Switching,4191,143.3495937287856
Risk-Aware Regime Switching,4192,77.24776734075613
Risk-Aware Regime Switching,4193,103.6050359995506
Risk-Aware Regime Switching,4194,100.66185701149628
Risk-Aware Regime Switching,4195,143.654949543686
Risk-Aware Regime Switching,4196,98.20498557947198
Risk-Aware Regime Switching,4197,108.70489831258735
Risk-Aware Regime Switching,4198,72.34992679887705
Risk-Aware Regime Switching,4199,147.8409027249485
Risk-Aware Regime Switching,4200,82.34698521407229
Risk-Aware Regime Switching,4201,71.07603495038526
Risk-Aware Regime Switching,4202,95.15698989640693
Risk-Aware Regime Switching,4203,102.23842154252361
Risk-Aware Regime Switching,4204,112.51808595929464
Risk-Aware Regime Switching,4205,75.66167986911357
Risk-Aware Regime Switching,4206,84.44263313916531
Risk-Aware Regime Switching,4207,88.4579887208541
Risk-Aware Regime Switching,4208,95.48057857862293
Risk-Aware Regime Switching,4209,150.17101686754742
Risk-Aware Regime Switching,4210,75.9081833589552
Risk-Aware Regime Switching,4211,141.04542907126947
Risk-Aware Regime Switching,4212,81.02358988207375
Risk-Aware Regime Switching,4213,91.40336628996904
Risk-Aware Regime Switching,4214,90.94723393369618
Risk-Aware Regime Switching,4215,105.81307403004769
Risk-Aware Regime Switching,4216,82.64631739268007
Risk-Aware Regime Switching,4217,96.06681150025177
Risk-Aware Regime Switching,4218,94.53198288610892
Risk-Aware Regime Switching,4219,96.02693256414899
Risk-Aware Regime Switching,4220,101.94182860791369
Risk-Aware Regime Switching,4221,84.55074292313098
Risk-Aware Regime Switching,4222,84.64510256749503
Risk-Aware Regime Switching,4223,77.73193630305622
Risk-Aware Regime Switching,4224,83.616553441736
Risk-Aware Regime Switching,4225,96.30990190628627
Risk-Aware Regime Switching,4226,64.14792639893987
Risk-Aware Regime Switching,4227,104.21752226340118
Risk-Aware Regime Switching,4228,107.32551098393081
Risk-Aware Regime Switching,4229,108.03546158229726
Risk-Aware Regime Switching,4230,66.77051413153757
Risk-Aware Regime Switching,4231,72.31072982029107
Risk-Aware Regime Switching,4232,101.37971220066177
Risk-Aware Regime Switching,4233,111.51492688959992
Risk-Aware Regime Switching,4234,121.52825802230089
Risk-Aware Regime Switching,4235,102.82264452861843
Risk-Aware Regime Switching,4236,96.14922501596747
Risk-Aware Regime Switching,4237,82.05264544322264
Risk-Aware Regime Switching,4238,95.9171080784873
Risk-Aware Regime Switching,4239,96.45513363133428
Risk-Aware Regime Switching,4240,67.6852893282944
Risk-Aware Regime Switching,4241,142.46027514377184
Risk-Aware Regime Switching,4242,90.62672517100114
Risk-Aware Regime Switching,4243,107.14287132242737
Risk-Aware Regime Switching,4244,88.544989847437
Risk-Aware Regime Switching,4245,142.11932423153942
Risk-Aware Regime Switching,4246,111.01139742699272
Risk-Aware Regime Switching,4247,106.09976399369734
Risk-Aware Regime Switching,4248,99.15543942850744
Risk-Aware Regime Switching,4249,99.87539500665525
Risk-Aware Regime Switching,4250,93.58898638692071
Risk-Aware Regime Switching,4251,108.7168573267337
Risk-Aware Regime Switching,4252,113.96345991410975
Risk-Aware Regime Switching,4253,164.42824698378305
Risk-Aware Regime Switching,4254,104.09105045578974
Risk-Aware Regime Switching,4255,88.09620610534957
Risk-Aware Regime Switching,4256,85.84788837265283
Risk-Aware Regime Switching,4257,79.4437188412224
Risk-Aware Regime Switching,4258,77.71846203064936
Risk-Aware Regime Switching,4259,99.09056930189621
Risk-Aware Regime Switching,4260,103.21782533482539
Risk-Aware Regime Switching,4261,124.47054212235176
Risk-Aware Regime Switching,4262,76.06402224707927
Risk-Aware Regime Switching,4263,86.1990225670957
Risk-Aware Regime Switching,4264,102.88720807949655
Risk-Aware Regime Switching,4265,65.07731695724914
Risk-Aware Regime Switching,4266,92.82210467228354
Risk-Aware Regime Switching,4267,95.15044896057394
Risk-Aware Regime Switching,4268,111.05172666906932
Risk-Aware Regime Switching,4269,53.72531074205528
Risk-Aware Regime Switching,4270,108.12299974479022
Risk-Aware Regime Switching,4271,68.74400656043512
Risk-Aware Regime Switching,4272,74.03144250072215
Risk-Aware Regime Switching,4273,100.1453816086936
Risk-Aware Regime Switching,4274,79.64058921708941
Risk-Aware Regime Switching,4275,111.3974521191401
Risk-Aware Regime Switching,4276,93.73828901939271
Risk-Aware Regime Switching,4277,78.32332380905224
Risk-Aware Regime Switching,4278,105.14743945414402
Risk-Aware Regime Switching,4279,100.82922213693641
Risk-Aware Regime Switching,4280,106.0653792056838
Risk-Aware Regime Switching,4281,77.37339867712622
Risk-Aware Regime Switching,4282,110.99711606502542
Risk-Aware Regime Switching,4283,107.36987820015365
Risk-Aware Regime Switching,4284,133.8120485832731
Risk-Aware Regime Switching,4285,121.18753752630862
Risk-Aware Regime Switching,4286,79.57239257744891
Risk-Aware Regime Switching,4287,88.82488077263329
Risk-Aware Regime Switching,4288,112.06006790630431
Risk-Aware Regime Switching,4289,97.04242054723696
Risk-Aware Regime Switching,4290,95.81639057250084
Risk-Aware Regime Switching,4291,113.55314427316483
Risk-Aware Regime Switching,4292,77.75234195914564
Risk-Aware Regime Switching,4293,80.44542010360686
Risk-Aware Regime Switching,4294,79.39921483369682
Risk-Aware Regime Switching,4295,84.12737027740637
Risk-Aware Regime Switching,4296,89.20218000620346
Risk-Aware Regime Switching,4297,83.14083191448714
Risk-Aware Regime Switching,4298,126.85878430015956
Risk-Aware Regime Switching,4299,138.62896894719893
Risk-Aware Regime Switching,4300,69.7412491789029
Risk-Aware Regime Switching,4301,119.41500008181201
Risk-Aware Regime Switching,4302,93.32743729636131
Risk-Aware Regime Switching,4303,72.51056515388842
Risk-Aware Regime Switching,4304,80.59581264979722
Risk-Aware Regime Switching,4305,118.43293415053357
Risk-Aware Regime Switching,4306,72.59743633611629
Risk-Aware Regime Switching,4307,95.80100375948436
Risk-Aware Regime Switching,4308,92.77699034784195
Risk-Aware Regime Switching,4309,78.90528478066392
Risk-Aware Regime Switching,4310,102.75136052764582
Risk-Aware Regime Switching,4311,113.58448580932333
Risk-Aware Regime Switching,4312,91.067481047004
Risk-Aware Regime Switching,4313,114.47669308038071
Risk-Aware Regime Switching,4314,76.68971821496069
Risk-Aware Regime Switching,4315,110.0445615787276
Risk-Aware Regime Switching,4316,113.14302031623626
Risk-Aware Regime Switching,4317,75.79284712490644
Risk-Aware Regime Switching,4318,120.8515873327955
Risk-Aware Regime Switching,4319,80.8813885968785
Risk-Aware Regime Switching,4320,75.79831761939847
Risk-Aware Regime Switching,4321,104.71173784038153
Risk-Aware Regime Switching,4322,135.53293940084174
Risk-Aware Regime Switching,4323,123.29575447744708
Risk-Aware Regime Switching,4324,57.14102604673344
Risk-Aware Regime Switching,4325,97.05708506772598
Risk-Aware Regime Switching,4326,82.60067563549633
Risk-Aware Regime Switching,4327,134.48097297013848
Risk-Aware Regime Switching,4328,99.57989034239108
Risk-Aware Regime Switching,4329,116.10839479488737
Risk-Aware Regime Switching,4330,117.95324745281066
Risk-Aware Regime Switching,4331,75.09815179902759
Risk-Aware Regime Switching,4332,82.99280753588798
Risk-Aware Regime Switching,4333,100.04688602183995
Risk-Aware Regime Switching,4334,77.95818049790427
Risk-Aware Regime Switching,4335,93.56942939574826
Risk-Aware Regime Switching,4336,80.16251258100766
Risk-Aware Regime Switching,4337,102.80990058095787
Risk-Aware Regime Switching,4338,94.99423721209111
Risk-Aware Regime Switching,4339,78.9885552409433
Risk-Aware Regime Switching,4340,127.53003582244227
Risk-Aware Regime Switching,4341,83.82433555078131
Risk-Aware Regime Switching,4342,88.41236394927554
Risk-Aware Regime Switching,4343,129.12083253529016
Risk-Aware Regime Switching,4344,79.5717612339014
Risk-Aware Regime Switching,4345,85.22375114301438
Risk-Aware Regime Switching,4346,93.15253555681346
Risk-Aware Regime Switching,4347,110.71582009222574
Risk-Aware Regime Switching,4348,158.48929198509006
Risk-Aware Regime Switching,4349,101.67964602141963
Risk-Aware Regime Switching,4350,109.28035375267542
Risk-Aware Regime Switching,4351,110.23457163755906
Risk-Aware Regime Switching,4352,75.30277024408083
Risk-Aware Regime Switching,4353,87.42098053160578
Risk-Aware Regime Switching,4354,150.77776136358503
Risk-Aware Regime Switching,4355,127.27488498224801
Risk-Aware Regime Switching,4356,71.42206455853677
Risk-Aware Regime Switching,4357,87.36628442537325
Risk-Aware Regime Switching,4358,124.41536497138621
Risk-Aware Regime Switching,4359,102.0310766905715
Risk-Aware Regime Switching,4360,61.93468350863882
Risk-Aware Regime Switching,4361,111.02371122859984
Risk-Aware Regime Switching,4362,101.7772092888119
Risk-Aware Regime Switching,4363,136.1357091476477
Risk-Aware Regime Switching,4364,140.3323779300552
Risk-Aware Regime Switching,4365,116.15337651058495
Risk-Aware Regime Switching,4366,116.50332250431781
Risk-Aware Regime Switching,4367,110.6595646848006
Risk-Aware Regime Switching,4368,95.53322904190347
Risk-Aware Regime Switching,4369,113.3497272823849
Risk-Aware Regime Switching,4370,139.40747971254967
Risk-Aware Regime Switching,4371,113.84601295467975
Risk-Aware Regime Switching,4372,87.99085601961036
Risk-Aware Regime Switching,4373,84.42574975205413
Risk-Aware Regime Switching,4374,118.57848934734226
Risk-Aware Regime Switching,4375,101.9018811859791
Risk-Aware Regime Switching,4376,107.27835951285958
Risk-Aware Regime Switching,4377,62.880985408611814
Risk-Aware Regime Switching,4378,76.1441134699542
Risk-Aware Regime Switching,4379,77.01515904375928
Risk-Aware Regime Switching,4380,113.8340786944221
Risk-Aware Regime Switching,4381,121.14577303356955
Risk-Aware Regime Switching,4382,65.59775431856268
Risk-Aware Regime Switching,4383,111.83999955466813
Risk-Aware Regime Switching,4384,132.43264702518147
Risk-Aware Regime Switching,4385,154.12632577884787
Risk-Aware Regime Switching,4386,88.7246855485462
Risk-Aware Regime Switching,4387,95.76271696514404
Risk-Aware Regime Switching,4388,67.2907855163933
Risk-Aware Regime Switching,4389,168.8045987093205
Risk-Aware Regime Switching,4390,91.51523769798906
Risk-Aware Regime Switching,4391,148.55488049630785
Risk-Aware Regime Switching,4392,90.24307637180856
Risk-Aware Regime Switching,4393,71.43839916262685
Risk-Aware Regime Switching,4394,78.10957855010687
Risk-Aware Regime Switching,4395,123.80316655220341
Risk-Aware Regime Switching,4396,85.9248020228633
Risk-Aware Regime Switching,4397,80.20828749923527
Risk-Aware Regime Switching,4398,127.17763366953665
Risk-Aware Regime Switching,4399,98.60966085182929
Risk-Aware Regime Switching,4400,89.17331210857785
Risk-Aware Regime Switching,4401,88.40124428597548
Risk-Aware Regime Switching,4402,69.9001687218339
Risk-Aware Regime Switching,4403,84.93181280033325
Risk-Aware Regime Switching,4404,66.71360317590856
Risk-Aware Regime Switching,4405,83.6070948540797
Risk-Aware Regime Switching,4406,103.64429610350814
Risk-Aware Regime Switching,4407,98.80660561976458
Risk-Aware Regime Switching,4408,138.44760622337714
Risk-Aware Regime Switching,4409,64.39049053277235
Risk-Aware Regime Switching,4410,90.73589316946115
Risk-Aware Regime Switching,4411,100.35356335820921
Risk-Aware Regime Switching,4412,111.51990358377321
Risk-Aware Regime Switching,4413,102.34642832749084
Risk-Aware Regime Switching,4414,118.57177869483424
Risk-Aware Regime Switching,4415,76.47662532446718
Risk-Aware Regime Switching,4416,109.96092497182319
Risk-Aware Regime Switching,4417,66.88239643515524
Risk-Aware Regime Switching,4418,133.15021398045113
Risk-Aware Regime Switching,4419,104.33310497791423
Risk-Aware Regime Switching,4420,121.031685678277
Risk-Aware Regime Switching,4421,89.47779620420908
Risk-Aware Regime Switching,4422,132.38041187585472
Risk-Aware Regime Switching,4423,73.37783417371881
Risk-Aware Regime Switching,4424,103.81621540141843
Risk-Aware Regime Switching,4425,84.3758570730111
Risk-Aware Regime Switching,4426,82.73366959246125
Risk-Aware Regime Switching,4427,136.86574469222992
Risk-Aware Regime Switching,4428,166.802064163599
Risk-Aware Regime Switching,4429,112.35968290251941
Risk-Aware Regime Switching,4430,99.89110783242154
Risk-Aware Regime Switching,4431,93.00957171182583
Risk-Aware Regime Switching,4432,119.97059101171618
Risk-Aware Regime Switching,4433,129.19565572591776
Risk-Aware Regime Switching,4434,84.52498926466222
Risk-Aware Regime Switching,4435,68.41174426189525
Risk-Aware Regime Switching,4436,100.38185364049264
Risk-Aware Regime Switching,4437,62.69039620383745
Risk-Aware Regime Switching,4438,132.46407293646885
Risk-Aware Regime Switching,4439,90.72293856168498
Risk-Aware Regime Switching,4440,66.16563692074959
Risk-Aware Regime Switching,4441,63.63208251354333
Risk-Aware Regime Switching,4442,69.4700757198921
Risk-Aware Regime Switching,4443,95.76511206049409
Risk-Aware Regime Switching,4444,146.47928711800844
Risk-Aware Regime Switching,4445,122.79459275959547
Risk-Aware Regime Switching,4446,106.60004129601236
Risk-Aware Regime Switching,4447,118.32173485710098
Risk-Aware Regime Switching,4448,157.75630408464838
Risk-Aware Regime Switching,4449,96.80827251362385
Risk-Aware Regime Switching,4450,84.00625507162536
Risk-Aware Regime Switching,4451,94.62901405131302
Risk-Aware Regime Switching,4452,90.55705595301266
Risk-Aware Regime Switching,4453,100.14365598921901
Risk-Aware Regime Switching,4454,109.08428287738678
Risk-Aware Regime Switching,4455,106.48273219046416
Risk-Aware Regime Switching,4456,88.78002199494041
Risk-Aware Regime Switching,4457,134.15429651189046
Risk-Aware Regime Switching,4458,79.67974106069346
Risk-Aware Regime Switching,4459,154.75831680492843
Risk-Aware Regime Switching,4460,117.97468211108601
Risk-Aware Regime Switching,4461,95.02970973416454
Risk-Aware Regime Switching,4462,82.5248240689427
Risk-Aware Regime Switching,4463,125.28764524056564
Risk-Aware Regime Switching,4464,89.51539337876167
Risk-Aware Regime Switching,4465,125.31810274019222
Risk-Aware Regime Switching,4466,112.38140813598999
Risk-Aware Regime Switching,4467,93.65890437167668
Risk-Aware Regime Switching,4468,109.77383796321575
Risk-Aware Regime Switching,4469,69.88596805636021
Risk-Aware Regime Switching,4470,97.35392356639848
Risk-Aware Regime Switching,4471,81.09251026807875
Risk-Aware Regime Switching,4472,93.43885075903127
Risk-Aware Regime Switching,4473,93.19271132165953
Risk-Aware Regime Switching,4474,87.17609598471864
Risk-Aware Regime Switching,4475,59.462622734933426
Risk-Aware Regime Switching,4476,105.0268913759892
Risk-Aware Regime Switching,4477,102.9004883576937
Risk-Aware Regime Switching,4478,90.44984353045862
Risk-Aware Regime Switching,4479,78.2962424335521
Risk-Aware Regime Switching,4480,117.4193547382345
Risk-Aware Regime Switching,4481,102.71788600302018
Risk-Aware Regime Switching,4482,97.00836344357099
Risk-Aware Regime Switching,4483,106.56409364717867
Risk-Aware Regime Switching,4484,106.72212789295969
Risk-Aware Regime Switching,4485,86.931662674665
Risk-Aware Regime Switching,4486,89.83433649983552
Risk-Aware Regime Switching,4487,88.6778249187561
Risk-Aware Regime Switching,4488,88.87081800114494
Risk-Aware Regime Switching,4489,134.5069886754169
Risk-Aware Regime Switching,4490,106.73485259750073
Risk-Aware Regime Switching,4491,92.84016781914673
Risk-Aware Regime Switching,4492,74.5804992771562
Risk-Aware Regime Switching,4493,121.3435266615291
Risk-Aware Regime Switching,4494,104.323938014936
Risk-Aware Regime Switching,4495,93.65365326567543
Risk-Aware Regime Switching,4496,91.6355864207098
Risk-Aware Regime Switching,4497,97.56494390142845
Risk-Aware Regime Switching,4498,75.90524613700873
Risk-Aware Regime Switching,4499,99.06043946815947
Risk-Aware Regime Switching,4500,151.721443840617
Risk-Aware Regime Switching,4501,140.0555174567121
Risk-Aware Regime Switching,4502,86.54062880654384
Risk-Aware Regime Switching,4503,91.30395598731195
Risk-Aware Regime Switching,4504,74.24526836493595
Risk-Aware Regime Switching,4505,118.90633628050958
Risk-Aware Regime Switching,4506,115.61387449813043
Risk-Aware Regime Switching,4507,96.00545598022136
Risk-Aware Regime Switching,4508,122.82116233117905
Risk-Aware Regime Switching,4509,102.37081477840111
Risk-Aware Regime Switching,4510,97.14942151049604
Risk-Aware Regime Switching,4511,96.08878062273125
Risk-Aware Regime Switching,4512,150.25080515689467
Risk-Aware Regime Switching,4513,73.85616122151501
Risk-Aware Regime Switching,4514,70.03026791923232
Risk-Aware Regime Switching,4515,124.40701673168766
Risk-Aware Regime Switching,4516,88.94426887650499
Risk-Aware Regime Switching,4517,116.44819096190109
Risk-Aware Regime Switching,4518,91.5888377979326
Risk-Aware Regime Switching,4519,87.20326458147095
Risk-Aware Regime Switching,4520,86.20971809229876
Risk-Aware Regime Switching,4521,86.68034868211024
Risk-Aware Regime Switching,4522,115.99223821842676
Risk-Aware Regime Switching,4523,91.61302977102254
Risk-Aware Regime Switching,4524,72.69984127648902
Risk-Aware Regime Switching,4525,133.8697659790219
Risk-Aware Regime Switching,4526,92.09369494135844
Risk-Aware Regime Switching,4527,99.17771784581456
Risk-Aware Regime Switching,4528,59.533994516197566
Risk-Aware Regime Switching,4529,84.11818227773888
Risk-Aware Regime Switching,4530,89.58930297014828
Risk-Aware Regime Switching,4531,93.76613455141607
Risk-Aware Regime Switching,4532,72.93787996621323
Risk-Aware Regime Switching,4533,74.36387406163448
Risk-Aware Regime Switching,4534,106.60930268163484
Risk-Aware Regime Switching,4535,134.57425836534483
Risk-Aware Regime Switching,4536,143.2420860855015
Risk-Aware Regime Switching,4537,107.73087518307698
Risk-Aware Regime Switching,4538,83.70436786097503
Risk-Aware Regime Switching,4539,75.61349182679193
Risk-Aware Regime Switching,4540,86.23533194917744
Risk-Aware Regime Switching,4541,67.032133031854
Risk-Aware Regime Switching,4542,118.63639402150774
Risk-Aware Regime Switching,4543,88.02910390989516
Risk-Aware Regime Switching,4544,78.50015620645415
Risk-Aware Regime Switching,4545,85.6745079030915
Risk-Aware Regime Switching,4546,79.55092268544057
Risk-Aware Regime Switching,4547,85.89794359273529
Risk-Aware Regime Switching,4548,74.37502566538441
Risk-Aware Regime Switching,4549,86.94265012837782
Risk-Aware Regime Switching,4550,84.69474778964724
Risk-Aware Regime Switching,4551,75.07810084935585
Risk-Aware Regime Switching,4552,123.27784808473403
Risk-Aware Regime Switching,4553,50.50491550710316
Risk-Aware Regime Switching,4554,88.69926028371921
Risk-Aware Regime Switching,4555,94.71764100870504
Risk-Aware Regime Switching,4556,111.66182515545655
Risk-Aware Regime Switching,4557,84.62764343647761
Risk-Aware Regime Switching,4558,86.6729355763089
Risk-Aware Regime Switching,4559,119.61491736854381
Risk-Aware Regime Switching,4560,98.73460145246156
Risk-Aware Regime Switching,4561,86.58413917712198
Risk-Aware Regime Switching,4562,103.02500695456094
Risk-Aware Regime Switching,4563,91.44240409606948
Risk-Aware Regime Switching,4564,81.6314296123575
Risk-Aware Regime Switching,4565,81.80178255221693
Risk-Aware Regime Switching,4566,106.57226558423704
Risk-Aware Regime Switching,4567,124.95724646358556
Risk-Aware Regime Switching,4568,155.4272638962423
Risk-Aware Regime Switching,4569,95.40571241613908
Risk-Aware Regime Switching,4570,124.85060862819913
Risk-Aware Regime Switching,4571,99.6027089162533
Risk-Aware Regime Switching,4572,94.57840448602175
Risk-Aware Regime Switching,4573,102.65167269102373
Risk-Aware Regime Switching,4574,107.31258387073008
Risk-Aware Regime Switching,4575,108.88827449843659
Risk-Aware Regime Switching,4576,101.96564547566582
Risk-Aware Regime Switching,4577,105.29178081173521
Risk-Aware Regime Switching,4578,127.5960392231879
Risk-Aware Regime Switching,4579,109.36647131186659
Risk-Aware Regime Switching,4580,126.43973513486631
Risk-Aware Regime Switching,4581,95.38902830066948
Risk-Aware Regime Switching,4582,57.72984222004469
Risk-Aware Regime Switching,4583,70.24166872651453
Risk-Aware Regime Switching,4584,72.54720894195265
Risk-Aware Regime Switching,4585,96.65387207706996
Risk-Aware Regime Switching,4586,116.57030777748257
Risk-Aware Regime Switching,4587,87.68342380251732
Risk-Aware Regime Switching,4588,108.9593195605155
Risk-Aware Regime Switching,4589,68.73579364086704
Risk-Aware Regime Switching,4590,99.21401429346348
Risk-Aware Regime Switching,4591,132.44385721040862
Risk-Aware Regime Switching,4592,92.62214624010564
Risk-Aware Regime Switching,4593,93.98730479154138
Risk-Aware Regime Switching,4594,71.26043033247177
Risk-Aware Regime Switching,4595,92.0195603850877
Risk-Aware Regime Switching,4596,86.52541279843847
Risk-Aware Regime Switching,4597,87.64616087556328
Risk-Aware Regime Switching,4598,76.54072318785859
Risk-Aware Regime Switching,4599,118.61784289988846
Risk-Aware Regime Switching,4600,86.35453214225376
Risk-Aware Regime Switching,4601,115.7986697417775
Risk-Aware Regime Switching,4602,59.630914292387985
Risk-Aware Regime Switching,4603,119.96353314639332
Risk-Aware Regime Switching,4604,82.72819226218357
Risk-Aware Regime Switching,4605,71.62034691756791
Risk-Aware Regime Switching,4606,77.42701091589316
Risk-Aware Regime Switching,4607,125.44668182164018
Risk-Aware Regime Switching,4608,96.05276599334186
Risk-Aware Regime Switching,4609,61.48585297249242
Risk-Aware Regime Switching,4610,99.05582711395418
Risk-Aware Regime Switching,4611,122.84858181923978
Risk-Aware Regime Switching,4612,116.98625241553687
Risk-Aware Regime Switching,4613,83.25102246341466
Risk-Aware Regime Switching,4614,90.2596480046287
Risk-Aware Regime Switching,4615,141.23502309212523
Risk-Aware Regime Switching,4616,109.76592023988638
Risk-Aware Regime Switching,4617,90.37138006718097
Risk-Aware Regime Switching,4618,86.01510488256193
Risk-Aware Regime Switching,4619,103.88938096659375
Risk-Aware Regime Switching,4620,70.61635536412791
Risk-Aware Regime Switching,4621,96.02670322089213
Risk-Aware Regime Switching,4622,97.6990342473847
Risk-Aware Regime Switching,4623,68.67558294485654
Risk-Aware Regime Switching,4624,111.51307368768437
Risk-Aware Regime Switching,4625,87.28500661089184
Risk-Aware Regime Switching,4626,114.8965337054403
Risk-Aware Regime Switching,4627,70.3663813959958
Risk-Aware Regime Switching,4628,97.04161664921727
Risk-Aware Regime Switching,4629,84.71648710929176
Risk-Aware Regime Switching,4630,65.28074060630948
Risk-Aware Regime Switching,4631,127.59971770022771
Risk-Aware Regime Switching,4632,75.22373464589595
Risk-Aware Regime Switching,4633,122.1613740784261
Risk-Aware Regime Switching,4634,143.49946372623396
Risk-Aware Regime Switching,4635,102.859649856461
Risk-Aware Regime Switching,4636,76.25896073377662
Risk-Aware Regime Switching,4637,79.58011887052685
Risk-Aware Regime Switching,4638,112.1216576136845
Risk-Aware Regime Switching,4639,98.28808635879194
Risk-Aware Regime Switching,4640,100.54687603023615
Risk-Aware Regime Switching,4641,74.03695406784549
Risk-Aware Regime Switching,4642,136.16231540186217
Risk-Aware Regime Switching,4643,110.82439211751762
Risk-Aware Regime Switching,4644,136.17455386069486
Risk-Aware Regime Switching,4645,104.3989767361841
Risk-Aware Regime Switching,4646,78.34133870988674
Risk-Aware Regime Switching,4647,98.71577967010637
Risk-Aware Regime Switching,4648,100.81563786681143
Risk-Aware Regime Switching,4649,126.68649794274978
Risk-Aware Regime Switching,4650,134.13105025147064
Risk-Aware Regime Switching,4651,102.57431918143153
Risk-Aware Regime Switching,4652,124.8350530180268
Risk-Aware Regime Switching,4653,98.67667355946826
Risk-Aware Regime Switching,4654,105.39304510700535
Risk-Aware Regime Switching,4655,77.51511322822724
Risk-Aware Regime Switching,4656,114.04706485457976
Risk-Aware Regime Switching,4657,103.88160361336215
Risk-Aware Regime Switching,4658,63.047697301539785
Risk-Aware Regime Switching,4659,131.53536743050566
Risk-Aware Regime Switching,4660,107.72104803107902
Risk-Aware Regime Switching,4661,71.64266435112594
Risk-Aware Regime Switching,4662,71.74840627756063
Risk-Aware Regime Switching,4663,104.74006240885889
Risk-Aware Regime Switching,4664,78.74821593821488
Risk-Aware Regime Switching,4665,74.6228659627492
Risk-Aware Regime Switching,4666,94.82813227013726
Risk-Aware Regime Switching,4667,85.77643541045417
Risk-Aware Regime Switching,4668,155.29054625478727
Risk-Aware Regime Switching,4669,119.24869401430793
Risk-Aware Regime Switching,4670,123.59528808364209
Risk-Aware Regime Switching,4671,103.23994881280625
Risk-Aware Regime Switching,4672,82.27030604902251
Risk-Aware Regime Switching,4673,114.39459961947833
Risk-Aware Regime Switching,4674,126.304569794584
Risk-Aware Regime Switching,4675,87.75029511162056
Risk-Aware Regime Switching,4676,79.04497029376226
Risk-Aware Regime Switching,4677,135.66073453832212
Risk-Aware Regime Switching,4678,133.83913627865715
Risk-Aware Regime Switching,4679,111.99382255818794
Risk-Aware Regime Switching,4680,55.21902702701691
Risk-Aware Regime Switching,4681,143.06224415679512
Risk-Aware Regime Switching,4682,87.14744805513433
Risk-Aware Regime Switching,4683,122.07941874439143
Risk-Aware Regime Switching,4684,103.61799766319457
Risk-Aware Regime Switching,4685,82.3076124612119
Risk-Aware Regime Switching,4686,60.62574557595267
Risk-Aware Regime Switching,4687,114.47422374997502
Risk-Aware Regime Switching,4688,80.62388300286966
Risk-Aware Regime Switching,4689,75.63300018581701
Risk-Aware Regime Switching,4690,123.86136987709982
Risk-Aware Regime Switching,4691,76.82934885976096
Risk-Aware Regime Switching,4692,82.028509079066
Risk-Aware Regime Switching,4693,116.74556594810699
Risk-Aware Regime Switching,4694,101.48452198722124
Risk-Aware Regime Switching,4695,146.76794394880045
Risk-Aware Regime Switching,4696,114.07985184068899
Risk-Aware Regime Switching,4697,149.44828649137168
Risk-Aware Regime Switching,4698,72.05389310287741
Risk-Aware Regime Switching,4699,101.26409355598445
Risk-Aware Regime Switching,4700,103.52963506822883
Risk-Aware Regime Switching,4701,103.38546266130079
Risk-Aware Regime Switching,4702,102.7058933979206
Risk-Aware Regime Switching,4703,131.6054085530608
Risk-Aware Regime Switching,4704,101.14321976178293
Risk-Aware Regime Switching,4705,107.79208102320797
Risk-Aware Regime Switching,4706,119.1782462718518
Risk-Aware Regime Switching,4707,82.75822084979467
Risk-Aware Regime Switching,4708,113.24406450947716
Risk-Aware Regime Switching,4709,139.79502067010964
Risk-Aware Regime Switching,4710,152.71950819947128
Risk-Aware Regime Switching,4711,132.37609401170164
Risk-Aware Regime Switching,4712,136.66549230288493
Risk-Aware Regime Switching,4713,114.50590421226619
Risk-Aware Regime Switching,4714,100.93356660598883
Risk-Aware Regime Switching,4715,93.94078733719324
Risk-Aware Regime Switching,4716,86.65950948355436
Risk-Aware Regime Switching,4717,108.14833077781225
Risk-Aware Regime Switching,4718,93.43001358219057
Risk-Aware Regime Switching,4719,105.48747475280764
Risk-Aware Regime Switching,4720,96.86263751234952
Risk-Aware Regime Switching,4721,70.46580971288782
Risk-Aware Regime Switching,4722,126.59098489000284
Risk-Aware Regime Switching,4723,120.29074075800771
Risk-Aware Regime Switching,4724,81.2757858010112
Risk-Aware Regime Switching,4725,106.83608728885407
Risk-Aware Regime Switching,4726,76.51841015146458
Risk-Aware Regime Switching,4727,95.42958980555392
Risk-Aware Regime Switching,4728,114.07835563621715
Risk-Aware Regime Switching,4729,51.287255353690185
Risk-Aware Regime Switching,4730,95.63337173856691
Risk-Aware Regime Switching,4731,129.08079446304447
Risk-Aware Regime Switching,4732,96.27640085605992
Risk-Aware Regime Switching,4733,82.23227628578123
Risk-Aware Regime Switching,4734,106.65179600504023
Risk-Aware Regime Switching,4735,96.65629847789064
Risk-Aware Regime Switching,4736,97.05673988461054
Risk-Aware Regime Switching,4737,64.79783242551387
Risk-Aware Regime Switching,4738,87.28374136425855
Risk-Aware Regime Switching,4739,114.70329593500479
Risk-Aware Regime Switching,4740,78.89435789342375
Risk-Aware Regime Switching,4741,79.353689718467
Risk-Aware Regime Switching,4742,105.41722348443776
Risk-Aware Regime Switching,4743,77.53500607399899
Risk-Aware Regime Switching,4744,116.86664862906841
Risk-Aware Regime Switching,4745,125.6775095039426
Risk-Aware Regime Switching,4746,112.80681200200281
Risk-Aware Regime Switching,4747,69.62611541822906
Risk-Aware Regime Switching,4748,179.31815897932717
Risk-Aware Regime Switching,4749,65.27699924066067
Risk-Aware Regime Switching,4750,76.64458585099815
Risk-Aware Regime Switching,4751,103.49713560641933
Risk-Aware Regime Switching,4752,73.3578263022549
Risk-Aware Regime Switching,4753,55.057018498289324
Risk-Aware Regime Switching,4754,95.88530100263837
Risk-Aware Regime Switching,4755,78.30032571456944
Risk-Aware Regime Switching,4756,130.31062608130236
Risk-Aware Regime Switching,4757,87.17580494022063
Risk-Aware Regime Switching,4758,69.94806415591677
Risk-Aware Regime Switching,4759,127.5947707694504
Risk-Aware Regime Switching,4760,148.80178030727203
Risk-Aware Regime Switching,4761,103.59196671318989
Risk-Aware Regime Switching,4762,107.326784165633
Risk-Aware Regime Switching,4763,92.49424788044351
Risk-Aware Regime Switching,4764,85.46648501767407
Risk-Aware Regime Switching,4765,83.43791044853384
Risk-Aware Regime Switching,4766,89.25024717036895
Risk-Aware Regime Switching,4767,101.64686273732728
Risk-Aware Regime Switching,4768,97.59183450697749
Risk-Aware Regime Switching,4769,70.73926868650346
Risk-Aware Regime Switching,4770,95.48573696458303
Risk-Aware Regime Switching,4771,81.83611313976222
Risk-Aware Regime Switching,4772,113.98545884353123
Risk-Aware Regime Switching,4773,80.93799482476875
Risk-Aware Regime Switching,4774,104.4793545521655
Risk-Aware Regime Switching,4775,114.14179404583318
Risk-Aware Regime Switching,4776,83.85475560214114
Risk-Aware Regime Switching,4777,87.79789535682436
Risk-Aware Regime Switching,4778,75.8007750699559
Risk-Aware Regime Switching,4779,110.55968593297179
Risk-Aware Regime Switching,4780,83.1041888027985
Risk-Aware Regime Switching,4781,76.1207604510887
Risk-Aware Regime Switching,4782,68.0907603811625
Risk-Aware Regime Switching,4783,81.85565048301065
Risk-Aware Regime Switching,4784,133.8476003163488
Risk-Aware Regime Switching,4785,98.6368142804582
Risk-Aware Regime Switching,4786,97.90565346326039
Risk-Aware Regime Switching,4787,87.09828303934486
Risk-Aware Regime Switching,4788,115.03693466091892
Risk-Aware Regime Switching,4789,58.54334056953634
Risk-Aware Regime Switching,4790,111.46576436581886
Risk-Aware Regime Switching,4791,67.93336997691912
Risk-Aware Regime Switching,4792,101.4433577530613
Risk-Aware Regime Switching,4793,111.59492256884084
Risk-Aware Regime Switching,4794,83.25058571730533
Risk-Aware Regime Switching,4795,109.95100130117603
Risk-Aware Regime Switching,4796,122.47321159523122
Risk-Aware Regime Switching,4797,102.86691199565996
Risk-Aware Regime Switching,4798,109.90037693093042
Risk-Aware Regime Switching,4799,117.70079913686111
Risk-Aware Regime Switching,4800,74.21635533615417
Risk-Aware Regime Switching,4801,90.82515283081666
Risk-Aware Regime Switching,4802,76.28712596962956
Risk-Aware Regime Switching,4803,88.29108053990844
Risk-Aware Regime Switching,4804,72.19677201682097
Risk-Aware Regime Switching,4805,100.3701066751409
Risk-Aware Regime Switching,4806,79.4791570625323
Risk-Aware Regime Switching,4807,68.36646160786222
Risk-Aware Regime Switching,4808,87.04890662770374
Risk-Aware Regime Switching,4809,117.17376551430914
Risk-Aware Regime Switching,4810,55.90044057274392
Risk-Aware Regime Switching,4811,122.95627475330299
Risk-Aware Regime Switching,4812,116.65971892394904
Risk-Aware Regime Switching,4813,118.38503114486474
Risk-Aware Regime Switching,4814,150.44921469347526
Risk-Aware Regime Switching,4815,89.84634934551143
Risk-Aware Regime Switching,4816,139.5358640887988
Risk-Aware Regime Switching,4817,125.3917463514893
Risk-Aware Regime Switching,4818,134.41259202484508
Risk-Aware Regime Switching,4819,101.69556146575157
Risk-Aware Regime Switching,4820,99.82668278150703
Risk-Aware Regime Switching,4821,91.94119106405975
Risk-Aware Regime Switching,4822,82.61787742395794
Risk-Aware Regime Switching,4823,105.16844584970451
Risk-Aware Regime Switching,4824,90.64697673833346
Risk-Aware Regime Switching,4825,118.53226782602778
Risk-Aware Regime Switching,4826,58.85259236496431
Risk-Aware Regime Switching,4827,133.82278122606712
Risk-Aware Regime Switching,4828,60.610524610028726
Risk-Aware Regime Switching,4829,89.09066336040216
Risk-Aware Regime Switching,4830,80.83076681493148
Risk-Aware Regime Switching,4831,98.91757212807313
Risk-Aware Regime Switching,4832,99.2734300849074
Risk-Aware Regime Switching,4833,136.59387228866404
Risk-Aware Regime Switching,4834,80.48477053645587
Risk-Aware Regime Switching,4835,95.20589962745741
Risk-Aware Regime Switching,4836,102.50759329485905
Risk-Aware Regime Switching,4837,98.33685058748378
Risk-Aware Regime Switching,4838,86.04890570737027
Risk-Aware Regime Switching,4839,99.29757114011795
Risk-Aware Regime Switching,4840,107.93784146446951
Risk-Aware Regime Switching,4841,88.59326854509392
Risk-Aware Regime Switching,4842,67.71406662866667
Risk-Aware Regime Switching,4843,109.22409363943481
Risk-Aware Regime Switching,4844,127.64766528046493
Risk-Aware Regime Switching,4845,126.40232745746316
Risk-Aware Regime Switching,4846,88.50274471714425
Risk-Aware Regime Switching,4847,82.07866282996348
Risk-Aware Regime Switching,4848,51.00944149478297
Risk-Aware Regime Switching,4849,102.15878644241224
Risk-Aware Regime Switching,4850,86.9702176641482
Risk-Aware Regime Switching,4851,93.31001136357169
Risk-Aware Regime Switching,4852,132.95731366371993
Risk-Aware Regime Switching,4853,111.90913852272229
Risk-Aware Regime Switching,4854,94.83272561033183
Risk-Aware Regime Switching,4855,100.75213256029825
Risk-Aware Regime Switching,4856,72.12908815046028
Risk-Aware Regime Switching,4857,133.01681035463378
Risk-Aware Regime Switching,4858,80.07119221042191
Risk-Aware Regime Switching,4859,127.28376211160854
Risk-Aware Regime Switching,4860,65.18555483137465
Risk-Aware Regime Switching,4861,148.79725398392227
Risk-Aware Regime Switching,4862,83.54149919744775
Risk-Aware Regime Switching,4863,69.3421573695515
Risk-Aware Regime Switching,4864,118.04640568530425
Risk-Aware Regime Switching,4865,139.36528817536345
Risk-Aware Regime Switching,4866,95.85727233294496
Risk-Aware Regime Switching,4867,97.80353545373282
Risk-Aware Regime Switching,4868,93.08596773286119
Risk-Aware Regime Switching,4869,78.89295679419351
Risk-Aware Regime Switching,4870,106.1400606981982
Risk-Aware Regime Switching,4871,88.14559991823467
Risk-Aware Regime Switching,4872,88.68674468287153
Risk-Aware Regime Switching,4873,65.22622123482954
Risk-Aware Regime Switching,4874,74.8919729364626
Risk-Aware Regime Switching,4875,79.53151167840805
Risk-Aware Regime Switching,4876,121.10368263008193
Risk-Aware Regime Switching,4877,66.0646823594368
Risk-Aware Regime Switching,4878,95.3630649563873
Risk-Aware Regime Switching,4879,110.39738695496126
Risk-Aware Regime Switching,4880,57.03560248572136
Risk-Aware Regime Switching,4881,101.33192746069824
Risk-Aware Regime Switching,4882,70.22284422138104
Risk-Aware Regime Switching,4883,171.27505431080596
Risk-Aware Regime Switching,4884,117.2859516475254
Risk-Aware Regime Switching,4885,66.5057587581519
Risk-Aware Regime Switching,4886,84.56872302854634
Risk-Aware Regime Switching,4887,96.25144294529747
Risk-Aware Regime Switching,4888,120.3708994228168
Risk-Aware Regime Switching,4889,112.94129919873308
Risk-Aware Regime Switching,4890,125.4860455451406
Risk-Aware Regime Switching,4891,104.05610638068991
Risk-Aware Regime Switching,4892,107.55634728542631
Risk-Aware Regime Switching,4893,120.63688124272032
Risk-Aware Regime Switching,4894,67.39299881197375
Risk-Aware Regime Switching,4895,143.7288398683509
Risk-Aware Regime Switching,4896,104.92613934348809
Risk-Aware Regime Switching,4897,79.85309606591298
Risk-Aware Regime Switching,4898,126.82115202049889
Risk-Aware Regime Switching,4899,85.39605615766654
Risk-Aware Regime Switching,4900,87.52557924899071
Risk-Aware Regime Switching,4901,124.80201399824699
Risk-Aware Regime Switching,4902,102.75081997148764
Risk-Aware Regime Switching,4903,136.00037248647058
Risk-Aware Regime Switching,4904,157.65135286007833
Risk-Aware Regime Switching,4905,78.82303534601402
Risk-Aware Regime Switching,4906,97.77374144303806
Risk-Aware Regime Switching,4907,71.87905605555737
Risk-Aware Regime Switching,4908,130.4018939319388
Risk-Aware Regime Switching,4909,154.1181273705111
Risk-Aware Regime Switching,4910,125.73529999974042
Risk-Aware Regime Switching,4911,70.12652897946629
Risk-Aware Regime Switching,4912,83.61512803105859
Risk-Aware Regime Switching,4913,95.56270005729404
Risk-Aware Regime Switching,4914,115.69229320769563
Risk-Aware Regime Switching,4915,83.1282198619834
Risk-Aware Regime Switching,4916,97.42948125745657
Risk-Aware Regime Switching,4917,130.94599712553043
Risk-Aware Regime Switching,4918,74.33285954159784
Risk-Aware Regime Switching,4919,79.14901428078042
Risk-Aware Regime Switching,4920,80.46513645168383
Risk-Aware Regime Switching,4921,80.28953017915651
Risk-Aware Regime Switching,4922,131.3406413127163
Risk-Aware Regime Switching,4923,74.85741196118025
Risk-Aware Regime Switching,4924,106.65717449157988
Risk-Aware Regime Switching,4925,90.35986085115425
Risk-Aware Regime Switching,4926,76.35409567571978
Risk-Aware Regime Switching,4927,130.73059752130004
Risk-Aware Regime Switching,4928,78.32649532897074
Risk-Aware Regime Switching,4929,69.27754689392795
Risk-Aware Regime Switching,4930,93.94376866157961
Risk-Aware Regime Switching,4931,99.36659325609465
Risk-Aware Regime Switching,4932,144.19794513437978
Risk-Aware Regime Switching,4933,138.7436284912153
Risk-Aware Regime Switching,4934,79.92752114478807
Risk-Aware Regime Switching,4935,104.62534394560801
Risk-Aware Regime Switching,4936,86.55510928901326
Risk-Aware Regime Switching,4937,67.50316518973494
Risk-Aware Regime Switching,4938,103.23598510165806
Risk-Aware Regime Switching,4939,59.01896649167233
Risk-Aware Regime Switching,4940,82.58462891496852
Risk-Aware Regime Switching,4941,64.49001944110863
Risk-Aware Regime Switching,4942,66.50603370483009
Risk-Aware Regime Switching,4943,72.0787203911529
Risk-Aware Regime Switching,4944,145.27336019832887
Risk-Aware Regime Switching,4945,103.87035604969783
Risk-Aware Regime Switching,4946,84.25441263347233
Risk-Aware Regime Switching,4947,83.5030945340352
Risk-Aware Regime Switching,4948,107.07750552259812
Risk-Aware Regime Switching,4949,97.89253981696207
Risk-Aware Regime Switching,4950,121.71407414556555
Risk-Aware Regime Switching,4951,92.4255668084148
Risk-Aware Regime Switching,4952,74.76551743295566
Risk-Aware Regime Switching,4953,82.62975350576353
Risk-Aware Regime Switching,4954,113.39854875943642
Risk-Aware Regime Switching,4955,120.52267716810492
Risk-Aware Regime Switching,4956,64.45485537802183
Risk-Aware Regime Switching,4957,61.260706362981345
Risk-Aware Regime Switching,4958,75.23320474882811
Risk-Aware Regime Switching,4959,104.56292422831059
Risk-Aware Regime Switching,4960,130.676739216457
Risk-Aware Regime Switching,4961,71.64700871067232
Risk-Aware Regime Switching,4962,89.84102233252067
Risk-Aware Regime Switching,4963,85.90655045968767
Risk-Aware Regime Switching,4964,93.55172746984482
Risk-Aware Regime Switching,4965,132.64015275966335
Risk-Aware Regime Switching,4966,112.02025596894923
Risk-Aware Regime Switching,4967,89.29710377214062
Risk-Aware Regime Switching,4968,159.81398422083205
Risk-Aware Regime Switching,4969,110.7855918619754
Risk-Aware Regime Switching,4970,100.40563914935674
Risk-Aware Regime Switching,4971,63.842428230323044
Risk-Aware Regime Switching,4972,79.12274585930783
Risk-Aware Regime Switching,4973,63.564469931284705
Risk-Aware Regime Switching,4974,80.41375718474723
Risk-Aware Regime Switching,4975,84.51861165648029
Risk-Aware Regime Switching,4976,105.02809495294525
Risk-Aware Regime Switching,4977,115.11885977275753
Risk-Aware Regime Switching,4978,123.72165984897994
Risk-Aware Regime Switching,4979,68.85434446018999
Risk-Aware Regime Switching,4980,101.71992809614207
Risk-Aware Regime Switching,4981,117.70063558694271
Risk-Aware Regime Switching,4982,70.35700657859898
Risk-Aware Regime Switching,4983,87.93937310051146
Risk-Aware Regime Switching,4984,113.89226841281162
Risk-Aware Regime Switching,4985,60.78302990461283
Risk-Aware Regime Switching,4986,119.42049468699567
Risk-Aware Regime Switching,4987,88.28344884794961
Risk-Aware Regime Switching,4988,93.73016394586723
Risk-Aware Regime Switching,4989,65.26719826347592
Risk-Aware Regime Switching,4990,130.33521207150022
Risk-Aware Regime Switching,4991,87.67353349470788
Risk-Aware Regime Switching,4992,87.02719108365079
Risk-Aware Regime Switching,4993,90.12044510795839
Risk-Aware Regime Switching,4994,64.88676905682895
Risk-Aware Regime Switching,4995,109.73523730970956
Risk-Aware Regime Switching,4996,133.03543927261896
Risk-Aware Regime Switching,4997,76.10827827915645
Risk-Aware Regime Switching,4998,100.07252569470677
Risk-Aware Regime Switching,4999,130.9085144489364
Risk-Aware Regime Switching,5000,70.48926477605497
Risk-Aware Regime Switching,5001,105.08417934571604
Risk-Aware Regime Switching,5002,66.05862540162403
Risk-Aware Regime Switching,5003,67.71884543056164
Risk-Aware Regime Switching,5004,97.713120197746
Risk-Aware Regime Switching,5005,90.17310798895281
Risk-Aware Regime Switching,5006,95.50841562841599
Risk-Aware Regime Switching,5007,122.82573360478501
Risk-Aware Regime Switching,5008,110.31537108453011
Risk-Aware Regime Switching,5009,112.05838140672893
Risk-Aware Regime Switching,5010,139.76435853992027
Risk-Aware Regime Switching,5011,102.06506334602206
Risk-Aware Regime Switching,5012,74.76175175671862
Risk-Aware Regime Switching,5013,92.55004736138854
Risk-Aware Regime Switching,5014,94.29405403410207
Risk-Aware Regime Switching,5015,120.88422161231689
Risk-Aware Regime Switching,5016,74.98084195413914
Risk-Aware Regime Switching,5017,85.77615656984597
Risk-Aware Regime Switching,5018,90.68961027712523
Risk-Aware Regime Switching,5019,52.11346490161812
Risk-Aware Regime Switching,5020,73.87280204829005
Risk-Aware Regime Switching,5021,90.83309431483309
Risk-Aware Regime Switching,5022,119.23839022576068
Risk-Aware Regime Switching,5023,84.85299620675613
Risk-Aware Regime Switching,5024,90.31679083202233
Risk-Aware Regime Switching,5025,112.27463193841774
Risk-Aware Regime Switching,5026,73.94711162656861
Risk-Aware Regime Switching,5027,73.80494757968862
Risk-Aware Regime Switching,5028,75.25587546489062
Risk-Aware Regime Switching,5029,92.11082379009147
Risk-Aware Regime Switching,5030,81.58387521324612
Risk-Aware Regime Switching,5031,116.85601255709332
Risk-Aware Regime Switching,5032,90.19876115814837
Risk-Aware Regime Switching,5033,132.88301971258124
Risk-Aware Regime Switching,5034,117.2252017938735
Risk-Aware Regime Switching,5035,115.35639830556477
Risk-Aware Regime Switching,5036,117.94209978104209
Risk-Aware Regime Switching,5037,148.7017273030812
Risk-Aware Regime Switching,5038,118.0024867604387
Risk-Aware Regime Switching,5039,77.19979709478858
Risk-Aware Regime Switching,5040,95.8917259761615
Risk-Aware Regime Switching,5041,87.39328442791074
Risk-Aware Regime Switching,5042,98.24347608967088
Risk-Aware Regime Switching,5043,99.15442481145139
Risk-Aware Regime Switching,5044,109.23460084319959
Risk-Aware Regime Switching,5045,114.33658327762967
Risk-Aware Regime Switching,5046,83.58113228404736
Risk-Aware Regime Switching,5047,142.749201726142
Risk-Aware Regime Switching,5048,118.89280307695648
Risk-Aware Regime Switching,5049,84.64405699977434
Risk-Aware Regime Switching,5050,122.92528955678401
Risk-Aware Regime Switching,5051,83.06541042482313
Risk-Aware Regime Switching,5052,113.58892359414226
Risk-Aware Regime Switching,5053,104.83576226046823
Risk-Aware Regime Switching,5054,83.15332709922164
Risk-Aware Regime Switching,5055,68.84820510079102
Risk-Aware Regime Switching,5056,123.09977910655027
Risk-Aware Regime Switching,5057,75.63067318766583
Risk-Aware Regime Switching,5058,95.28385890375586
Risk-Aware Regime Switching,5059,115.27904897952928
Risk-Aware Regime Switching,5060,56.128117257455756
Risk-Aware Regime Switching,5061,71.52019607800881
Risk-Aware Regime Switching,5062,83.30645810400765
Risk-Aware Regime Switching,5063,96.32237737543245
Risk-Aware Regime Switching,5064,109.19178943133933
Risk-Aware Regime Switching,5065,106.48391850663133
Risk-Aware Regime Switching,5066,94.10141515966
Risk-Aware Regime Switching,5067,107.40922285874146
Risk-Aware Regime Switching,5068,66.23340516037615
Risk-Aware Regime Switching,5069,109.86499301249908
Risk-Aware Regime Switching,5070,91.49093572500144
Risk-Aware Regime Switching,5071,83.56327926712945
Risk-Aware Regime Switching,5072,86.26140548876907
Risk-Aware Regime Switching,5073,65.70273921094244
Risk-Aware Regime Switching,5074,102.44444773120169
Risk-Aware Regime Switching,5075,137.35035214943107
Risk-Aware Regime Switching,5076,92.9877468609359
Risk-Aware Regime Switching,5077,116.91632087464237
Risk-Aware Regime Switching,5078,141.3593693685608
Risk-Aware Regime Switching,5079,142.6525469609175
Risk-Aware Regime Switching,5080,82.16799905897994
Risk-Aware Regime Switching,5081,128.18033119708065
Risk-Aware Regime Switching,5082,121.30167226944242
Risk-Aware Regime Switching,5083,79.99243910140287
Risk-Aware Regime Switching,5084,126.41840449603887
Risk-Aware Regime Switching,5085,91.01153148822955
Risk-Aware Regime Switching,5086,98.83213765113935
Risk-Aware Regime Switching,5087,87.30126580133107
Risk-Aware Regime Switching,5088,67.99507828199492
Risk-Aware Regime Switching,5089,70.21525390459499
Risk-Aware Regime Switching,5090,141.1845082474948
Risk-Aware Regime Switching,5091,83.88232368917127
Risk-Aware Regime Switching,5092,79.69344224379026
Risk-Aware Regime Switching,5093,85.80555726006807
Risk-Aware Regime Switching,5094,57.69488399025718
Risk-Aware Regime Switching,5095,133.17846312035678
Risk-Aware Regime Switching,5096,96.63505660429414
Risk-Aware Regime Switching,5097,91.33307264987468
Risk-Aware Regime Switching,5098,81.69991826252608
Risk-Aware Regime Switching,5099,67.57041991110786
Risk-Aware Regime Switching,5100,71.54055031858334
Risk-Aware Regime Switching,5101,99.28399128003697
Risk-Aware Regime Switching,5102,101.32966447949852
Risk-Aware Regime Switching,5103,69.93894638496349
Risk-Aware Regime Switching,5104,74.8447035642357
Risk-Aware Regime Switching,5105,113.12144818159365
Risk-Aware Regime Switching,5106,79.74979817258931
Risk-Aware Regime Switching,5107,107.6661310873727
Risk-Aware Regime Switching,5108,87.50397108700406
Risk-Aware Regime Switching,5109,96.70954201526848
Risk-Aware Regime Switching,5110,108.17859973973994
Risk-Aware Regime Switching,5111,123.54037323731266
Risk-Aware Regime Switching,5112,103.77625156783516
Risk-Aware Regime Switching,5113,116.25540484855424
Risk-Aware Regime Switching,5114,126.60372295917823
Risk-Aware Regime Switching,5115,82.71181363618483
Risk-Aware Regime Switching,5116,76.29999044558929
Risk-Aware Regime Switching,5117,154.24758813341478
Risk-Aware Regime Switching,5118,130.76588741189084
Risk-Aware Regime Switching,5119,104.70648547924648
Risk-Aware Regime Switching,5120,115.71481215927568
Risk-Aware Regime Switching,5121,122.8339905381485
Risk-Aware Regime Switching,5122,99.12251485878129
Risk-Aware Regime Switching,5123,96.01377239990178
Risk-Aware Regime Switching,5124,85.34121932613758
Risk-Aware Regime Switching,5125,83.2352283027759
Risk-Aware Regime Switching,5126,120.8629096776044
Risk-Aware Regime Switching,5127,85.98233033669808
Risk-Aware Regime Switching,5128,89.29486197585408
Risk-Aware Regime Switching,5129,117.09863432292569
Risk-Aware Regime Switching,5130,65.07714148771278
Risk-Aware Regime Switching,5131,104.56596011815556
Risk-Aware Regime Switching,5132,121.912806303903
Risk-Aware Regime Switching,5133,117.4875849683595
Risk-Aware Regime Switching,5134,116.21572517599779
Risk-Aware Regime Switching,5135,67.04512646101782
Risk-Aware Regime Switching,5136,65.91804136127894
Risk-Aware Regime Switching,5137,83.25679791292981
Risk-Aware Regime Switching,5138,86.7525477484966
Risk-Aware Regime Switching,5139,108.38041105653163
Risk-Aware Regime Switching,5140,98.56600273496467
Risk-Aware Regime Switching,5141,144.74505633899776
Risk-Aware Regime Switching,5142,94.39829747724599
Risk-Aware Regime Switching,5143,87.87678122147727
Risk-Aware Regime Switching,5144,99.36427355861113
Risk-Aware Regime Switching,5145,86.46375848176751
Risk-Aware Regime Switching,5146,100.29836255742734
Risk-Aware Regime Switching,5147,94.42154036604339
Risk-Aware Regime Switching,5148,82.31704103257397
Risk-Aware Regime Switching,5149,82.94989609048285
Risk-Aware Regime Switching,5150,101.89660075991358
Risk-Aware Regime Switching,5151,93.9136607143253
Risk-Aware Regime Switching,5152,130.00342940499968
Risk-Aware Regime Switching,5153,99.66085553782342
Risk-Aware Regime Switching,5154,112.22697517736736
Risk-Aware Regime Switching,5155,92.21738276277377
Risk-Aware Regime Switching,5156,85.74773817801842
Risk-Aware Regime Switching,5157,90.03914119449888
Risk-Aware Regime Switching,5158,99.06652782765833
Risk-Aware Regime Switching,5159,115.28024704457012
Risk-Aware Regime Switching,5160,123.73517626629855
Risk-Aware Regime Switching,5161,92.58035221383226
Risk-Aware Regime Switching,5162,105.1696621111825
Risk-Aware Regime Switching,5163,75.94364362312007
Risk-Aware Regime Switching,5164,80.21825446301942
Risk-Aware Regime Switching,5165,68.91990619209388
Risk-Aware Regime Switching,5166,104.56119064849607
Risk-Aware Regime Switching,5167,114.63025078457616
Risk-Aware Regime Switching,5168,122.8085222570445
Risk-Aware Regime Switching,5169,108.11947166250997
Risk-Aware Regime Switching,5170,105.73401508717524
Risk-Aware Regime Switching,5171,103.77352158110912
Risk-Aware Regime Switching,5172,70.65731298922141
Risk-Aware Regime Switching,5173,106.65507874012657
Risk-Aware Regime Switching,5174,97.69973205906024
Risk-Aware Regime Switching,5175,130.84715094562893
Risk-Aware Regime Switching,5176,107.79839406807498
Risk-Aware Regime Switching,5177,94.7528194886217
Risk-Aware Regime Switching,5178,92.29635835007619
Risk-Aware Regime Switching,5179,119.85966769006893
Risk-Aware Regime Switching,5180,69.10561935829514
Risk-Aware Regime Switching,5181,94.95635212259613
Risk-Aware Regime Switching,5182,47.853095371743194
Risk-Aware Regime Switching,5183,103.61853663011307
Risk-Aware Regime Switching,5184,89.28617060610033
Risk-Aware Regime Switching,5185,78.75144589622023
Risk-Aware Regime Switching,5186,108.62521875366183
Risk-Aware Regime Switching,5187,143.3579327054731
Risk-Aware Regime Switching,5188,95.36123834106465
Risk-Aware Regime Switching,5189,60.77792422320655
Risk-Aware Regime Switching,5190,111.36047298121944
Risk-Aware Regime Switching,5191,109.86264742888633
Risk-Aware Regime Switching,5192,77.61204178304871
Risk-Aware Regime Switching,5193,88.6746489681116
Risk-Aware Regime Switching,5194,98.58657479750012
Risk-Aware Regime Switching,5195,99.13000188370911
Risk-Aware Regime Switching,5196,114.22196577569939
Risk-Aware Regime Switching,5197,128.4733318321387
Risk-Aware Regime Switching,5198,76.38320860524384
Risk-Aware Regime Switching,5199,87.07290776308311
Risk-Aware Regime Switching,5200,115.3480314559347
Risk-Aware Regime Switching,5201,98.44045668247354
Risk-Aware Regime Switching,5202,112.11179797374264
Risk-Aware Regime Switching,5203,101.22568232917763
Risk-Aware Regime Switching,5204,111.58663121172074
Risk-Aware Regime Switching,5205,121.48878562168852
Risk-Aware Regime Switching,5206,135.03432249200114
Risk-Aware Regime Switching,5207,105.6668172033092
Risk-Aware Regime Switching,5208,162.48649312905076
Risk-Aware Regime Switching,5209,150.70795719158153
Risk-Aware Regime Switching,5210,77.84396456904113
Risk-Aware Regime Switching,5211,95.00758952670074
Risk-Aware Regime Switching,5212,109.53416611914975
Risk-Aware Regime Switching,5213,133.02235582253496
Risk-Aware Regime Switching,5214,69.86183697344481
Risk-Aware Regime Switching,5215,135.75169108075153
Risk-Aware Regime Switching,5216,104.97385473070158
Risk-Aware Regime Switching,5217,126.65562972075665
Risk-Aware Regime Switching,5218,104.31514223488631
Risk-Aware Regime Switching,5219,84.98056182203926
Risk-Aware Regime Switching,5220,132.57697208939064
Risk-Aware Regime Switching,5221,83.31289534824086
Risk-Aware Regime Switching,5222,95.14128493064862
Risk-Aware Regime Switching,5223,102.46532617369704
Risk-Aware Regime Switching,5224,105.08365845267569
Risk-Aware Regime Switching,5225,74.91326824431107
Risk-Aware Regime Switching,5226,69.88775519433985
Risk-Aware Regime Switching,5227,159.69861068096074
Risk-Aware Regime Switching,5228,85.47555869391968
Risk-Aware Regime Switching,5229,57.60574745860742
Risk-Aware Regime Switching,5230,70.59981225545529
Risk-Aware Regime Switching,5231,72.05477359504877
Risk-Aware Regime Switching,5232,69.4906011640313
Risk-Aware Regime Switching,5233,140.97852386503718
Risk-Aware Regime Switching,5234,108.3144711929628
Risk-Aware Regime Switching,5235,96.97967827224542
Risk-Aware Regime Switching,5236,103.6682268880658
Risk-Aware Regime Switching,5237,70.24210744205604
Risk-Aware Regime Switching,5238,72.01735223168414
Risk-Aware Regime Switching,5239,76.13908994157401
Risk-Aware Regime Switching,5240,119.30647380009577
Risk-Aware Regime Switching,5241,110.49268608614193
Risk-Aware Regime Switching,5242,91.6912952173297
Risk-Aware Regime Switching,5243,88.05944996228773
Risk-Aware Regime Switching,5244,57.05527038564927
Risk-Aware Regime Switching,5245,63.07287474374549
Risk-Aware Regime Switching,5246,67.46458503510702
Risk-Aware Regime Switching,5247,109.49591444833094
Risk-Aware Regime Switching,5248,88.29182021872991
Risk-Aware Regime Switching,5249,99.30014504672678
Risk-Aware Regime Switching,5250,123.030741340635
Risk-Aware Regime Switching,5251,125.45313165217445
Risk-Aware Regime Switching,5252,132.5532299982917
Risk-Aware Regime Switching,5253,100.56492473152807
Risk-Aware Regime Switching,5254,92.35392192362127
Risk-Aware Regime Switching,5255,105.01036695540125
Risk-Aware Regime Switching,5256,134.2905201760742
Risk-Aware Regime Switching,5257,77.65428530586611
Risk-Aware Regime Switching,5258,73.74221938572506
Risk-Aware Regime Switching,5259,90.77035374458539
Risk-Aware Regime Switching,5260,98.91350162186458
Risk-Aware Regime Switching,5261,84.3292350338726
Risk-Aware Regime Switching,5262,58.28344648048639
Risk-Aware Regime Switching,5263,97.28356644064226
Risk-Aware Regime Switching,5264,82.11044506969438
Risk-Aware Regime Switching,5265,106.36011854589047
Risk-Aware Regime Switching,5266,81.77060054977873
Risk-Aware Regime Switching,5267,77.64183389731271
Risk-Aware Regime Switching,5268,91.71122672761074
Risk-Aware Regime Switching,5269,103.83384301918662
Risk-Aware Regime Switching,5270,104.6092994817891
Risk-Aware Regime Switching,5271,131.35162633417065
Risk-Aware Regime Switching,5272,88.63346645337036
Risk-Aware Regime Switching,5273,78.29603362929754
Risk-Aware Regime Switching,5274,100.98140178358159
Risk-Aware Regime Switching,5275,93.8999757033555
Risk-Aware Regime Switching,5276,123.6769989411247
Risk-Aware Regime Switching,5277,85.88723347124774
Risk-Aware Regime Switching,5278,65.93131125008632
Risk-Aware Regime Switching,5279,91.92171170688414
Risk-Aware Regime Switching,5280,81.88250303284562
Risk-Aware Regime Switching,5281,122.67923752786267
Risk-Aware Regime Switching,5282,109.40309935383685
Risk-Aware Regime Switching,5283,96.48562854443826
Risk-Aware Regime Switching,5284,83.66004878875346
Risk-Aware Regime Switching,5285,151.35120775646976
Risk-Aware Regime Switching,5286,111.9353145029218
Risk-Aware Regime Switching,5287,106.38867723219828
Risk-Aware Regime Switching,5288,85.17874707439772
Risk-Aware Regime Switching,5289,103.48098340234024
Risk-Aware Regime Switching,5290,107.66261346472066
Risk-Aware Regime Switching,5291,119.73355516219635
Risk-Aware Regime Switching,5292,82.38967721947432
Risk-Aware Regime Switching,5293,78.90592165000022
Risk-Aware Regime Switching,5294,125.66392071662182
Risk-Aware Regime Switching,5295,97.96781185542748
Risk-Aware Regime Switching,5296,96.53553203640568
Risk-Aware Regime Switching,5297,112.5544986519129
Risk-Aware Regime Switching,5298,81.24023019534664
Risk-Aware Regime Switching,5299,82.10823745067822
Risk-Aware Regime Switching,5300,65.61058859569478
Risk-Aware Regime Switching,5301,65.753129334202
Risk-Aware Regime Switching,5302,98.19441698461164
Risk-Aware Regime Switching,5303,91.87712216282401
Risk-Aware Regime Switching,5304,150.5867631922405
Risk-Aware Regime Switching,5305,104.63121287461693
Risk-Aware Regime Switching,5306,111.23549253277152
Risk-Aware Regime Switching,5307,72.56545895731254
Risk-Aware Regime Switching,5308,99.31676912116166
Risk-Aware Regime Switching,5309,73.16349152100938
Risk-Aware Regime Switching,5310,97.78840782611876
Risk-Aware Regime Switching,5311,115.69308184454579
Risk-Aware Regime Switching,5312,86.4781949611244
Risk-Aware Regime Switching,5313,117.89665847469568
Risk-Aware Regime Switching,5314,80.84650478119906
Risk-Aware Regime Switching,5315,89.60246530989544
Risk-Aware Regime Switching,5316,160.65764354849765
Risk-Aware Regime Switching,5317,61.496858084124526
Risk-Aware Regime Switching,5318,71.02959924493089
Risk-Aware Regime Switching,5319,79.31467004562333
Risk-Aware Regime Switching,5320,109.49087359424752
Risk-Aware Regime Switching,5321,86.13183765166302
Risk-Aware Regime Switching,5322,172.86777272247718
Risk-Aware Regime Switching,5323,110.90689678641627
Risk-Aware Regime Switching,5324,60.853724598199044
Risk-Aware Regime Switching,5325,128.5389326241087
Risk-Aware Regime Switching,5326,87.00181443004192
Risk-Aware Regime Switching,5327,107.4182647989812
Risk-Aware Regime Switching,5328,92.92812783487629
Risk-Aware Regime Switching,5329,98.70374220763398
Risk-Aware Regime Switching,5330,114.6197499987955
Risk-Aware Regime Switching,5331,83.46141868320014
Risk-Aware Regime Switching,5332,57.51067268810803
Risk-Aware Regime Switching,5333,168.80110594016685
Risk-Aware Regime Switching,5334,116.33989924069516
Risk-Aware Regime Switching,5335,118.04418489255323
Risk-Aware Regime Switching,5336,113.18463691423344
Risk-Aware Regime Switching,5337,102.59296930536046
Risk-Aware Regime Switching,5338,97.5200873654772
Risk-Aware Regime Switching,5339,78.90314034980887
Risk-Aware Regime Switching,5340,73.18044175290106
Risk-Aware Regime Switching,5341,83.91662591162917
Risk-Aware Regime Switching,5342,111.04461169521748
Risk-Aware Regime Switching,5343,79.90743365290265
Risk-Aware Regime Switching,5344,123.4779238734385
Risk-Aware Regime Switching,5345,70.42771179408194
Risk-Aware Regime Switching,5346,98.85310232442221
Risk-Aware Regime Switching,5347,188.75701054025635
Risk-Aware Regime Switching,5348,79.80534288964296
Risk-Aware Regime Switching,5349,84.76070471827606
Risk-Aware Regime Switching,5350,163.36311351997162
Risk-Aware Regime Switching,5351,89.69100269040938
Risk-Aware Regime Switching,5352,117.9710451236227
Risk-Aware Regime Switching,5353,80.51601408998901
Risk-Aware Regime Switching,5354,92.9767387818355
Risk-Aware Regime Switching,5355,108.95177337390025
Risk-Aware Regime Switching,5356,133.91741752568836
Risk-Aware Regime Switching,5357,128.00350981178266
Risk-Aware Regime Switching,5358,111.22497128988331
Risk-Aware Regime Switching,5359,73.21602240122598
Risk-Aware Regime Switching,5360,149.8829640567482
Risk-Aware Regime Switching,5361,109.42164745015796
Risk-Aware Regime Switching,5362,77.34390620062086
Risk-Aware Regime Switching,5363,103.7209839613049
Risk-Aware Regime Switching,5364,87.18069097132695
Risk-Aware Regime Switching,5365,73.72127750848857
Risk-Aware Regime Switching,5366,95.32893242925891
Risk-Aware Regime Switching,5367,111.46810145683025
Risk-Aware Regime Switching,5368,109.4960991504881
Risk-Aware Regime Switching,5369,97.90893283433968
Risk-Aware Regime Switching,5370,109.76959521091794
Risk-Aware Regime Switching,5371,94.35617488706785
Risk-Aware Regime Switching,5372,104.17654081323128
Risk-Aware Regime Switching,5373,65.55310664858266
Risk-Aware Regime Switching,5374,112.61787194739594
Risk-Aware Regime Switching,5375,100.90217290041554
Risk-Aware Regime Switching,5376,100.52277520445499
Risk-Aware Regime Switching,5377,92.4882662348715
Risk-Aware Regime Switching,5378,81.5148268976266
Risk-Aware Regime Switching,5379,126.83984260938696
Risk-Aware Regime Switching,5380,117.59514858068675
Risk-Aware Regime Switching,5381,131.77400925844515
Risk-Aware Regime Switching,5382,99.8517611231117
Risk-Aware Regime Switching,5383,96.26711015393953
Risk-Aware Regime Switching,5384,99.2319011405477
Risk-Aware Regime Switching,5385,62.884710906434705
Risk-Aware Regime Switching,5386,99.75115163668829
Risk-Aware Regime Switching,5387,108.13706207586267
Risk-Aware Regime Switching,5388,140.8488297500604
Risk-Aware Regime Switching,5389,85.52186486498371
Risk-Aware Regime Switching,5390,85.18844882408916
Risk-Aware Regime Switching,5391,120.37716870978679
Risk-Aware Regime Switching,5392,157.2085987055487
Risk-Aware Regime Switching,5393,98.47392788754897
Risk-Aware Regime Switching,5394,61.896667905490546
Risk-Aware Regime Switching,5395,77.80501506489863
Risk-Aware Regime Switching,5396,92.98014568940613
Risk-Aware Regime Switching,5397,131.8942455660007
Risk-Aware Regime Switching,5398,98.86112379323706
Risk-Aware Regime Switching,5399,115.21870151094645
Risk-Aware Regime Switching,5400,91.45008958743492
Risk-Aware Regime Switching,5401,103.74198762836431
Risk-Aware Regime Switching,5402,76.22375528266942
Risk-Aware Regime Switching,5403,155.3475240059504
Risk-Aware Regime Switching,5404,88.85327148106197
Risk-Aware Regime Switching,5405,125.0298804704709
Risk-Aware Regime Switching,5406,121.13434803443258
Risk-Aware Regime Switching,5407,68.45788567359573
Risk-Aware Regime Switching,5408,82.10885204179289
Risk-Aware Regime Switching,5409,78.19244131120752
Risk-Aware Regime Switching,5410,128.22378621493414
Risk-Aware Regime Switching,5411,84.36188430126585
Risk-Aware Regime Switching,5412,98.73106642455375
Risk-Aware Regime Switching,5413,142.06296350673696
Risk-Aware Regime Switching,5414,217.24520400154498
Risk-Aware Regime Switching,5415,97.01445090682469
Risk-Aware Regime Switching,5416,120.33721591584403
Risk-Aware Regime Switching,5417,97.88368902931943
Risk-Aware Regime Switching,5418,153.05738521704035
Risk-Aware Regime Switching,5419,70.38028635016332
Risk-Aware Regime Switching,5420,99.87918091221873
Risk-Aware Regime Switching,5421,131.37566238903096
Risk-Aware Regime Switching,5422,125.50339837651252
Risk-Aware Regime Switching,5423,87.34640772521257
Risk-Aware Regime Switching,5424,70.5522413547606
Risk-Aware Regime Switching,5425,86.1119494171806
Risk-Aware Regime Switching,5426,130.40743395298094
Risk-Aware Regime Switching,5427,122.60494728074146
Risk-Aware Regime Switching,5428,84.1581845183572
Risk-Aware Regime Switching,5429,117.0307389599007
Risk-Aware Regime Switching,5430,109.94222161638561
Risk-Aware Regime Switching,5431,79.02755838565993
Risk-Aware Regime Switching,5432,78.57049555925579
Risk-Aware Regime Switching,5433,148.26632792913753
Risk-Aware Regime Switching,5434,104.54456863409133
Risk-Aware Regime Switching,5435,101.10847466361092
Risk-Aware Regime Switching,5436,110.13658600904618
Risk-Aware Regime Switching,5437,94.72324644890553
Risk-Aware Regime Switching,5438,87.33280311312555
Risk-Aware Regime Switching,5439,81.07806236712322
Risk-Aware Regime Switching,5440,98.23571570124685
Risk-Aware Regime Switching,5441,94.22554736634898
Risk-Aware Regime Switching,5442,106.36658142540634
Risk-Aware Regime Switching,5443,82.46584793840847
Risk-Aware Regime Switching,5444,75.53483731786277
Risk-Aware Regime Switching,5445,112.8908778413608
Risk-Aware Regime Switching,5446,55.36122831285669
Risk-Aware Regime Switching,5447,108.59352099095297
Risk-Aware Regime Switching,5448,112.881863828843
Risk-Aware Regime Switching,5449,51.7628502708966
Risk-Aware Regime Switching,5450,82.86827236533408
Risk-Aware Regime Switching,5451,116.66121105182337
Risk-Aware Regime Switching,5452,78.81419921002365
Risk-Aware Regime Switching,5453,119.94742462957578
Risk-Aware Regime Switching,5454,91.5986292743584
Risk-Aware Regime Switching,5455,86.37620144797765
Risk-Aware Regime Switching,5456,135.99398954517676
Risk-Aware Regime Switching,5457,65.23206027904169
Risk-Aware Regime Switching,5458,60.46548214358264
Risk-Aware Regime Switching,5459,120.61758053450049
Risk-Aware Regime Switching,5460,76.98512703045198
Risk-Aware Regime Switching,5461,105.66553602457522
Risk-Aware Regime Switching,5462,95.61251979477116
Risk-Aware Regime Switching,5463,150.11615659206836
Risk-Aware Regime Switching,5464,122.27086578829065
Risk-Aware Regime Switching,5465,71.2672596277656
Risk-Aware Regime Switching,5466,103.87287486418413
Risk-Aware Regime Switching,5467,117.08424013910461
Risk-Aware Regime Switching,5468,126.06540041388179
Risk-Aware Regime Switching,5469,74.0397431824484
Risk-Aware Regime Switching,5470,114.96964226035593
Risk-Aware Regime Switching,5471,80.10014911318288
Risk-Aware Regime Switching,5472,88.75471809771491
Risk-Aware Regime Switching,5473,136.21175149649918
Risk-Aware Regime Switching,5474,123.83708284594186
Risk-Aware Regime Switching,5475,71.76835344149397
Risk-Aware Regime Switching,5476,67.14923230726882
Risk-Aware Regime Switching,5477,79.98819177126448
Risk-Aware Regime Switching,5478,98.5971538460391
Risk-Aware Regime Switching,5479,147.84877528948147
Risk-Aware Regime Switching,5480,101.01095771833646
Risk-Aware Regime Switching,5481,84.70013149717276
Risk-Aware Regime Switching,5482,69.0636838599632
Risk-Aware Regime Switching,5483,104.82545657089597
Risk-Aware Regime Switching,5484,81.12481021518805
Risk-Aware Regime Switching,5485,137.05212167323967
Risk-Aware Regime Switching,5486,136.82646518345035
Risk-Aware Regime Switching,5487,81.0846553157216
Risk-Aware Regime Switching,5488,108.17122043838555
Risk-Aware Regime Switching,5489,85.53629266768176
Risk-Aware Regime Switching,5490,91.70288274496343
Risk-Aware Regime Switching,5491,80.51813430379823
Risk-Aware Regime Switching,5492,148.52854927353286
Risk-Aware Regime Switching,5493,63.962111405815705
Risk-Aware Regime Switching,5494,117.8427082148686
Risk-Aware Regime Switching,5495,94.40508430272112
Risk-Aware Regime Switching,5496,117.56798161507453
Risk-Aware Regime Switching,5497,117.94972805873422
Risk-Aware Regime Switching,5498,111.48331856422502
Risk-Aware Regime Switching,5499,92.07602088433795
Risk-Aware Regime Switching,5500,102.39479445024797
Risk-Aware Regime Switching,5501,75.14092713360436
Risk-Aware Regime Switching,5502,114.92540456652615
Risk-Aware Regime Switching,5503,118.19368297333959
Risk-Aware Regime Switching,5504,86.56531022868647
Risk-Aware Regime Switching,5505,74.33734697344066
Risk-Aware Regime Switching,5506,122.29760246936678
Risk-Aware Regime Switching,5507,98.37378593152876
Risk-Aware Regime Switching,5508,111.56253390842086
Risk-Aware Regime Switching,5509,66.35040024805554
Risk-Aware Regime Switching,5510,78.43316306506158
Risk-Aware Regime Switching,5511,102.40361623520909
Risk-Aware Regime Switching,5512,87.38362537214363
Risk-Aware Regime Switching,5513,75.01036719266423
Risk-Aware Regime Switching,5514,112.43569296346148
Risk-Aware Regime Switching,5515,111.64364312688929
Risk-Aware Regime Switching,5516,118.7095227023359
Risk-Aware Regime Switching,5517,107.80264480207735
Risk-Aware Regime Switching,5518,174.37777174694025
Risk-Aware Regime Switching,5519,73.37958627128356
Risk-Aware Regime Switching,5520,79.73307555810294
Risk-Aware Regime Switching,5521,62.56511532826401
Risk-Aware Regime Switching,5522,64.8373858642592
Risk-Aware Regime Switching,5523,125.58500618828855
Risk-Aware Regime Switching,5524,108.82337669991631
Risk-Aware Regime Switching,5525,96.03865675626105
Risk-Aware Regime Switching,5526,75.63275903590021
Risk-Aware Regime Switching,5527,89.97471538971563
Risk-Aware Regime Switching,5528,119.5059285955965
Risk-Aware Regime Switching,5529,137.30704605129577
Risk-Aware Regime Switching,5530,79.31028403737523
Risk-Aware Regime Switching,5531,82.54558222960921
Risk-Aware Regime Switching,5532,86.76384517583959
Risk-Aware Regime Switching,5533,104.09379047034868
Risk-Aware Regime Switching,5534,118.08460701831281
Risk-Aware Regime Switching,5535,66.91123818692249
Risk-Aware Regime Switching,5536,68.67879899595104
Risk-Aware Regime Switching,5537,147.31198198241907
Risk-Aware Regime Switching,5538,80.18549139167351
Risk-Aware Regime Switching,5539,81.39180768838247
Risk-Aware Regime Switching,5540,94.60493869861547
Risk-Aware Regime Switching,5541,78.7520041406709
Risk-Aware Regime Switching,5542,146.41181784226902
Risk-Aware Regime Switching,5543,114.08469292165238
Risk-Aware Regime Switching,5544,97.39434520627663
Risk-Aware Regime Switching,5545,141.55401891487222
Risk-Aware Regime Switching,5546,122.748114443419
Risk-Aware Regime Switching,5547,97.88136552079197
Risk-Aware Regime Switching,5548,82.04853561021783
Risk-Aware Regime Switching,5549,126.14529759548927
Risk-Aware Regime Switching,5550,97.42257979732763
Risk-Aware Regime Switching,5551,79.98554820269761
Risk-Aware Regime Switching,5552,59.99263670897987
Risk-Aware Regime Switching,5553,111.77381758195477
Risk-Aware Regime Switching,5554,66.53027796800617
Risk-Aware Regime Switching,5555,96.8446780960415
Risk-Aware Regime Switching,5556,105.9603872667556
Risk-Aware Regime Switching,5557,104.27230982058515
Risk-Aware Regime Switching,5558,101.16868571440475
Risk-Aware Regime Switching,5559,67.0070775803803
Risk-Aware Regime Switching,5560,128.98126441519017
Risk-Aware Regime Switching,5561,93.63657262190652
Risk-Aware Regime Switching,5562,91.75813615025848
Risk-Aware Regime Switching,5563,108.84920127149516
Risk-Aware Regime Switching,5564,89.19687314489312
Risk-Aware Regime Switching,5565,76.64476563426919
Risk-Aware Regime Switching,5566,116.76665267201275
Risk-Aware Regime Switching,5567,82.17740845563364
Risk-Aware Regime Switching,5568,101.43235471656567
Risk-Aware Regime Switching,5569,172.22972503098532
Risk-Aware Regime Switching,5570,76.7043311655562
Risk-Aware Regime Switching,5571,64.95077858947703
Risk-Aware Regime Switching,5572,84.46432200421665
Risk-Aware Regime Switching,5573,56.72078593939936
Risk-Aware Regime Switching,5574,72.67277666533671
Risk-Aware Regime Switching,5575,111.901551875521
Risk-Aware Regime Switching,5576,137.87005545101155
Risk-Aware Regime Switching,5577,71.97294215917567
Risk-Aware Regime Switching,5578,105.64580496957979
Risk-Aware Regime Switching,5579,155.97043387372608
Risk-Aware Regime Switching,5580,128.73890433360086
Risk-Aware Regime Switching,5581,110.03655738155925
Risk-Aware Regime Switching,5582,146.56015710552296
Risk-Aware Regime Switching,5583,69.49645156493042
Risk-Aware Regime Switching,5584,124.62102403564839
Risk-Aware Regime Switching,5585,76.46170614213874
Risk-Aware Regime Switching,5586,85.13052571045863
Risk-Aware Regime Switching,5587,51.68191519967381
Risk-Aware Regime Switching,5588,57.503608476461544
Risk-Aware Regime Switching,5589,82.20474839187628
Risk-Aware Regime Switching,5590,157.84806022760506
Risk-Aware Regime Switching,5591,135.11204207455026
Risk-Aware Regime Switching,5592,88.24976495883067
Risk-Aware Regime Switching,5593,83.70045817715192
Risk-Aware Regime Switching,5594,53.307574813829085
Risk-Aware Regime Switching,5595,78.80357370422648
Risk-Aware Regime Switching,5596,131.02274601723016
Risk-Aware Regime Switching,5597,66.00880455369204
Risk-Aware Regime Switching,5598,107.10380239409929
Risk-Aware Regime Switching,5599,120.15486292175268
Risk-Aware Regime Switching,5600,49.3178803793167
Risk-Aware Regime Switching,5601,98.98432050827319
Risk-Aware Regime Switching,5602,83.61250239471056
Risk-Aware Regime Switching,5603,82.82266719949307
Risk-Aware Regime Switching,5604,80.6404016744654
Risk-Aware Regime Switching,5605,121.59304530511616
Risk-Aware Regime Switching,5606,69.56739721078117
Risk-Aware Regime Switching,5607,103.48525339506149
Risk-Aware Regime Switching,5608,97.7195975382803
Risk-Aware Regime Switching,5609,104.78660881094568
Risk-Aware Regime Switching,5610,119.06717101050064
Risk-Aware Regime Switching,5611,108.44711063343355
Risk-Aware Regime Switching,5612,90.48979278178746
Risk-Aware Regime Switching,5613,85.28361141560079
Risk-Aware Regime Switching,5614,76.76701080879454
Risk-Aware Regime Switching,5615,144.674856745014
Risk-Aware Regime Switching,5616,82.23764649957164
Risk-Aware Regime Switching,5617,101.7735671799416
Risk-Aware Regime Switching,5618,68.89854909371168
Risk-Aware Regime Switching,5619,70.18154882335304
Risk-Aware Regime Switching,5620,84.6269808035874
Risk-Aware Regime Switching,5621,114.7677971414657
Risk-Aware Regime Switching,5622,109.84788569293167
Risk-Aware Regime Switching,5623,100.93508201418753
Risk-Aware Regime Switching,5624,123.2241570462173
Risk-Aware Regime Switching,5625,145.59387226846047
Risk-Aware Regime Switching,5626,107.00812397354089
Risk-Aware Regime Switching,5627,74.06938774834067
Risk-Aware Regime Switching,5628,113.63285339938814
Risk-Aware Regime Switching,5629,66.22379505707417
Risk-Aware Regime Switching,5630,104.73993009897167
Risk-Aware Regime Switching,5631,89.77169993722335
Risk-Aware Regime Switching,5632,63.78228100817687
Risk-Aware Regime Switching,5633,83.22421016558617
Risk-Aware Regime Switching,5634,95.28333739712076
Risk-Aware Regime Switching,5635,54.62175915248775
Risk-Aware Regime Switching,5636,146.1540396884747
Risk-Aware Regime Switching,5637,71.42020454448426
Risk-Aware Regime Switching,5638,106.9912881004196
Risk-Aware Regime Switching,5639,92.33700467347037
Risk-Aware Regime Switching,5640,122.61386718736793
Risk-Aware Regime Switching,5641,91.14668757316781
Risk-Aware Regime Switching,5642,79.14459785910168
Risk-Aware Regime Switching,5643,95.2394940562762
Risk-Aware Regime Switching,5644,90.18389036522815
Risk-Aware Regime Switching,5645,111.9208511412793
Risk-Aware Regime Switching,5646,104.94418706703709
Risk-Aware Regime Switching,5647,82.83882824747765
Risk-Aware Regime Switching,5648,107.98883481633894
Risk-Aware Regime Switching,5649,48.013272863267545
Risk-Aware Regime Switching,5650,127.15328684997598
Risk-Aware Regime Switching,5651,64.65341081412531
Risk-Aware Regime Switching,5652,135.29099114880418
Risk-Aware Regime Switching,5653,91.99462615988631
Risk-Aware Regime Switching,5654,139.44372774361491
Risk-Aware Regime Switching,5655,95.02751125709331
Risk-Aware Regime Switching,5656,76.68127284184737
Risk-Aware Regime Switching,5657,95.03870214671902
Risk-Aware Regime Switching,5658,113.75549073253985
Risk-Aware Regime Switching,5659,70.4655131057971
Risk-Aware Regime Switching,5660,75.55187557257584
Risk-Aware Regime Switching,5661,152.56235455497108
Risk-Aware Regime Switching,5662,89.62881181997393
Risk-Aware Regime Switching,5663,88.8943987793665
Risk-Aware Regime Switching,5664,106.23001499361868
Risk-Aware Regime Switching,5665,116.36466208618847
Risk-Aware Regime Switching,5666,112.9369877772589
Risk-Aware Regime Switching,5667,139.40686344045605
Risk-Aware Regime Switching,5668,88.56097596100443
Risk-Aware Regime Switching,5669,77.78645663050911
Risk-Aware Regime Switching,5670,135.11915700824886
Risk-Aware Regime Switching,5671,70.12730986654425
Risk-Aware Regime Switching,5672,92.7250827216032
Risk-Aware Regime Switching,5673,86.50129080552537
Risk-Aware Regime Switching,5674,142.88785875763296
Risk-Aware Regime Switching,5675,124.09125439998574
Risk-Aware Regime Switching,5676,95.07144095314953
Risk-Aware Regime Switching,5677,126.91633575002217
Risk-Aware Regime Switching,5678,98.40668061921608
Risk-Aware Regime Switching,5679,91.83867579653537
Risk-Aware Regime Switching,5680,88.33763177982334
Risk-Aware Regime Switching,5681,114.74975158827819
Risk-Aware Regime Switching,5682,120.98850595645642
Risk-Aware Regime Switching,5683,84.00090099385848
Risk-Aware Regime Switching,5684,90.01417850086017
Risk-Aware Regime Switching,5685,72.27030564705933
Risk-Aware Regime Switching,5686,118.2184888012267
Risk-Aware Regime Switching,5687,80.28252942935843
Risk-Aware Regime Switching,5688,93.72785205707616
Risk-Aware Regime Switching,5689,134.01078580717146
Risk-Aware Regime Switching,5690,85.44992768672499
Risk-Aware Regime Switching,5691,87.68623490697635
Risk-Aware Regime Switching,5692,190.72405078682203
Risk-Aware Regime Switching,5693,106.3584599412008
Risk-Aware Regime Switching,5694,79.82441755645958
Risk-Aware Regime Switching,5695,110.45089017676237
Risk-Aware Regime Switching,5696,91.9625303741583
Risk-Aware Regime Switching,5697,85.9296002056441
Risk-Aware Regime Switching,5698,100.15513734432602
Risk-Aware Regime Switching,5699,121.67896035347488
Risk-Aware Regime Switching,5700,111.36534981269577
Risk-Aware Regime Switching,5701,109.29589345405495
Risk-Aware Regime Switching,5702,146.87376868552744
Risk-Aware Regime Switching,5703,91.8299477722945
Risk-Aware Regime Switching,5704,84.11124599922064
Risk-Aware Regime Switching,5705,69.85297942188843
Risk-Aware Regime Switching,5706,74.64797212925833
Risk-Aware Regime Switching,5707,85.02037125242546
Risk-Aware Regime Switching,5708,83.14734041866548
Risk-Aware Regime Switching,5709,87.65006833358301
Risk-Aware Regime Switching,5710,69.19305394343127
Risk-Aware Regime Switching,5711,78.75553881577196
Risk-Aware Regime Switching,5712,111.23108067003433
Risk-Aware Regime Switching,5713,100.13815123481749
Risk-Aware Regime Switching,5714,94.42786751905238
Risk-Aware Regime Switching,5715,93.85326496289157
Risk-Aware Regime Switching,5716,82.8392142249884
Risk-Aware Regime Switching,5717,71.43208972672434
Risk-Aware Regime Switching,5718,110.35039884297166
Risk-Aware Regime Switching,5719,93.40875337678847
Risk-Aware Regime Switching,5720,86.28231550586011
Risk-Aware Regime Switching,5721,104.80283898942221
Risk-Aware Regime Switching,5722,89.51589869026472
Risk-Aware Regime Switching,5723,89.70752596932677
Risk-Aware Regime Switching,5724,89.80478014219793
Risk-Aware Regime Switching,5725,86.57754975306075
Risk-Aware Regime Switching,5726,95.76414351562376
Risk-Aware Regime Switching,5727,103.40419369924447
Risk-Aware Regime Switching,5728,127.2416497477906
Risk-Aware Regime Switching,5729,72.52181838238423
Risk-Aware Regime Switching,5730,113.17478045845584
Risk-Aware Regime Switching,5731,118.78477923959534
Risk-Aware Regime Switching,5732,87.31460869112844
Risk-Aware Regime Switching,5733,61.55450303775806
Risk-Aware Regime Switching,5734,131.22023350318744
Risk-Aware Regime Switching,5735,81.20585165938503
Risk-Aware Regime Switching,5736,91.5860083054858
Risk-Aware Regime Switching,5737,105.71448163527913
Risk-Aware Regime Switching,5738,69.91781152197888
Risk-Aware Regime Switching,5739,69.11016497752153
Risk-Aware Regime Switching,5740,70.0289381141248
Risk-Aware Regime Switching,5741,111.86689704887564
Risk-Aware Regime Switching,5742,148.4030689465061
Risk-Aware Regime Switching,5743,70.15247547742362
Risk-Aware Regime Switching,5744,80.59100631842537
Risk-Aware Regime Switching,5745,98.63658071450143
Risk-Aware Regime Switching,5746,101.97216494745611
Risk-Aware Regime Switching,5747,161.15415543807939
Risk-Aware Regime Switching,5748,77.13605403402546
Risk-Aware Regime Switching,5749,63.487694836862
Risk-Aware Regime Switching,5750,79.2288308031431
Risk-Aware Regime Switching,5751,95.12503024415592
Risk-Aware Regime Switching,5752,81.49957918829263
Risk-Aware Regime Switching,5753,77.25452464757741
Risk-Aware Regime Switching,5754,86.53776953267494
Risk-Aware Regime Switching,5755,82.73731546870438
Risk-Aware Regime Switching,5756,99.46291183077555
Risk-Aware Regime Switching,5757,99.21592173035067
Risk-Aware Regime Switching,5758,114.90544286254017
Risk-Aware Regime Switching,5759,86.88029999941949
Risk-Aware Regime Switching,5760,111.02520721091818
Risk-Aware Regime Switching,5761,73.94391955352194
Risk-Aware Regime Switching,5762,120.12681979349153
Risk-Aware Regime Switching,5763,70.29446778853476
Risk-Aware Regime Switching,5764,109.00049370691517
Risk-Aware Regime Switching,5765,102.72542539419656
Risk-Aware Regime Switching,5766,92.55853342149723
Risk-Aware Regime Switching,5767,79.64044956867183
Risk-Aware Regime Switching,5768,97.13003298504526
Risk-Aware Regime Switching,5769,61.2099289247245
Risk-Aware Regime Switching,5770,82.4052085621983
Risk-Aware Regime Switching,5771,124.03027756236231
Risk-Aware Regime Switching,5772,62.699159365604395
Risk-Aware Regime Switching,5773,80.79422035797734
Risk-Aware Regime Switching,5774,76.6719900322285
Risk-Aware Regime Switching,5775,56.16090579020319
Risk-Aware Regime Switching,5776,78.6543465958213
Risk-Aware Regime Switching,5777,83.70003957331778
Risk-Aware Regime Switching,5778,113.88370450295471
Risk-Aware Regime Switching,5779,180.59141029234766
Risk-Aware Regime Switching,5780,84.0396278437519
Risk-Aware Regime Switching,5781,113.5532878674933
Risk-Aware Regime Switching,5782,102.2313675778245
Risk-Aware Regime Switching,5783,110.54837624005467
Risk-Aware Regime Switching,5784,82.75761925214663
Risk-Aware Regime Switching,5785,96.09450984101775
Risk-Aware Regime Switching,5786,114.14294623716033
Risk-Aware Regime Switching,5787,151.1071568460883
Risk-Aware Regime Switching,5788,108.49602283878981
Risk-Aware Regime Switching,5789,90.44276771995878
Risk-Aware Regime Switching,5790,76.74858205378604
Risk-Aware Regime Switching,5791,79.45752771155207
Risk-Aware Regime Switching,5792,95.66134050747783
Risk-Aware Regime Switching,5793,96.58265192353855
Risk-Aware Regime Switching,5794,63.50056817740285
Risk-Aware Regime Switching,5795,149.13961640944962
Risk-Aware Regime Switching,5796,113.00742188670634
Risk-Aware Regime Switching,5797,74.34056386666984
Risk-Aware Regime Switching,5798,100.67056925452704
Risk-Aware Regime Switching,5799,78.10056561027722
Risk-Aware Regime Switching,5800,101.23155307877613
Risk-Aware Regime Switching,5801,157.10600687198337
Risk-Aware Regime Switching,5802,99.64780054713825
Risk-Aware Regime Switching,5803,68.12121612631805
Risk-Aware Regime Switching,5804,103.3942354000479
Risk-Aware Regime Switching,5805,119.94054565636745
Risk-Aware Regime Switching,5806,106.09616250910531
Risk-Aware Regime Switching,5807,105.69162302045964
Risk-Aware Regime Switching,5808,100.19386718466701
Risk-Aware Regime Switching,5809,123.35533961064331
Risk-Aware Regime Switching,5810,102.70668989555267
Risk-Aware Regime Switching,5811,105.59310552298646
Risk-Aware Regime Switching,5812,122.56780526801201
Risk-Aware Regime Switching,5813,115.21720726875218
Risk-Aware Regime Switching,5814,84.29542943813098
Risk-Aware Regime Switching,5815,83.99532559690907
Risk-Aware Regime Switching,5816,147.62372706304456
Risk-Aware Regime Switching,5817,43.20314076179326
Risk-Aware Regime Switching,5818,125.52248317438975
Risk-Aware Regime Switching,5819,81.82445242510303
Risk-Aware Regime Switching,5820,125.21122640056399
Risk-Aware Regime Switching,5821,166.09455874414658
Risk-Aware Regime Switching,5822,86.82214486128558
Risk-Aware Regime Switching,5823,126.95612708913681
Risk-Aware Regime Switching,5824,83.40894625971839
Risk-Aware Regime Switching,5825,112.09198272237045
Risk-Aware Regime Switching,5826,67.83086705755349
Risk-Aware Regime Switching,5827,74.91405331799119
Risk-Aware Regime Switching,5828,92.91443672202232
Risk-Aware Regime Switching,5829,73.47537353957665
Risk-Aware Regime Switching,5830,74.47723738809384
Risk-Aware Regime Switching,5831,89.84500057529317
Risk-Aware Regime Switching,5832,60.55589645788504
Risk-Aware Regime Switching,5833,109.42273881051898
Risk-Aware Regime Switching,5834,108.97775055005556
Risk-Aware Regime Switching,5835,129.5846038318655
Risk-Aware Regime Switching,5836,97.46724493198727
Risk-Aware Regime Switching,5837,109.02784140860622
Risk-Aware Regime Switching,5838,105.13570145593395
Risk-Aware Regime Switching,5839,99.27816914105965
Risk-Aware Regime Switching,5840,97.76867198379861
Risk-Aware Regime Switching,5841,180.2930520746828
Risk-Aware Regime Switching,5842,89.48396684461542
Risk-Aware Regime Switching,5843,103.77620050537857
Risk-Aware Regime Switching,5844,76.38452682858218
Risk-Aware Regime Switching,5845,124.54805886553233
Risk-Aware Regime Switching,5846,112.82703543675827
Risk-Aware Regime Switching,5847,90.66807831049397
Risk-Aware Regime Switching,5848,89.16323644839133
Risk-Aware Regime Switching,5849,150.63182927078634
Risk-Aware Regime Switching,5850,104.40201909063416
Risk-Aware Regime Switching,5851,62.63123102800932
Risk-Aware Regime Switching,5852,107.37176397958737
Risk-Aware Regime Switching,5853,108.49607754577583
Risk-Aware Regime Switching,5854,110.85635252808588
Risk-Aware Regime Switching,5855,73.0548742230376
Risk-Aware Regime Switching,5856,109.85955144639215
Risk-Aware Regime Switching,5857,113.59395860755201
Risk-Aware Regime Switching,5858,86.35045645231766
Risk-Aware Regime Switching,5859,111.03643427972398
Risk-Aware Regime Switching,5860,114.41458899809392
Risk-Aware Regime Switching,5861,89.0284039778473
Risk-Aware Regime Switching,5862,68.34138401812181
Risk-Aware Regime Switching,5863,91.11742449925657
Risk-Aware Regime Switching,5864,106.94659062001084
Risk-Aware Regime Switching,5865,99.22892356734026
Risk-Aware Regime Switching,5866,95.31006582504203
Risk-Aware Regime Switching,5867,119.63052883135619
Risk-Aware Regime Switching,5868,123.31615224183452
Risk-Aware Regime Switching,5869,88.71382754110945
Risk-Aware Regime Switching,5870,109.3930910995201
Risk-Aware Regime Switching,5871,72.66876993441974
Risk-Aware Regime Switching,5872,59.313779242581646
Risk-Aware Regime Switching,5873,127.77569292231752
Risk-Aware Regime Switching,5874,97.742566134277
Risk-Aware Regime Switching,5875,57.64492888640592
Risk-Aware Regime Switching,5876,89.99926748851813
Risk-Aware Regime Switching,5877,58.99679889955385
Risk-Aware Regime Switching,5878,102.67135814809825
Risk-Aware Regime Switching,5879,123.64040957499915
Risk-Aware Regime Switching,5880,104.44258511582258
Risk-Aware Regime Switching,5881,71.26352777911173
Risk-Aware Regime Switching,5882,86.8193374902925
Risk-Aware Regime Switching,5883,84.30110949451337
Risk-Aware Regime Switching,5884,74.74425892500494
Risk-Aware Regime Switching,5885,69.83935843203393
Risk-Aware Regime Switching,5886,113.88280281609573
Risk-Aware Regime Switching,5887,101.83279737663395
Risk-Aware Regime Switching,5888,117.52229391613102
Risk-Aware Regime Switching,5889,89.86942643356957
Risk-Aware Regime Switching,5890,83.75222963335416
Risk-Aware Regime Switching,5891,77.87570377664368
Risk-Aware Regime Switching,5892,93.49203764892111
Risk-Aware Regime Switching,5893,99.78606163620502
Risk-Aware Regime Switching,5894,97.60833634884237
Risk-Aware Regime Switching,5895,86.84851493707379
Risk-Aware Regime Switching,5896,111.5612230518074
Risk-Aware Regime Switching,5897,124.08221749073107
Risk-Aware Regime Switching,5898,122.57217021925652
Risk-Aware Regime Switching,5899,121.25334298880237
Risk-Aware Regime Switching,5900,116.99428906343073
Risk-Aware Regime Switching,5901,81.26813931003761
Risk-Aware Regime Switching,5902,89.18055948181191
Risk-Aware Regime Switching,5903,102.61330363564922
Risk-Aware Regime Switching,5904,80.3751816113408
Risk-Aware Regime Switching,5905,86.76382073142277
Risk-Aware Regime Switching,5906,101.51236226104479
Risk-Aware Regime Switching,5907,96.66087641215813
Risk-Aware Regime Switching,5908,89.8622086539326
Risk-Aware Regime Switching,5909,96.56419201441972
Risk-Aware Regime Switching,5910,95.66667475248717
Risk-Aware Regime Switching,5911,129.75478799616022
Risk-Aware Regime Switching,5912,96.6302885518065
Risk-Aware Regime Switching,5913,70.04590829188271
Risk-Aware Regime Switching,5914,82.85764533552232
Risk-Aware Regime Switching,5915,108.22470771798164
Risk-Aware Regime Switching,5916,138.42115660118998
Risk-Aware Regime Switching,5917,111.39990191953493
Risk-Aware Regime Switching,5918,113.01314905414803
Risk-Aware Regime Switching,5919,96.22569806941651
Risk-Aware Regime Switching,5920,72.51646182603898
Risk-Aware Regime Switching,5921,129.34905263218494
Risk-Aware Regime Switching,5922,95.57142975536446
Risk-Aware Regime Switching,5923,90.88231218590667
Risk-Aware Regime Switching,5924,95.0790011428481
Risk-Aware Regime Switching,5925,153.06927826361414
Risk-Aware Regime Switching,5926,85.16274642182024
Risk-Aware Regime Switching,5927,150.01200680139453
Risk-Aware Regime Switching,5928,74.92404500518758
Risk-Aware Regime Switching,5929,96.13476784427269
Risk-Aware Regime Switching,5930,85.43637157624256
Risk-Aware Regime Switching,5931,98.59725471143295
Risk-Aware Regime Switching,5932,84.12111304043496
Risk-Aware Regime Switching,5933,89.40000544772002
Risk-Aware Regime Switching,5934,100.92552544668112
Risk-Aware Regime Switching,5935,87.22503232778843
Risk-Aware Regime Switching,5936,77.3503623341251
Risk-Aware Regime Switching,5937,91.43726546069658
Risk-Aware Regime Switching,5938,65.74394128706268
Risk-Aware Regime Switching,5939,80.00415077037076
Risk-Aware Regime Switching,5940,102.58785428395561
Risk-Aware Regime Switching,5941,74.84750880339114
Risk-Aware Regime Switching,5942,102.79506663054332
Risk-Aware Regime Switching,5943,82.21308762357835
Risk-Aware Regime Switching,5944,107.76456985521983
Risk-Aware Regime Switching,5945,94.53604505937568
Risk-Aware Regime Switching,5946,95.6253635108643
Risk-Aware Regime Switching,5947,109.1655468682634
Risk-Aware Regime Switching,5948,81.81246311582842
Risk-Aware Regime Switching,5949,68.47797180838559
Risk-Aware Regime Switching,5950,87.80103130306955
Risk-Aware Regime Switching,5951,86.14712562189847
Risk-Aware Regime Switching,5952,66.0055794615243
Risk-Aware Regime Switching,5953,81.35751244658293
Risk-Aware Regime Switching,5954,150.31211121760367
Risk-Aware Regime Switching,5955,102.93035395562326
Risk-Aware Regime Switching,5956,87.68709232600264
Risk-Aware Regime Switching,5957,83.96756803275616
Risk-Aware Regime Switching,5958,124.67340144087609
Risk-Aware Regime Switching,5959,84.04656085394244
Risk-Aware Regime Switching,5960,124.20795898457926
Risk-Aware Regime Switching,5961,85.21112866825261
Risk-Aware Regime Switching,5962,50.573482799983324
Risk-Aware Regime Switching,5963,100.11001687946093
Risk-Aware Regime Switching,5964,129.05922468117998
Risk-Aware Regime Switching,5965,114.48847580131394
Risk-Aware Regime Switching,5966,79.79083514053139
Risk-Aware Regime Switching,5967,109.03226486043367
Risk-Aware Regime Switching,5968,63.208819882730126
Risk-Aware Regime Switching,5969,103.2594849064957
Risk-Aware Regime Switching,5970,100.94874483471506
Risk-Aware Regime Switching,5971,117.8152306448385
Risk-Aware Regime Switching,5972,109.53315212234023
Risk-Aware Regime Switching,5973,96.72539846374417
Risk-Aware Regime Switching,5974,82.74921227358722
Risk-Aware Regime Switching,5975,90.6186685755098
Risk-Aware Regime Switching,5976,152.14982280756647
Risk-Aware Regime Switching,5977,63.00284873032659
Risk-Aware Regime Switching,5978,94.53051968326913
Risk-Aware Regime Switching,5979,94.1683679445075
Risk-Aware Regime Switching,5980,96.4823908437808
Risk-Aware Regime Switching,5981,86.21028980042476
Risk-Aware Regime Switching,5982,117.257779651218
Risk-Aware Regime Switching,5983,126.96693296375435
Risk-Aware Regime Switching,5984,68.76396435070161
Risk-Aware Regime Switching,5985,76.72270128166967
Risk-Aware Regime Switching,5986,73.79233687804707
Risk-Aware Regime Switching,5987,92.84119557312366
Risk-Aware Regime Switching,5988,122.66146021051215
Risk-Aware Regime Switching,5989,144.84088500716535
Risk-Aware Regime Switching,5990,83.21540792427672
Risk-Aware Regime Switching,5991,64.86346705800453
Risk-Aware Regime Switching,5992,93.45280290478375
Risk-Aware Regime Switching,5993,120.22564525330743
Risk-Aware Regime Switching,5994,135.91394450796145
Risk-Aware Regime Switching,5995,151.99454227305048
Risk-Aware Regime Switching,5996,80.2228120091224
Risk-Aware Regime Switching,5997,98.100217383835
Risk-Aware Regime Switching,5998,98.66467940795306
Risk-Aware Regime Switching,5999,102.9500187467913
Risk-Aware Regime Switching,6000,101.2152680118951
Risk-Aware Regime Switching,6001,89.83067707221124
Risk-Aware Regime Switching,6002,83.86399417743009
Risk-Aware Regime Switching,6003,90.57510375107938
Risk-Aware Regime Switching,6004,44.63853659566588
Risk-Aware Regime Switching,6005,73.08940875431486
Risk-Aware Regime Switching,6006,92.73488738704194
Risk-Aware Regime Switching,6007,53.782670865943125
Risk-Aware Regime Switching,6008,96.68397021898323
Risk-Aware Regime Switching,6009,92.30525674627798
Risk-Aware Regime Switching,6010,134.2098696581823
Risk-Aware Regime Switching,6011,102.10578214112005
Risk-Aware Regime Switching,6012,74.1131543059204
Risk-Aware Regime Switching,6013,77.20310058844832
Risk-Aware Regime Switching,6014,89.46355476270135
Risk-Aware Regime Switching,6015,74.26847741816448
Risk-Aware Regime Switching,6016,119.07538143176815
Risk-Aware Regime Switching,6017,97.75650127139666
Risk-Aware Regime Switching,6018,152.89839128051588
Risk-Aware Regime Switching,6019,83.79802466925689
Risk-Aware Regime Switching,6020,88.82685301852922
Risk-Aware Regime Switching,6021,135.40881528330456
Risk-Aware Regime Switching,6022,93.99167874902724
Risk-Aware Regime Switching,6023,130.1718617330277
Risk-Aware Regime Switching,6024,111.79167229589086
Risk-Aware Regime Switching,6025,107.77476734651263
Risk-Aware Regime Switching,6026,106.02238829394753
Risk-Aware Regime Switching,6027,124.46891474082832
Risk-Aware Regime Switching,6028,87.49459733095051
Risk-Aware Regime Switching,6029,62.022751047735014
Risk-Aware Regime Switching,6030,91.23111607504399
Risk-Aware Regime Switching,6031,105.89125824736621
Risk-Aware Regime Switching,6032,108.95508688798678
Risk-Aware Regime Switching,6033,150.534909163117
Risk-Aware Regime Switching,6034,108.85857791946498
Risk-Aware Regime Switching,6035,82.86997450007767
Risk-Aware Regime Switching,6036,156.58878710587476
Risk-Aware Regime Switching,6037,105.0998210940671
Risk-Aware Regime Switching,6038,143.82343802851457
Risk-Aware Regime Switching,6039,116.74503776921358
Risk-Aware Regime Switching,6040,80.88425984133646
Risk-Aware Regime Switching,6041,87.38718910786926
Risk-Aware Regime Switching,6042,68.8779984829436
Risk-Aware Regime Switching,6043,98.79661107753309
Risk-Aware Regime Switching,6044,87.70535475471874
Risk-Aware Regime Switching,6045,66.67684568136013
Risk-Aware Regime Switching,6046,78.16571287960943
Risk-Aware Regime Switching,6047,87.0247851471197
Risk-Aware Regime Switching,6048,69.71749969675825
Risk-Aware Regime Switching,6049,77.99746510840055
Risk-Aware Regime Switching,6050,71.46404409405991
Risk-Aware Regime Switching,6051,85.35579248698578
Risk-Aware Regime Switching,6052,109.76532887183674
Risk-Aware Regime Switching,6053,88.67282133863186
Risk-Aware Regime Switching,6054,82.67889007818768
Risk-Aware Regime Switching,6055,108.6179851258809
Risk-Aware Regime Switching,6056,77.31148138630527
Risk-Aware Regime Switching,6057,91.74328840307584
Risk-Aware Regime Switching,6058,114.74641684609479
Risk-Aware Regime Switching,6059,125.14850031907898
Risk-Aware Regime Switching,6060,151.84032974138378
Risk-Aware Regime Switching,6061,111.03963747498365
Risk-Aware Regime Switching,6062,88.2055731047012
Risk-Aware Regime Switching,6063,101.4740977145661
Risk-Aware Regime Switching,6064,144.3180840234516
Risk-Aware Regime Switching,6065,84.55614870226447
Risk-Aware Regime Switching,6066,91.81244099468488
Risk-Aware Regime Switching,6067,98.42365774079607
Risk-Aware Regime Switching,6068,132.67626636222278
Risk-Aware Regime Switching,6069,114.28783527572679
Risk-Aware Regime Switching,6070,108.61536631744096
Risk-Aware Regime Switching,6071,145.49684690686573
Risk-Aware Regime Switching,6072,99.90461374490476
Risk-Aware Regime Switching,6073,149.11001671942316
Risk-Aware Regime Switching,6074,77.65666064203795
Risk-Aware Regime Switching,6075,120.71736339203352
Risk-Aware Regime Switching,6076,59.6601408436691
Risk-Aware Regime Switching,6077,86.0366207303081
Risk-Aware Regime Switching,6078,120.38873893929673
Risk-Aware Regime Switching,6079,98.23677898290333
Risk-Aware Regime Switching,6080,81.99057600864445
Risk-Aware Regime Switching,6081,90.05547720563364
Risk-Aware Regime Switching,6082,83.8071868449991
Risk-Aware Regime Switching,6083,104.67291038566837
Risk-Aware Regime Switching,6084,79.62173165648832
Risk-Aware Regime Switching,6085,60.67931005135322
Risk-Aware Regime Switching,6086,112.96687925159887
Risk-Aware Regime Switching,6087,88.47347749370054
Risk-Aware Regime Switching,6088,77.87454299336389
Risk-Aware Regime Switching,6089,141.2856542424008
Risk-Aware Regime Switching,6090,82.4270295385987
Risk-Aware Regime Switching,6091,114.73663933618899
Risk-Aware Regime Switching,6092,75.56366964267728
Risk-Aware Regime Switching,6093,74.21639794202218
Risk-Aware Regime Switching,6094,131.50184703166815
Risk-Aware Regime Switching,6095,102.2358907242293
Risk-Aware Regime Switching,6096,85.65360798806331
Risk-Aware Regime Switching,6097,79.70450566859952
Risk-Aware Regime Switching,6098,97.67279061227325
Risk-Aware Regime Switching,6099,97.03794053699684
Risk-Aware Regime Switching,6100,96.29690154277189
Risk-Aware Regime Switching,6101,102.9531542207563
Risk-Aware Regime Switching,6102,46.17361887700993
Risk-Aware Regime Switching,6103,122.91081846386275
Risk-Aware Regime Switching,6104,68.7948395376636
Risk-Aware Regime Switching,6105,93.62975032021038
Risk-Aware Regime Switching,6106,81.30932876557569
Risk-Aware Regime Switching,6107,65.03475983931641
Risk-Aware Regime Switching,6108,104.72692162039445
Risk-Aware Regime Switching,6109,94.40862363987141
Risk-Aware Regime Switching,6110,74.8046024958288
Risk-Aware Regime Switching,6111,90.3258423174996
Risk-Aware Regime Switching,6112,86.26297651271324
Risk-Aware Regime Switching,6113,102.5707062009382
Risk-Aware Regime Switching,6114,97.87171807885471
Risk-Aware Regime Switching,6115,104.76121457639178
Risk-Aware Regime Switching,6116,72.45486615480094
Risk-Aware Regime Switching,6117,55.794364062313065
Risk-Aware Regime Switching,6118,93.51783862090906
Risk-Aware Regime Switching,6119,142.78041670979883
Risk-Aware Regime Switching,6120,65.5738308089214
Risk-Aware Regime Switching,6121,108.4192262667303
Risk-Aware Regime Switching,6122,181.32922368794533
Risk-Aware Regime Switching,6123,122.0979717316126
Risk-Aware Regime Switching,6124,54.63069615445873
Risk-Aware Regime Switching,6125,98.9168512337727
Risk-Aware Regime Switching,6126,141.7141280818236
Risk-Aware Regime Switching,6127,97.0872467155664
Risk-Aware Regime Switching,6128,111.95372623920179
Risk-Aware Regime Switching,6129,73.03636946809851
Risk-Aware Regime Switching,6130,79.76491819393142
Risk-Aware Regime Switching,6131,114.36553073126849
Risk-Aware Regime Switching,6132,99.31583156941818
Risk-Aware Regime Switching,6133,95.19860132162225
Risk-Aware Regime Switching,6134,91.30461360534827
Risk-Aware Regime Switching,6135,71.5750792997299
Risk-Aware Regime Switching,6136,98.80086804695033
Risk-Aware Regime Switching,6137,80.7811819253485
Risk-Aware Regime Switching,6138,75.91738196186192
Risk-Aware Regime Switching,6139,134.89919012685957
Risk-Aware Regime Switching,6140,85.415584717439
Risk-Aware Regime Switching,6141,124.39925059154643
Risk-Aware Regime Switching,6142,89.40772003599803
Risk-Aware Regime Switching,6143,84.58908133499264
Risk-Aware Regime Switching,6144,117.87420052949622
Risk-Aware Regime Switching,6145,78.91700659698616
Risk-Aware Regime Switching,6146,134.45503109147967
Risk-Aware Regime Switching,6147,102.2423898811381
Risk-Aware Regime Switching,6148,106.06710902731933
Risk-Aware Regime Switching,6149,122.31796198586255
Risk-Aware Regime Switching,6150,82.13653925179393
Risk-Aware Regime Switching,6151,69.10604424320063
Risk-Aware Regime Switching,6152,85.21754207939733
Risk-Aware Regime Switching,6153,87.6007399873601
Risk-Aware Regime Switching,6154,72.25806058866951
Risk-Aware Regime Switching,6155,86.59276985837558
Risk-Aware Regime Switching,6156,87.51624593040816
Risk-Aware Regime Switching,6157,84.15178841006545
Risk-Aware Regime Switching,6158,79.44337990857568
Risk-Aware Regime Switching,6159,110.66489619543616
Risk-Aware Regime Switching,6160,68.5344366939058
Risk-Aware Regime Switching,6161,98.2602423353715
Risk-Aware Regime Switching,6162,78.80613712341521
Risk-Aware Regime Switching,6163,104.478284963867
Risk-Aware Regime Switching,6164,112.52346050495274
Risk-Aware Regime Switching,6165,132.75978375632846
Risk-Aware Regime Switching,6166,74.43819120349268
Risk-Aware Regime Switching,6167,109.64500728196312
Risk-Aware Regime Switching,6168,120.36203504661553
Risk-Aware Regime Switching,6169,128.31713220253528
Risk-Aware Regime Switching,6170,98.95219777058715
Risk-Aware Regime Switching,6171,129.87130356909512
Risk-Aware Regime Switching,6172,89.61932432551852
Risk-Aware Regime Switching,6173,130.13540983636747
Risk-Aware Regime Switching,6174,104.06220648556432
Risk-Aware Regime Switching,6175,90.54738225872366
Risk-Aware Regime Switching,6176,109.20093683819412
Risk-Aware Regime Switching,6177,84.12001182141717
Risk-Aware Regime Switching,6178,84.28400318545516
Risk-Aware Regime Switching,6179,79.15293211339144
Risk-Aware Regime Switching,6180,70.1051653997632
Risk-Aware Regime Switching,6181,95.80869871360952
Risk-Aware Regime Switching,6182,64.76170797975969
Risk-Aware Regime Switching,6183,67.20078582033011
Risk-Aware Regime Switching,6184,74.13332727053657
Risk-Aware Regime Switching,6185,82.67442882404906
Risk-Aware Regime Switching,6186,162.5300022267013
Risk-Aware Regime Switching,6187,94.88369177669261
Risk-Aware Regime Switching,6188,72.39811464509133
Risk-Aware Regime Switching,6189,125.78707044084551
Risk-Aware Regime Switching,6190,83.5521075477168
Risk-Aware Regime Switching,6191,144.0089591817016
Risk-Aware Regime Switching,6192,75.5203744215967
Risk-Aware Regime Switching,6193,122.72870027997594
Risk-Aware Regime Switching,6194,76.84359094816232
Risk-Aware Regime Switching,6195,90.07631556123951
Risk-Aware Regime Switching,6196,67.06856612525041
Risk-Aware Regime Switching,6197,94.0192973290787
Risk-Aware Regime Switching,6198,78.9227267820561
Risk-Aware Regime Switching,6199,87.0544719682992
Risk-Aware Regime Switching,6200,103.47407452331798
Risk-Aware Regime Switching,6201,93.82065733000859
Risk-Aware Regime Switching,6202,119.87230543464929
Risk-Aware Regime Switching,6203,100.52105646826219
Risk-Aware Regime Switching,6204,185.52728065025076
Risk-Aware Regime Switching,6205,119.62318144618062
Risk-Aware Regime Switching,6206,113.92860655783915
Risk-Aware Regime Switching,6207,163.40292054969967
Risk-Aware Regime Switching,6208,110.08064950838738
Risk-Aware Regime Switching,6209,62.58821671043865
Risk-Aware Regime Switching,6210,100.6200715337312
Risk-Aware Regime Switching,6211,68.37865012567102
Risk-Aware Regime Switching,6212,69.58017942963852
Risk-Aware Regime Switching,6213,87.82445071053361
Risk-Aware Regime Switching,6214,99.99574794746941
Risk-Aware Regime Switching,6215,102.08999977345134
Risk-Aware Regime Switching,6216,82.24706581811667
Risk-Aware Regime Switching,6217,95.53827488711015
Risk-Aware Regime Switching,6218,122.35343824772491
Risk-Aware Regime Switching,6219,136.8695086384443
Risk-Aware Regime Switching,6220,101.5952298530192
Risk-Aware Regime Switching,6221,120.92370840260402
Risk-Aware Regime Switching,6222,91.8196599071977
Risk-Aware Regime Switching,6223,138.67037315524544
Risk-Aware Regime Switching,6224,84.13611846981797
Risk-Aware Regime Switching,6225,108.53043040398857
Risk-Aware Regime Switching,6226,63.330053410514964
Risk-Aware Regime Switching,6227,120.68201639285341
Risk-Aware Regime Switching,6228,116.41296624931915
Risk-Aware Regime Switching,6229,95.83888401686805
Risk-Aware Regime Switching,6230,106.57190549295295
Risk-Aware Regime Switching,6231,131.21014244253033
Risk-Aware Regime Switching,6232,81.2027367449082
Risk-Aware Regime Switching,6233,82.45585296346756
Risk-Aware Regime Switching,6234,149.4490462589532
Risk-Aware Regime Switching,6235,75.22587752949312
Risk-Aware Regime Switching,6236,62.35339391566473
Risk-Aware Regime Switching,6237,103.3660117249848
Risk-Aware Regime Switching,6238,97.82848501039712
Risk-Aware Regime Switching,6239,102.06548250447727
Risk-Aware Regime Switching,6240,90.96790718678666
Risk-Aware Regime Switching,6241,95.8844744675542
Risk-Aware Regime Switching,6242,102.97814513155892
Risk-Aware Regime Switching,6243,104.4530327730361
Risk-Aware Regime Switching,6244,102.92969082609335
Risk-Aware Regime Switching,6245,95.84286169647356
Risk-Aware Regime Switching,6246,128.9147020311957
Risk-Aware Regime Switching,6247,84.56282722251696
Risk-Aware Regime Switching,6248,73.09500233543918
Risk-Aware Regime Switching,6249,137.82488561498815
Risk-Aware Regime Switching,6250,128.41753471146342
Risk-Aware Regime Switching,6251,115.14226297254868
Risk-Aware Regime Switching,6252,131.61943987109348
Risk-Aware Regime Switching,6253,80.52307889546695
Risk-Aware Regime Switching,6254,89.11831341649064
Risk-Aware Regime Switching,6255,162.28423806836466
Risk-Aware Regime Switching,6256,75.02964256247118
Risk-Aware Regime Switching,6257,109.88722064623386
Risk-Aware Regime Switching,6258,114.80381886847925
Risk-Aware Regime Switching,6259,91.39147140946358
Risk-Aware Regime Switching,6260,86.14302283663913
Risk-Aware Regime Switching,6261,132.30326081057876
Risk-Aware Regime Switching,6262,70.28348396947291
Risk-Aware Regime Switching,6263,71.93848596881071
Risk-Aware Regime Switching,6264,88.92682652477738
Risk-Aware Regime Switching,6265,94.54863228386326
Risk-Aware Regime Switching,6266,90.00507930913014
Risk-Aware Regime Switching,6267,112.39188249555727
Risk-Aware Regime Switching,6268,88.16198405638673
Risk-Aware Regime Switching,6269,107.45707122772845
Risk-Aware Regime Switching,6270,131.12329020988068
Risk-Aware Regime Switching,6271,111.74526058169398
Risk-Aware Regime Switching,6272,139.43210495636492
Risk-Aware Regime Switching,6273,110.4801260251363
Risk-Aware Regime Switching,6274,86.98103780251617
Risk-Aware Regime Switching,6275,146.91854237400472
Risk-Aware Regime Switching,6276,77.12622885297931
Risk-Aware Regime Switching,6277,83.3363628016021
Risk-Aware Regime Switching,6278,64.12479512154627
Risk-Aware Regime Switching,6279,134.03268071217653
Risk-Aware Regime Switching,6280,88.11744958985933
Risk-Aware Regime Switching,6281,92.3090856465635
Risk-Aware Regime Switching,6282,57.449695512149546
Risk-Aware Regime Switching,6283,103.84805522298366
Risk-Aware Regime Switching,6284,92.5846078735953
Risk-Aware Regime Switching,6285,109.01813396111754
Risk-Aware Regime Switching,6286,115.34833918371021
Risk-Aware Regime Switching,6287,88.95053138561333
Risk-Aware Regime Switching,6288,84.31069996487611
Risk-Aware Regime Switching,6289,108.65921907725011
Risk-Aware Regime Switching,6290,79.80407797923993
Risk-Aware Regime Switching,6291,87.84800941004409
Risk-Aware Regime Switching,6292,76.05079201819849
Risk-Aware Regime Switching,6293,104.43426009803407
Risk-Aware Regime Switching,6294,83.20022882797956
Risk-Aware Regime Switching,6295,118.62202980366172
Risk-Aware Regime Switching,6296,91.35345316020302
Risk-Aware Regime Switching,6297,78.47152167109884
Risk-Aware Regime Switching,6298,96.43446417152306
Risk-Aware Regime Switching,6299,93.52837905253473
Risk-Aware Regime Switching,6300,80.07029950916781
Risk-Aware Regime Switching,6301,105.57688915641856
Risk-Aware Regime Switching,6302,128.3803984837018
Risk-Aware Regime Switching,6303,79.67861921892869
Risk-Aware Regime Switching,6304,107.45326838661546
Risk-Aware Regime Switching,6305,129.5856279346896
Risk-Aware Regime Switching,6306,138.89463100756538
Risk-Aware Regime Switching,6307,84.82011568047287
Risk-Aware Regime Switching,6308,132.84889206695928
Risk-Aware Regime Switching,6309,87.92838044348159
Risk-Aware Regime Switching,6310,104.68441768392003
Risk-Aware Regime Switching,6311,125.77366399185136
Risk-Aware Regime Switching,6312,112.42641166612893
Risk-Aware Regime Switching,6313,70.62519518316668
Risk-Aware Regime Switching,6314,114.81585759526949
Risk-Aware Regime Switching,6315,99.47205186104934
Risk-Aware Regime Switching,6316,103.26923947147833
Risk-Aware Regime Switching,6317,84.39436192068412
Risk-Aware Regime Switching,6318,80.74285102755786
Risk-Aware Regime Switching,6319,86.84040036227611
Risk-Aware Regime Switching,6320,128.15676449306014
Risk-Aware Regime Switching,6321,98.77031112263394
Risk-Aware Regime Switching,6322,121.58753417557442
Risk-Aware Regime Switching,6323,89.13642706939777
Risk-Aware Regime Switching,6324,81.87972569921068
Risk-Aware Regime Switching,6325,111.04243127191083
Risk-Aware Regime Switching,6326,172.98934568176193
Risk-Aware Regime Switching,6327,80.1039580210787
Risk-Aware Regime Switching,6328,78.99126321089234
Risk-Aware Regime Switching,6329,88.25885062159229
Risk-Aware Regime Switching,6330,79.06808295406096
Risk-Aware Regime Switching,6331,159.02058660749253
Risk-Aware Regime Switching,6332,83.44477388050089
Risk-Aware Regime Switching,6333,105.94655361935574
Risk-Aware Regime Switching,6334,85.14544615246427
Risk-Aware Regime Switching,6335,86.94466222419071
Risk-Aware Regime Switching,6336,103.52594175652268
Risk-Aware Regime Switching,6337,105.72113175279102
Risk-Aware Regime Switching,6338,73.23200812208673
Risk-Aware Regime Switching,6339,100.87997067973728
Risk-Aware Regime Switching,6340,85.57262949342179
Risk-Aware Regime Switching,6341,91.51499169171163
Risk-Aware Regime Switching,6342,96.26863585758979
Risk-Aware Regime Switching,6343,100.47273942646129
Risk-Aware Regime Switching,6344,77.30572644689738
Risk-Aware Regime Switching,6345,96.77505471682151
Risk-Aware Regime Switching,6346,112.79499573980627
Risk-Aware Regime Switching,6347,69.34656994280182
Risk-Aware Regime Switching,6348,111.50403097469402
Risk-Aware Regime Switching,6349,63.58344267870974
Risk-Aware Regime Switching,6350,166.3306653358612
Risk-Aware Regime Switching,6351,72.40353449773724
Risk-Aware Regime Switching,6352,80.37311533715172
Risk-Aware Regime Switching,6353,122.60383907147028
Risk-Aware Regime Switching,6354,96.37207936754861
Risk-Aware Regime Switching,6355,75.89633041322512
Risk-Aware Regime Switching,6356,103.78297968714737
Risk-Aware Regime Switching,6357,104.99232872090418
Risk-Aware Regime Switching,6358,128.3732765578229
Risk-Aware Regime Switching,6359,106.97802832590268
Risk-Aware Regime Switching,6360,100.7625046499958
Risk-Aware Regime Switching,6361,54.319881478986574
Risk-Aware Regime Switching,6362,147.6096393696011
Risk-Aware Regime Switching,6363,147.14014382116721
Risk-Aware Regime Switching,6364,91.25224302056027
Risk-Aware Regime Switching,6365,91.38059860148621
Risk-Aware Regime Switching,6366,110.85823092876117
Risk-Aware Regime Switching,6367,97.71435865293067
Risk-Aware Regime Switching,6368,66.3902260577326
Risk-Aware Regime Switching,6369,76.76248628717428
Risk-Aware Regime Switching,6370,159.43687804808405
Risk-Aware Regime Switching,6371,155.48899523109338
Risk-Aware Regime Switching,6372,128.23450990650707
Risk-Aware Regime Switching,6373,105.81098667360025
Risk-Aware Regime Switching,6374,90.56312300769194
Risk-Aware Regime Switching,6375,66.80960932963009
Risk-Aware Regime Switching,6376,60.24792927107534
Risk-Aware Regime Switching,6377,72.63275487328778
Risk-Aware Regime Switching,6378,107.42274475544112
Risk-Aware Regime Switching,6379,92.48786138933325
Risk-Aware Regime Switching,6380,87.15991705399246
Risk-Aware Regime Switching,6381,109.07570765269207
Risk-Aware Regime Switching,6382,99.96631284831699
Risk-Aware Regime Switching,6383,98.92449297930642
Risk-Aware Regime Switching,6384,80.70336233097306
Risk-Aware Regime Switching,6385,97.37681253811833
Risk-Aware Regime Switching,6386,124.02459808921071
Risk-Aware Regime Switching,6387,79.4929284624761
Risk-Aware Regime Switching,6388,129.05664894230736
Risk-Aware Regime Switching,6389,72.40132465592562
Risk-Aware Regime Switching,6390,145.88287766666065
Risk-Aware Regime Switching,6391,74.94908712317209
Risk-Aware Regime Switching,6392,153.3881217938777
Risk-Aware Regime Switching,6393,87.6481906411251
Risk-Aware Regime Switching,6394,126.32055328359364
Risk-Aware Regime Switching,6395,87.85159882126271
Risk-Aware Regime Switching,6396,47.65370176515352
Risk-Aware Regime Switching,6397,110.87552734481562
Risk-Aware Regime Switching,6398,98.10546707301629
Risk-Aware Regime Switching,6399,88.81504163114548
Risk-Aware Regime Switching,6400,133.86444670882628
Risk-Aware Regime Switching,6401,108.47941068711808
Risk-Aware Regime Switching,6402,132.87306256487042
Risk-Aware Regime Switching,6403,105.26452673948154
Risk-Aware Regime Switching,6404,106.4156498669927
Risk-Aware Regime Switching,6405,57.556255934943366
Risk-Aware Regime Switching,6406,155.32640036652995
Risk-Aware Regime Switching,6407,104.50177981099216
Risk-Aware Regime Switching,6408,132.59253624252355
Risk-Aware Regime Switching,6409,80.1652141324449
Risk-Aware Regime Switching,6410,144.20874375476976
Risk-Aware Regime Switching,6411,101.37027770785055
Risk-Aware Regime Switching,6412,108.93481315836439
Risk-Aware Regime Switching,6413,118.62276021541021
Risk-Aware Regime Switching,6414,117.6333433356047
Risk-Aware Regime Switching,6415,65.57018511661464
Risk-Aware Regime Switching,6416,119.46177839425891
Risk-Aware Regime Switching,6417,122.49706642296468
Risk-Aware Regime Switching,6418,124.98516604228426
Risk-Aware Regime Switching,6419,96.82499882041648
Risk-Aware Regime Switching,6420,113.54512872492266
Risk-Aware Regime Switching,6421,67.1679183787971
Risk-Aware Regime Switching,6422,115.73502794563248
Risk-Aware Regime Switching,6423,96.77665596026745
Risk-Aware Regime Switching,6424,99.08570151673344
Risk-Aware Regime Switching,6425,77.17846045150337
Risk-Aware Regime Switching,6426,106.31232517399572
Risk-Aware Regime Switching,6427,114.99302683692731
Risk-Aware Regime Switching,6428,112.84328292482006
Risk-Aware Regime Switching,6429,113.2538567960052
Risk-Aware Regime Switching,6430,86.98894620224114
Risk-Aware Regime Switching,6431,93.9879776903015
Risk-Aware Regime Switching,6432,98.87432404447371
Risk-Aware Regime Switching,6433,87.21436065499016
Risk-Aware Regime Switching,6434,91.48177169309241
Risk-Aware Regime Switching,6435,99.06784747873112
Risk-Aware Regime Switching,6436,98.99781883728666
Risk-Aware Regime Switching,6437,106.44746630524418
Risk-Aware Regime Switching,6438,72.6535658427545
Risk-Aware Regime Switching,6439,88.0662907387863
Risk-Aware Regime Switching,6440,96.4635686650057
Risk-Aware Regime Switching,6441,68.94454828523905
Risk-Aware Regime Switching,6442,97.44195104588711
Risk-Aware Regime Switching,6443,97.46994265193923
Risk-Aware Regime Switching,6444,81.11068024773908
Risk-Aware Regime Switching,6445,109.33366824807595
Risk-Aware Regime Switching,6446,73.08206509828096
Risk-Aware Regime Switching,6447,99.8249755906633
Risk-Aware Regime Switching,6448,83.78853155165922
Risk-Aware Regime Switching,6449,107.84749880582673
Risk-Aware Regime Switching,6450,81.46105372110732
Risk-Aware Regime Switching,6451,85.02842650492096
Risk-Aware Regime Switching,6452,93.48795580369296
Risk-Aware Regime Switching,6453,113.09173623270812
Risk-Aware Regime Switching,6454,81.20749008559956
Risk-Aware Regime Switching,6455,94.53580730933996
Risk-Aware Regime Switching,6456,122.65286710848915
Risk-Aware Regime Switching,6457,126.5370834021535
Risk-Aware Regime Switching,6458,100.47818868944387
Risk-Aware Regime Switching,6459,94.3008415994571
Risk-Aware Regime Switching,6460,80.08154641512493
Risk-Aware Regime Switching,6461,86.17747189802583
Risk-Aware Regime Switching,6462,86.40033005530388
Risk-Aware Regime Switching,6463,105.8749823079566
Risk-Aware Regime Switching,6464,107.6950140452278
Risk-Aware Regime Switching,6465,79.32523431903414
Risk-Aware Regime Switching,6466,99.17941028154544
Risk-Aware Regime Switching,6467,100.63754497630735
Risk-Aware Regime Switching,6468,74.98241845106539
Risk-Aware Regime Switching,6469,93.0463821336831
Risk-Aware Regime Switching,6470,109.71893774545136
Risk-Aware Regime Switching,6471,105.26607069393262
Risk-Aware Regime Switching,6472,125.0524257153804
Risk-Aware Regime Switching,6473,87.03962446849141
Risk-Aware Regime Switching,6474,88.37737620189145
Risk-Aware Regime Switching,6475,123.93660673911803
Risk-Aware Regime Switching,6476,98.48305359409572
Risk-Aware Regime Switching,6477,118.36145176805894
Risk-Aware Regime Switching,6478,79.39983781230868
Risk-Aware Regime Switching,6479,84.43719228794583
Risk-Aware Regime Switching,6480,100.5410969907325
Risk-Aware Regime Switching,6481,93.64285144233676
Risk-Aware Regime Switching,6482,97.08910683627391
Risk-Aware Regime Switching,6483,89.7920606444305
Risk-Aware Regime Switching,6484,85.8064444259845
Risk-Aware Regime Switching,6485,91.36519539894731
Risk-Aware Regime Switching,6486,97.85947038133848
Risk-Aware Regime Switching,6487,96.95343598504908
Risk-Aware Regime Switching,6488,96.46384747033412
Risk-Aware Regime Switching,6489,76.37597063659445
Risk-Aware Regime Switching,6490,67.32082078140834
Risk-Aware Regime Switching,6491,135.75269683911552
Risk-Aware Regime Switching,6492,71.6039715518745
Risk-Aware Regime Switching,6493,69.73664708831608
Risk-Aware Regime Switching,6494,159.161394206859
Risk-Aware Regime Switching,6495,70.21581280143823
Risk-Aware Regime Switching,6496,75.93994924367406
Risk-Aware Regime Switching,6497,79.03963185527333
Risk-Aware Regime Switching,6498,129.0590791846988
Risk-Aware Regime Switching,6499,96.5217294703545
Risk-Aware Regime Switching,6500,69.13676175719434
Risk-Aware Regime Switching,6501,140.65187003432933
Risk-Aware Regime Switching,6502,95.88981599519914
Risk-Aware Regime Switching,6503,71.01012987994137
Risk-Aware Regime Switching,6504,81.14552583168279
Risk-Aware Regime Switching,6505,70.96812779180577
Risk-Aware Regime Switching,6506,114.89324475761613
Risk-Aware Regime Switching,6507,88.94076339861923
Risk-Aware Regime Switching,6508,96.29824844533628
Risk-Aware Regime Switching,6509,93.40380848073933
Risk-Aware Regime Switching,6510,118.48457532291272
Risk-Aware Regime Switching,6511,63.49646902255397
Risk-Aware Regime Switching,6512,65.21240548935997
Risk-Aware Regime Switching,6513,109.388899736588
Risk-Aware Regime Switching,6514,114.3299984953126
Risk-Aware Regime Switching,6515,103.63190176043715
Risk-Aware Regime Switching,6516,98.17728596638321
Risk-Aware Regime Switching,6517,108.11706781029594
Risk-Aware Regime Switching,6518,82.95775121859444
Risk-Aware Regime Switching,6519,100.74780873139187
Risk-Aware Regime Switching,6520,62.76170006667986
Risk-Aware Regime Switching,6521,108.65420596850983
Risk-Aware Regime Switching,6522,147.10901266831658
Risk-Aware Regime Switching,6523,83.93229364411785
Risk-Aware Regime Switching,6524,46.78672523231417
Risk-Aware Regime Switching,6525,63.44322350914818
Risk-Aware Regime Switching,6526,62.03082276740306
Risk-Aware Regime Switching,6527,85.40333220114292
Risk-Aware Regime Switching,6528,142.46056392716952
Risk-Aware Regime Switching,6529,78.54084860429252
Risk-Aware Regime Switching,6530,104.98349448782362
Risk-Aware Regime Switching,6531,119.04526209526975
Risk-Aware Regime Switching,6532,66.97937070335665
Risk-Aware Regime Switching,6533,91.11835437836488
Risk-Aware Regime Switching,6534,94.85154647491562
Risk-Aware Regime Switching,6535,119.05791060949838
Risk-Aware Regime Switching,6536,90.90803618492792
Risk-Aware Regime Switching,6537,107.83893036571644
Risk-Aware Regime Switching,6538,84.88691373111917
Risk-Aware Regime Switching,6539,70.14817458324009
Risk-Aware Regime Switching,6540,104.30939634140366
Risk-Aware Regime Switching,6541,138.18139663908633
Risk-Aware Regime Switching,6542,87.22803348308524
Risk-Aware Regime Switching,6543,104.57733707079714
Risk-Aware Regime Switching,6544,93.45771944952124
Risk-Aware Regime Switching,6545,101.83237299828724
Risk-Aware Regime Switching,6546,86.71618664360885
Risk-Aware Regime Switching,6547,61.19396792398049
Risk-Aware Regime Switching,6548,97.73708913890528
Risk-Aware Regime Switching,6549,81.64920949767732
Risk-Aware Regime Switching,6550,65.01879671659731
Risk-Aware Regime Switching,6551,106.59280836187754
Risk-Aware Regime Switching,6552,93.83164073917195
Risk-Aware Regime Switching,6553,93.20890899290171
Risk-Aware Regime Switching,6554,107.63084623393047
Risk-Aware Regime Switching,6555,118.17746404059008
Risk-Aware Regime Switching,6556,97.2011553358414
Risk-Aware Regime Switching,6557,109.56062283457999
Risk-Aware Regime Switching,6558,146.221167762358
Risk-Aware Regime Switching,6559,81.95502613540953
Risk-Aware Regime Switching,6560,73.0780700418285
Risk-Aware Regime Switching,6561,94.44980409194577
Risk-Aware Regime Switching,6562,74.55993138543376
Risk-Aware Regime Switching,6563,108.9989359312179
Risk-Aware Regime Switching,6564,105.33677584082588
Risk-Aware Regime Switching,6565,141.15616535392118
Risk-Aware Regime Switching,6566,77.91887300192816
Risk-Aware Regime Switching,6567,147.3231529180564
Risk-Aware Regime Switching,6568,90.9708228627773
Risk-Aware Regime Switching,6569,80.16648049421934
Risk-Aware Regime Switching,6570,104.89698929101397
Risk-Aware Regime Switching,6571,104.03683663405565
Risk-Aware Regime Switching,6572,59.22457999014764
Risk-Aware Regime Switching,6573,51.163288341292656
Risk-Aware Regime Switching,6574,92.4303751622817
Risk-Aware Regime Switching,6575,98.85169243792619
Risk-Aware Regime Switching,6576,111.85592326917566
Risk-Aware Regime Switching,6577,64.63669137676197
Risk-Aware Regime Switching,6578,134.77075667351883
Risk-Aware Regime Switching,6579,154.72185982826474
Risk-Aware Regime Switching,6580,83.30219972067786
Risk-Aware Regime Switching,6581,82.92675915869884
Risk-Aware Regime Switching,6582,121.29801168664936
Risk-Aware Regime Switching,6583,86.88437167599831
Risk-Aware Regime Switching,6584,81.11334450484003
Risk-Aware Regime Switching,6585,149.025453908437
Risk-Aware Regime Switching,6586,97.46411633331617
Risk-Aware Regime Switching,6587,94.00758022006193
Risk-Aware Regime Switching,6588,104.03258839967452
Risk-Aware Regime Switching,6589,77.75918173051893
Risk-Aware Regime Switching,6590,79.32255201385769
Risk-Aware Regime Switching,6591,80.85824916068009
Risk-Aware Regime Switching,6592,49.1080438548256
Risk-Aware Regime Switching,6593,103.49734434200661
Risk-Aware Regime Switching,6594,100.13309198533251
Risk-Aware Regime Switching,6595,96.99200285063472
Risk-Aware Regime Switching,6596,91.84972297522438
Risk-Aware Regime Switching,6597,78.77252816949775
Risk-Aware Regime Switching,6598,84.98058569269905
Risk-Aware Regime Switching,6599,123.78891031446604
Risk-Aware Regime Switching,6600,116.3207791769265
Risk-Aware Regime Switching,6601,81.43453258773047
Risk-Aware Regime Switching,6602,103.75263359014293
Risk-Aware Regime Switching,6603,146.05848094274273
Risk-Aware Regime Switching,6604,94.36462350618679
Risk-Aware Regime Switching,6605,111.06293894972181
Risk-Aware Regime Switching,6606,105.45203219244539
Risk-Aware Regime Switching,6607,81.89266420430957
Risk-Aware Regime Switching,6608,81.3305399878225
Risk-Aware Regime Switching,6609,135.7089800111665
Risk-Aware Regime Switching,6610,131.2678738637973
Risk-Aware Regime Switching,6611,97.59755758914014
Risk-Aware Regime Switching,6612,64.64541381223671
Risk-Aware Regime Switching,6613,112.191826642717
Risk-Aware Regime Switching,6614,105.87620088820518
Risk-Aware Regime Switching,6615,73.55931032315422
Risk-Aware Regime Switching,6616,108.36683009476515
Risk-Aware Regime Switching,6617,111.03931250259038
Risk-Aware Regime Switching,6618,101.9490748052819
Risk-Aware Regime Switching,6619,86.74793875087178
Risk-Aware Regime Switching,6620,100.59637663933208
Risk-Aware Regime Switching,6621,93.34097482336391
Risk-Aware Regime Switching,6622,131.52672594553312
Risk-Aware Regime Switching,6623,82.09022428369465
Risk-Aware Regime Switching,6624,66.95790025269962
Risk-Aware Regime Switching,6625,141.3931051721031
Risk-Aware Regime Switching,6626,94.00666049728463
Risk-Aware Regime Switching,6627,79.34447512129668
Risk-Aware Regime Switching,6628,108.03671124989427
Risk-Aware Regime Switching,6629,105.37103619386829
Risk-Aware Regime Switching,6630,72.52685718312809
Risk-Aware Regime Switching,6631,120.57706906575109
Risk-Aware Regime Switching,6632,111.51621025135772
Risk-Aware Regime Switching,6633,155.1411626971347
Risk-Aware Regime Switching,6634,78.23304006081104
Risk-Aware Regime Switching,6635,84.77390262490341
Risk-Aware Regime Switching,6636,93.81231186989491
Risk-Aware Regime Switching,6637,78.01895437282656
Risk-Aware Regime Switching,6638,75.7757143221004
Risk-Aware Regime Switching,6639,91.72392695072301
Risk-Aware Regime Switching,6640,148.57478807569044
Risk-Aware Regime Switching,6641,54.70360404616139
Risk-Aware Regime Switching,6642,129.4203638730185
Risk-Aware Regime Switching,6643,128.65295217992104
Risk-Aware Regime Switching,6644,103.01615687813843
Risk-Aware Regime Switching,6645,114.34335282910585
Risk-Aware Regime Switching,6646,81.69030163759717
Risk-Aware Regime Switching,6647,99.91753672001009
Risk-Aware Regime Switching,6648,65.4753449800355
Risk-Aware Regime Switching,6649,94.76089886921099
Risk-Aware Regime Switching,6650,110.59487192829909
Risk-Aware Regime Switching,6651,134.26852110943958
Risk-Aware Regime Switching,6652,98.61912622369216
Risk-Aware Regime Switching,6653,102.4468483123715
Risk-Aware Regime Switching,6654,78.10746659340012
Risk-Aware Regime Switching,6655,113.39808887400815
Risk-Aware Regime Switching,6656,148.20169660517428
Risk-Aware Regime Switching,6657,117.186200700339
Risk-Aware Regime Switching,6658,98.16869970025441
Risk-Aware Regime Switching,6659,130.36035791558461
Risk-Aware Regime Switching,6660,119.05843184355518
Risk-Aware Regime Switching,6661,64.74197868838347
Risk-Aware Regime Switching,6662,50.9867637879818
Risk-Aware Regime Switching,6663,96.80087129194077
Risk-Aware Regime Switching,6664,135.60899289051767
Risk-Aware Regime Switching,6665,88.93335850366813
Risk-Aware Regime Switching,6666,110.6739511491523
Risk-Aware Regime Switching,6667,78.07432479483695
Risk-Aware Regime Switching,6668,106.39393350164892
Risk-Aware Regime Switching,6669,67.51255222872771
Risk-Aware Regime Switching,6670,73.55500530541966
Risk-Aware Regime Switching,6671,156.93855592918894
Risk-Aware Regime Switching,6672,116.53973906872146
Risk-Aware Regime Switching,6673,81.01417487301762
Risk-Aware Regime Switching,6674,100.36300556184312
Risk-Aware Regime Switching,6675,76.05691574757863
Risk-Aware Regime Switching,6676,149.49734007868688
Risk-Aware Regime Switching,6677,115.55160226809456
Risk-Aware Regime Switching,6678,104.0011005742787
Risk-Aware Regime Switching,6679,125.48122292066913
Risk-Aware Regime Switching,6680,93.18284071674863
Risk-Aware Regime Switching,6681,95.47429245631484
Risk-Aware Regime Switching,6682,104.80768394443707
Risk-Aware Regime Switching,6683,82.81730139063163
Risk-Aware Regime Switching,6684,94.0967804627206
Risk-Aware Regime Switching,6685,139.36734716657244
Risk-Aware Regime Switching,6686,91.79765070150326
Risk-Aware Regime Switching,6687,90.48004184607733
Risk-Aware Regime Switching,6688,110.25814470193158
Risk-Aware Regime Switching,6689,80.1745736358187
Risk-Aware Regime Switching,6690,88.44216041084125
Risk-Aware Regime Switching,6691,101.96432825636965
Risk-Aware Regime Switching,6692,112.3013359688938
Risk-Aware Regime Switching,6693,86.94802013489011
Risk-Aware Regime Switching,6694,90.82010525384203
Risk-Aware Regime Switching,6695,92.21796029297901
Risk-Aware Regime Switching,6696,97.75450257065481
Risk-Aware Regime Switching,6697,83.37962995660287
Risk-Aware Regime Switching,6698,73.84236704995233
Risk-Aware Regime Switching,6699,63.59751950287518
Risk-Aware Regime Switching,6700,63.32613496998314
Risk-Aware Regime Switching,6701,138.04295123857065
Risk-Aware Regime Switching,6702,89.2277299084992
Risk-Aware Regime Switching,6703,81.54022317191556
Risk-Aware Regime Switching,6704,112.77467705659181
Risk-Aware Regime Switching,6705,112.2357844414757
Risk-Aware Regime Switching,6706,94.98236994601744
Risk-Aware Regime Switching,6707,111.67529221773955
Risk-Aware Regime Switching,6708,116.17871092355159
Risk-Aware Regime Switching,6709,71.02909699966744
Risk-Aware Regime Switching,6710,84.44497184575545
Risk-Aware Regime Switching,6711,83.03187017658499
Risk-Aware Regime Switching,6712,86.40082712678047
Risk-Aware Regime Switching,6713,101.90905922979998
Risk-Aware Regime Switching,6714,118.85402495211999
Risk-Aware Regime Switching,6715,98.75793033310144
Risk-Aware Regime Switching,6716,96.61238450120425
Risk-Aware Regime Switching,6717,116.20909223642958
Risk-Aware Regime Switching,6718,89.91384176812612
Risk-Aware Regime Switching,6719,103.4655268081645
Risk-Aware Regime Switching,6720,147.90537373610692
Risk-Aware Regime Switching,6721,97.69699976361942
Risk-Aware Regime Switching,6722,125.11026978956654
Risk-Aware Regime Switching,6723,134.86595639641513
Risk-Aware Regime Switching,6724,104.15438965776302
Risk-Aware Regime Switching,6725,73.9295506200672
Risk-Aware Regime Switching,6726,106.4818390780046
Risk-Aware Regime Switching,6727,69.09856482341414
Risk-Aware Regime Switching,6728,67.34649324067965
Risk-Aware Regime Switching,6729,111.53179514175578
Risk-Aware Regime Switching,6730,132.2800271608897
Risk-Aware Regime Switching,6731,126.78433746543712
Risk-Aware Regime Switching,6732,81.95250864872907
Risk-Aware Regime Switching,6733,143.963287499452
Risk-Aware Regime Switching,6734,75.17239579170179
Risk-Aware Regime Switching,6735,121.25991942085167
Risk-Aware Regime Switching,6736,77.96580426066097
Risk-Aware Regime Switching,6737,91.49151870012557
Risk-Aware Regime Switching,6738,63.50885304827265
Risk-Aware Regime Switching,6739,86.47805363993751
Risk-Aware Regime Switching,6740,90.9024958972684
Risk-Aware Regime Switching,6741,72.10701195890815
Risk-Aware Regime Switching,6742,118.33778286541931
Risk-Aware Regime Switching,6743,71.95967584524303
Risk-Aware Regime Switching,6744,132.3980003932676
Risk-Aware Regime Switching,6745,111.53626459923007
Risk-Aware Regime Switching,6746,87.16986172925216
Risk-Aware Regime Switching,6747,98.43384582417903
Risk-Aware Regime Switching,6748,89.35491768542379
Risk-Aware Regime Switching,6749,89.23403851278755
Risk-Aware Regime Switching,6750,85.11044271212248
Risk-Aware Regime Switching,6751,58.53183270341075
Risk-Aware Regime Switching,6752,77.88768592083196
Risk-Aware Regime Switching,6753,72.29257314024834
Risk-Aware Regime Switching,6754,83.96344591836976
Risk-Aware Regime Switching,6755,90.14029861666528
Risk-Aware Regime Switching,6756,125.34185625291931
Risk-Aware Regime Switching,6757,160.8619883282012
Risk-Aware Regime Switching,6758,130.95555388097318
Risk-Aware Regime Switching,6759,141.85091780787621
Risk-Aware Regime Switching,6760,70.09248916016175
Risk-Aware Regime Switching,6761,91.05541838511361
Risk-Aware Regime Switching,6762,123.59348839321227
Risk-Aware Regime Switching,6763,69.80033849637199
Risk-Aware Regime Switching,6764,87.09517844526951
Risk-Aware Regime Switching,6765,86.59829023947815
Risk-Aware Regime Switching,6766,90.6407028506682
Risk-Aware Regime Switching,6767,93.93410396127659
Risk-Aware Regime Switching,6768,101.19416308522385
Risk-Aware Regime Switching,6769,71.03494489976103
Risk-Aware Regime Switching,6770,64.93182603007581
Risk-Aware Regime Switching,6771,90.41502556136449
Risk-Aware Regime Switching,6772,105.10250108770951
Risk-Aware Regime Switching,6773,83.85419097694269
Risk-Aware Regime Switching,6774,135.5024498073923
Risk-Aware Regime Switching,6775,90.70340342555791
Risk-Aware Regime Switching,6776,104.05927971054585
Risk-Aware Regime Switching,6777,99.76836069591997
Risk-Aware Regime Switching,6778,79.5066044160155
Risk-Aware Regime Switching,6779,102.20124579809169
Risk-Aware Regime Switching,6780,99.53072827633976
Risk-Aware Regime Switching,6781,92.13412473958937
Risk-Aware Regime Switching,6782,91.69805662397837
Risk-Aware Regime Switching,6783,98.83519989052348
Risk-Aware Regime Switching,6784,72.81530240668252
Risk-Aware Regime Switching,6785,122.58777883956948
Risk-Aware Regime Switching,6786,136.23416183969837
Risk-Aware Regime Switching,6787,122.68508797998525
Risk-Aware Regime Switching,6788,78.02465222586163
Risk-Aware Regime Switching,6789,102.40830993775782
Risk-Aware Regime Switching,6790,116.70567859407932
Risk-Aware Regime Switching,6791,120.15851751361248
Risk-Aware Regime Switching,6792,86.45971360961336
Risk-Aware Regime Switching,6793,86.74518692591766
Risk-Aware Regime Switching,6794,83.59701174410668
Risk-Aware Regime Switching,6795,95.69580171379248
Risk-Aware Regime Switching,6796,94.6461057743235
Risk-Aware Regime Switching,6797,102.6882478265682
Risk-Aware Regime Switching,6798,80.97190906697368
Risk-Aware Regime Switching,6799,90.60869604588554
Risk-Aware Regime Switching,6800,91.33893399399888
Risk-Aware Regime Switching,6801,121.28678230276975
Risk-Aware Regime Switching,6802,124.18552377520604
Risk-Aware Regime Switching,6803,78.69978048241231
Risk-Aware Regime Switching,6804,136.39076942134602
Risk-Aware Regime Switching,6805,83.84446267262112
Risk-Aware Regime Switching,6806,126.66343447131172
Risk-Aware Regime Switching,6807,64.93375600977987
Risk-Aware Regime Switching,6808,81.19550653382069
Risk-Aware Regime Switching,6809,106.34471074023126
Risk-Aware Regime Switching,6810,204.64367941422407
Risk-Aware Regime Switching,6811,128.08591284078227
Risk-Aware Regime Switching,6812,95.20400190619941
Risk-Aware Regime Switching,6813,100.22295776492088
Risk-Aware Regime Switching,6814,74.1814449979497
Risk-Aware Regime Switching,6815,99.47863258973531
Risk-Aware Regime Switching,6816,137.45296538436804
Risk-Aware Regime Switching,6817,85.77332518567503
Risk-Aware Regime Switching,6818,110.39445375259531
Risk-Aware Regime Switching,6819,153.06925809974737
Risk-Aware Regime Switching,6820,93.96868177235024
Risk-Aware Regime Switching,6821,83.76921013293996
Risk-Aware Regime Switching,6822,98.3082299976605
Risk-Aware Regime Switching,6823,66.78070426800795
Risk-Aware Regime Switching,6824,89.4334261878774
Risk-Aware Regime Switching,6825,71.94605317050858
Risk-Aware Regime Switching,6826,95.20860490744374
Risk-Aware Regime Switching,6827,100.66679359665696
Risk-Aware Regime Switching,6828,90.80878748978783
Risk-Aware Regime Switching,6829,126.8369987027763
Risk-Aware Regime Switching,6830,73.25103375092606
Risk-Aware Regime Switching,6831,65.48772518042885
Risk-Aware Regime Switching,6832,79.51990605940222
Risk-Aware Regime Switching,6833,121.41161742980489
Risk-Aware Regime Switching,6834,102.51250915737987
Risk-Aware Regime Switching,6835,144.10787706128917
Risk-Aware Regime Switching,6836,111.09618939141248
Risk-Aware Regime Switching,6837,70.20835540543679
Risk-Aware Regime Switching,6838,116.05464453935808
Risk-Aware Regime Switching,6839,92.96038594770906
Risk-Aware Regime Switching,6840,105.97017991500879
Risk-Aware Regime Switching,6841,110.6945150992694
Risk-Aware Regime Switching,6842,60.47217891439798
Risk-Aware Regime Switching,6843,83.41121241660161
Risk-Aware Regime Switching,6844,110.97322867312347
Risk-Aware Regime Switching,6845,88.43606077316734
Risk-Aware Regime Switching,6846,110.40918555844634
Risk-Aware Regime Switching,6847,102.99631845918047
Risk-Aware Regime Switching,6848,117.06136405495454
Risk-Aware Regime Switching,6849,95.89705406890832
Risk-Aware Regime Switching,6850,115.77502181211372
Risk-Aware Regime Switching,6851,94.38837014812206
Risk-Aware Regime Switching,6852,71.47999125855883
Risk-Aware Regime Switching,6853,146.76472253414767
Risk-Aware Regime Switching,6854,83.96773083335624
Risk-Aware Regime Switching,6855,98.87625214457215
Risk-Aware Regime Switching,6856,127.90976929450093
Risk-Aware Regime Switching,6857,90.82776270785034
Risk-Aware Regime Switching,6858,86.37000770200106
Risk-Aware Regime Switching,6859,123.88273019950124
Risk-Aware Regime Switching,6860,127.30250101560885
Risk-Aware Regime Switching,6861,120.40793057438586
Risk-Aware Regime Switching,6862,68.42993063448911
Risk-Aware Regime Switching,6863,82.79994487461427
Risk-Aware Regime Switching,6864,70.61974662127597
Risk-Aware Regime Switching,6865,98.27310447058785
Risk-Aware Regime Switching,6866,81.42057565775177
Risk-Aware Regime Switching,6867,136.0072324211276
Risk-Aware Regime Switching,6868,89.02983778202112
Risk-Aware Regime Switching,6869,90.22100099193455
Risk-Aware Regime Switching,6870,128.85089490390584
Risk-Aware Regime Switching,6871,111.76132145322255
Risk-Aware Regime Switching,6872,135.3703261099902
Risk-Aware Regime Switching,6873,97.55803544345562
Risk-Aware Regime Switching,6874,108.71214023688056
Risk-Aware Regime Switching,6875,87.53487290035761
Risk-Aware Regime Switching,6876,151.93790917151176
Risk-Aware Regime Switching,6877,109.01324377265172
Risk-Aware Regime Switching,6878,108.66568389534731
Risk-Aware Regime Switching,6879,102.65445112148296
Risk-Aware Regime Switching,6880,87.70154732777425
Risk-Aware Regime Switching,6881,120.65970465312455
Risk-Aware Regime Switching,6882,109.81177969140926
Risk-Aware Regime Switching,6883,86.21128610065695
Risk-Aware Regime Switching,6884,83.07961926387001
Risk-Aware Regime Switching,6885,144.2760292150815
Risk-Aware Regime Switching,6886,96.84605427280701
Risk-Aware Regime Switching,6887,130.8749918088303
Risk-Aware Regime Switching,6888,96.81007837627742
Risk-Aware Regime Switching,6889,121.5385680444889
Risk-Aware Regime Switching,6890,108.05669685292254
Risk-Aware Regime Switching,6891,141.1939556957976
Risk-Aware Regime Switching,6892,101.96288481427796
Risk-Aware Regime Switching,6893,77.96974539872946
Risk-Aware Regime Switching,6894,153.44430055572386
Risk-Aware Regime Switching,6895,79.15326866136746
Risk-Aware Regime Switching,6896,100.24975635084104
Risk-Aware Regime Switching,6897,109.29075199735017
Risk-Aware Regime Switching,6898,119.68787375659508
Risk-Aware Regime Switching,6899,73.47668531170952
Risk-Aware Regime Switching,6900,117.95461251862413
Risk-Aware Regime Switching,6901,105.95835725824978
Risk-Aware Regime Switching,6902,103.82756650564143
Risk-Aware Regime Switching,6903,83.45350344797613
Risk-Aware Regime Switching,6904,110.99592663368752
Risk-Aware Regime Switching,6905,54.606740753719386
Risk-Aware Regime Switching,6906,171.86652074046984
Risk-Aware Regime Switching,6907,181.21860299956072
Risk-Aware Regime Switching,6908,97.15094576563808
Risk-Aware Regime Switching,6909,99.00250168655205
Risk-Aware Regime Switching,6910,124.91462151693875
Risk-Aware Regime Switching,6911,135.20237931866853
Risk-Aware Regime Switching,6912,50.22164221215944
Risk-Aware Regime Switching,6913,106.54265752779291
Risk-Aware Regime Switching,6914,96.23849240286894
Risk-Aware Regime Switching,6915,120.98404027281676
Risk-Aware Regime Switching,6916,85.74196343735005
Risk-Aware Regime Switching,6917,119.89691749352247
Risk-Aware Regime Switching,6918,98.15466058335018
Risk-Aware Regime Switching,6919,116.23900836185629
Risk-Aware Regime Switching,6920,69.06130059946479
Risk-Aware Regime Switching,6921,135.9028601137019
Risk-Aware Regime Switching,6922,59.56772267666401
Risk-Aware Regime Switching,6923,113.70472491049195
Risk-Aware Regime Switching,6924,133.18689827533555
Risk-Aware Regime Switching,6925,113.91288140104976
Risk-Aware Regime Switching,6926,99.77002945849547
Risk-Aware Regime Switching,6927,89.75450452396339
Risk-Aware Regime Switching,6928,83.12245906015609
Risk-Aware Regime Switching,6929,78.55359208380548
Risk-Aware Regime Switching,6930,78.5125616005581
Risk-Aware Regime Switching,6931,134.1439125830993
Risk-Aware Regime Switching,6932,118.29494645013878
Risk-Aware Regime Switching,6933,104.55865160250646
Risk-Aware Regime Switching,6934,74.84942006012409
Risk-Aware Regime Switching,6935,99.30533358990638
Risk-Aware Regime Switching,6936,132.63675338638333
Risk-Aware Regime Switching,6937,111.92646619592273
Risk-Aware Regime Switching,6938,80.26110497976198
Risk-Aware Regime Switching,6939,62.25969644588729
Risk-Aware Regime Switching,6940,98.20936615691976
Risk-Aware Regime Switching,6941,59.4781954702236
Risk-Aware Regime Switching,6942,109.05764650398207
Risk-Aware Regime Switching,6943,82.09415235267066
Risk-Aware Regime Switching,6944,74.07376873746169
Risk-Aware Regime Switching,6945,105.63553575981635
Risk-Aware Regime Switching,6946,129.31964688085037
Risk-Aware Regime Switching,6947,127.67248967084075
Risk-Aware Regime Switching,6948,90.12546804173911
Risk-Aware Regime Switching,6949,80.7312125535269
Risk-Aware Regime Switching,6950,106.22316120523271
Risk-Aware Regime Switching,6951,145.01335479061552
Risk-Aware Regime Switching,6952,74.48634412781512
Risk-Aware Regime Switching,6953,73.61236647533812
Risk-Aware Regime Switching,6954,179.17898433467045
Risk-Aware Regime Switching,6955,110.06357411585887
Risk-Aware Regime Switching,6956,122.15541512435144
Risk-Aware Regime Switching,6957,97.24120372631954
Risk-Aware Regime Switching,6958,61.67175015681019
Risk-Aware Regime Switching,6959,111.49953583859748
Risk-Aware Regime Switching,6960,105.43870300550444
Risk-Aware Regime Switching,6961,95.59451922885646
Risk-Aware Regime Switching,6962,119.08146554367818
Risk-Aware Regime Switching,6963,100.24923255940743
Risk-Aware Regime Switching,6964,72.14782331700957
Risk-Aware Regime Switching,6965,79.01196541721872
Risk-Aware Regime Switching,6966,79.92112464979819
Risk-Aware Regime Switching,6967,118.20598193202751
Risk-Aware Regime Switching,6968,78.17246748105357
Risk-Aware Regime Switching,6969,81.82220528213485
Risk-Aware Regime Switching,6970,99.76748505959259
Risk-Aware Regime Switching,6971,151.25041732586027
Risk-Aware Regime Switching,6972,110.39667462642969
Risk-Aware Regime Switching,6973,75.31858040502864
Risk-Aware Regime Switching,6974,111.75363447365703
Risk-Aware Regime Switching,6975,88.76684351409101
Risk-Aware Regime Switching,6976,94.17376410070173
Risk-Aware Regime Switching,6977,110.35143996248794
Risk-Aware Regime Switching,6978,136.3281784689189
Risk-Aware Regime Switching,6979,90.86918209164597
Risk-Aware Regime Switching,6980,91.16279088486658
Risk-Aware Regime Switching,6981,104.01165437034001
Risk-Aware Regime Switching,6982,88.30303776014897
Risk-Aware Regime Switching,6983,94.32082911280196
Risk-Aware Regime Switching,6984,178.9244846145831
Risk-Aware Regime Switching,6985,141.7761391295019
Risk-Aware Regime Switching,6986,73.59797048161799
Risk-Aware Regime Switching,6987,94.3628227652559
Risk-Aware Regime Switching,6988,97.73557099580589
Risk-Aware Regime Switching,6989,120.39114624712796
Risk-Aware Regime Switching,6990,77.9733558699971
Risk-Aware Regime Switching,6991,109.39295251602384
Risk-Aware Regime Switching,6992,83.83580758876548
Risk-Aware Regime Switching,6993,82.9342227288005
Risk-Aware Regime Switching,6994,109.25224809887719
Risk-Aware Regime Switching,6995,86.96053578943813
Risk-Aware Regime Switching,6996,76.50429955051918
Risk-Aware Regime Switching,6997,111.9883447983266
Risk-Aware Regime Switching,6998,104.09580742115794
Risk-Aware Regime Switching,6999,97.4714814650347
Risk-Aware Regime Switching,7000,72.66136667143016
Risk-Aware Regime Switching,7001,103.4570075502743
Risk-Aware Regime Switching,7002,82.4023934104817
Risk-Aware Regime Switching,7003,114.86487245726182
Risk-Aware Regime Switching,7004,101.38125995236142
Risk-Aware Regime Switching,7005,91.79501864903945
Risk-Aware Regime Switching,7006,91.91917983798241
Risk-Aware Regime Switching,7007,85.71094419824603
Risk-Aware Regime Switching,7008,100.88415518977885
Risk-Aware Regime Switching,7009,88.00239207054904
Risk-Aware Regime Switching,7010,86.5212137532357
Risk-Aware Regime Switching,7011,98.78593957480341
Risk-Aware Regime Switching,7012,173.84836366110105
Risk-Aware Regime Switching,7013,79.51927057293796
Risk-Aware Regime Switching,7014,119.59255451954884
Risk-Aware Regime Switching,7015,91.80246865404129
Risk-Aware Regime Switching,7016,107.43737720794189
Risk-Aware Regime Switching,7017,102.27215968098074
Risk-Aware Regime Switching,7018,160.5486390599205
Risk-Aware Regime Switching,7019,116.17850216366688
Risk-Aware Regime Switching,7020,110.87096272841666
Risk-Aware Regime Switching,7021,97.63871592156018
Risk-Aware Regime Switching,7022,97.17734414735558
Risk-Aware Regime Switching,7023,71.27254420068834
Risk-Aware Regime Switching,7024,113.55715183752714
Risk-Aware Regime Switching,7025,84.48411232919844
Risk-Aware Regime Switching,7026,64.13461954782933
Risk-Aware Regime Switching,7027,109.58601968085478
Risk-Aware Regime Switching,7028,162.87732942768872
Risk-Aware Regime Switching,7029,82.0119097716324
Risk-Aware Regime Switching,7030,131.11490225932005
Risk-Aware Regime Switching,7031,82.02388810934012
Risk-Aware Regime Switching,7032,75.93098806697718
Risk-Aware Regime Switching,7033,70.98720318998627
Risk-Aware Regime Switching,7034,112.05759562675188
Risk-Aware Regime Switching,7035,93.54493118947799
Risk-Aware Regime Switching,7036,103.04489212782732
Risk-Aware Regime Switching,7037,99.48136027309882
Risk-Aware Regime Switching,7038,99.4582921298021
Risk-Aware Regime Switching,7039,58.929964025432305
Risk-Aware Regime Switching,7040,130.42351934715273
Risk-Aware Regime Switching,7041,80.05434857784404
Risk-Aware Regime Switching,7042,85.71928882465811
Risk-Aware Regime Switching,7043,104.27707894478327
Risk-Aware Regime Switching,7044,81.67387423278414
Risk-Aware Regime Switching,7045,152.82490410509396
Risk-Aware Regime Switching,7046,85.01424911444045
Risk-Aware Regime Switching,7047,90.74329170873114
Risk-Aware Regime Switching,7048,79.35300661199804
Risk-Aware Regime Switching,7049,115.21845598829199
Risk-Aware Regime Switching,7050,85.78137188416156
Risk-Aware Regime Switching,7051,68.43802641215531
Risk-Aware Regime Switching,7052,77.8290449369639
Risk-Aware Regime Switching,7053,94.48053664039723
Risk-Aware Regime Switching,7054,93.22135781667869
Risk-Aware Regime Switching,7055,108.71461199875154
Risk-Aware Regime Switching,7056,98.37521674771548
Risk-Aware Regime Switching,7057,147.58326018432464
Risk-Aware Regime Switching,7058,97.52138175073608
Risk-Aware Regime Switching,7059,111.14462012984936
Risk-Aware Regime Switching,7060,85.80610443348907
Risk-Aware Regime Switching,7061,70.11152225142865
Risk-Aware Regime Switching,7062,122.40682420806759
Risk-Aware Regime Switching,7063,88.38445467819312
Risk-Aware Regime Switching,7064,136.19500624711802
Risk-Aware Regime Switching,7065,104.3847596832262
Risk-Aware Regime Switching,7066,120.80905309761951
Risk-Aware Regime Switching,7067,84.86734641094631
Risk-Aware Regime Switching,7068,95.6029038939688
Risk-Aware Regime Switching,7069,49.26700064645388
Risk-Aware Regime Switching,7070,109.0823945539178
Risk-Aware Regime Switching,7071,107.3017512504542
Risk-Aware Regime Switching,7072,111.16508862298289
Risk-Aware Regime Switching,7073,63.90030281949486
Risk-Aware Regime Switching,7074,104.4830522868646
Risk-Aware Regime Switching,7075,156.16722538086697
Risk-Aware Regime Switching,7076,66.4233636817747
Risk-Aware Regime Switching,7077,119.02574909266247
Risk-Aware Regime Switching,7078,90.60631004143558
Risk-Aware Regime Switching,7079,100.16415391174604
Risk-Aware Regime Switching,7080,112.04940271597606
Risk-Aware Regime Switching,7081,153.842606251702
Risk-Aware Regime Switching,7082,90.13411023917536
Risk-Aware Regime Switching,7083,96.9053438370452
Risk-Aware Regime Switching,7084,101.70330026061534
Risk-Aware Regime Switching,7085,90.4565727354602
Risk-Aware Regime Switching,7086,90.54437412610503
Risk-Aware Regime Switching,7087,100.22894258678434
Risk-Aware Regime Switching,7088,97.22501165414013
Risk-Aware Regime Switching,7089,68.9769907736448
Risk-Aware Regime Switching,7090,123.02253051423688
Risk-Aware Regime Switching,7091,116.38560402267753
Risk-Aware Regime Switching,7092,80.10525278144587
Risk-Aware Regime Switching,7093,107.26317994028274
Risk-Aware Regime Switching,7094,112.09981697936804
Risk-Aware Regime Switching,7095,68.73452070356653
Risk-Aware Regime Switching,7096,110.3420820209002
Risk-Aware Regime Switching,7097,134.616432970483
Risk-Aware Regime Switching,7098,118.50769133980015
Risk-Aware Regime Switching,7099,81.26644087194954
Risk-Aware Regime Switching,7100,65.90620121420343
Risk-Aware Regime Switching,7101,115.33048383497919
Risk-Aware Regime Switching,7102,96.03979061885663
Risk-Aware Regime Switching,7103,123.028539754575
Risk-Aware Regime Switching,7104,144.37526119338705
Risk-Aware Regime Switching,7105,148.05631375190887
Risk-Aware Regime Switching,7106,80.35107316640074
Risk-Aware Regime Switching,7107,81.054916409821
Risk-Aware Regime Switching,7108,58.211411635664945
Risk-Aware Regime Switching,7109,69.89296588867717
Risk-Aware Regime Switching,7110,72.72448442495816
Risk-Aware Regime Switching,7111,80.33297940832615
Risk-Aware Regime Switching,7112,74.70233102132661
Risk-Aware Regime Switching,7113,106.650190415382
Risk-Aware Regime Switching,7114,83.20245608330039
Risk-Aware Regime Switching,7115,66.40224290816661
Risk-Aware Regime Switching,7116,162.0848502556504
Risk-Aware Regime Switching,7117,88.46262025936173
Risk-Aware Regime Switching,7118,89.43152907663962
Risk-Aware Regime Switching,7119,116.2175314697408
Risk-Aware Regime Switching,7120,85.60681117358618
Risk-Aware Regime Switching,7121,99.69041129563269
Risk-Aware Regime Switching,7122,110.05313887069018
Risk-Aware Regime Switching,7123,67.1391498373932
Risk-Aware Regime Switching,7124,119.71022290232946
Risk-Aware Regime Switching,7125,107.52564723906588
Risk-Aware Regime Switching,7126,117.79137231014741
Risk-Aware Regime Switching,7127,83.81905301376547
Risk-Aware Regime Switching,7128,61.31744662686521
Risk-Aware Regime Switching,7129,111.62422747732683
Risk-Aware Regime Switching,7130,101.46120398303175
Risk-Aware Regime Switching,7131,103.86974754378578
Risk-Aware Regime Switching,7132,80.84895367828739
Risk-Aware Regime Switching,7133,100.89218417529541
Risk-Aware Regime Switching,7134,130.44135946414266
Risk-Aware Regime Switching,7135,85.93072049808602
Risk-Aware Regime Switching,7136,97.34541374625229
Risk-Aware Regime Switching,7137,85.43923830926896
Risk-Aware Regime Switching,7138,87.94343761386183
Risk-Aware Regime Switching,7139,141.8331328580613
Risk-Aware Regime Switching,7140,109.92744186843272
Risk-Aware Regime Switching,7141,73.19645395883006
Risk-Aware Regime Switching,7142,89.09614598863904
Risk-Aware Regime Switching,7143,82.5560088676636
Risk-Aware Regime Switching,7144,99.66361670295824
Risk-Aware Regime Switching,7145,81.17620186107028
Risk-Aware Regime Switching,7146,120.26406381050879
Risk-Aware Regime Switching,7147,75.08151455660948
Risk-Aware Regime Switching,7148,109.58009385624385
Risk-Aware Regime Switching,7149,104.25755856356183
Risk-Aware Regime Switching,7150,84.91045472704032
Risk-Aware Regime Switching,7151,78.69802523811326
Risk-Aware Regime Switching,7152,105.64575908784171
Risk-Aware Regime Switching,7153,80.16892776690175
Risk-Aware Regime Switching,7154,78.63596719222643
Risk-Aware Regime Switching,7155,62.69568496099575
Risk-Aware Regime Switching,7156,65.71634176258219
Risk-Aware Regime Switching,7157,96.77247408953588
Risk-Aware Regime Switching,7158,132.33801906149324
Risk-Aware Regime Switching,7159,111.26573027233431
Risk-Aware Regime Switching,7160,129.51658188718505
Risk-Aware Regime Switching,7161,63.61243390866851
Risk-Aware Regime Switching,7162,83.55744882565413
Risk-Aware Regime Switching,7163,91.52065034260285
Risk-Aware Regime Switching,7164,136.78091780648376
Risk-Aware Regime Switching,7165,126.36955869763919
Risk-Aware Regime Switching,7166,124.55140241096072
Risk-Aware Regime Switching,7167,98.00804953020597
Risk-Aware Regime Switching,7168,109.3543359116516
Risk-Aware Regime Switching,7169,135.67176970625286
Risk-Aware Regime Switching,7170,94.92170795643347
Risk-Aware Regime Switching,7171,107.2637539654514
Risk-Aware Regime Switching,7172,74.43223115251224
Risk-Aware Regime Switching,7173,143.59764667798063
Risk-Aware Regime Switching,7174,84.13639375279558
Risk-Aware Regime Switching,7175,74.8457236911383
Risk-Aware Regime Switching,7176,107.96803990494406
Risk-Aware Regime Switching,7177,84.92151332934155
Risk-Aware Regime Switching,7178,73.92464142516837
Risk-Aware Regime Switching,7179,92.54740877102003
Risk-Aware Regime Switching,7180,63.303647596635315
Risk-Aware Regime Switching,7181,112.88499532483833
Risk-Aware Regime Switching,7182,87.7024131118684
Risk-Aware Regime Switching,7183,90.06636308303499
Risk-Aware Regime Switching,7184,110.4477091676689
Risk-Aware Regime Switching,7185,136.55753588052025
Risk-Aware Regime Switching,7186,68.8322914341709
Risk-Aware Regime Switching,7187,67.8576643871391
Risk-Aware Regime Switching,7188,69.18994948864764
Risk-Aware Regime Switching,7189,73.0503125953913
Risk-Aware Regime Switching,7190,103.36603677359363
Risk-Aware Regime Switching,7191,100.67371928336325
Risk-Aware Regime Switching,7192,117.43000925161628
Risk-Aware Regime Switching,7193,106.39025241441067
Risk-Aware Regime Switching,7194,110.90710904387105
Risk-Aware Regime Switching,7195,89.84141329623748
Risk-Aware Regime Switching,7196,117.27241692426817
Risk-Aware Regime Switching,7197,105.97847956557109
Risk-Aware Regime Switching,7198,131.8356240596615
Risk-Aware Regime Switching,7199,66.65831214886268
Risk-Aware Regime Switching,7200,105.26426780343967
Risk-Aware Regime Switching,7201,110.21344686731258
Risk-Aware Regime Switching,7202,98.84364413762684
Risk-Aware Regime Switching,7203,118.47190353784292
Risk-Aware Regime Switching,7204,98.78191276689321
Risk-Aware Regime Switching,7205,121.55683962349161
Risk-Aware Regime Switching,7206,86.71133352322121
Risk-Aware Regime Switching,7207,102.55084022773227
Risk-Aware Regime Switching,7208,75.70508885463552
Risk-Aware Regime Switching,7209,92.97589206730821
Risk-Aware Regime Switching,7210,71.53102742569139
Risk-Aware Regime Switching,7211,131.13658020481734
Risk-Aware Regime Switching,7212,76.44335519407612
Risk-Aware Regime Switching,7213,98.6318234587037
Risk-Aware Regime Switching,7214,108.31554452463689
Risk-Aware Regime Switching,7215,131.13577368993202
Risk-Aware Regime Switching,7216,103.0991279730878
Risk-Aware Regime Switching,7217,93.20608576025458
Risk-Aware Regime Switching,7218,113.90248046537583
Risk-Aware Regime Switching,7219,59.72961350630599
Risk-Aware Regime Switching,7220,87.69658087040094
Risk-Aware Regime Switching,7221,81.1231540800913
Risk-Aware Regime Switching,7222,84.68903430704525
Risk-Aware Regime Switching,7223,58.447130602095456
Risk-Aware Regime Switching,7224,96.30902388317291
Risk-Aware Regime Switching,7225,107.64170871347258
Risk-Aware Regime Switching,7226,164.98356201196643
Risk-Aware Regime Switching,7227,92.34356404072936
Risk-Aware Regime Switching,7228,83.52743176486676
Risk-Aware Regime Switching,7229,108.02183532357932
Risk-Aware Regime Switching,7230,115.25546786492578
Risk-Aware Regime Switching,7231,85.0266371273517
Risk-Aware Regime Switching,7232,78.80156922029758
Risk-Aware Regime Switching,7233,122.72211869327747
Risk-Aware Regime Switching,7234,119.52620672542609
Risk-Aware Regime Switching,7235,124.63394600004956
Risk-Aware Regime Switching,7236,118.70325125287897
Risk-Aware Regime Switching,7237,90.84491509624561
Risk-Aware Regime Switching,7238,93.59482589945888
Risk-Aware Regime Switching,7239,118.25877063149261
Risk-Aware Regime Switching,7240,66.34260319629125
Risk-Aware Regime Switching,7241,84.96264295621116
Risk-Aware Regime Switching,7242,84.90346573425443
Risk-Aware Regime Switching,7243,70.61782835273
Risk-Aware Regime Switching,7244,106.00805249653031
Risk-Aware Regime Switching,7245,137.49173298745234
Risk-Aware Regime Switching,7246,85.21643482762958
Risk-Aware Regime Switching,7247,87.04396262701421
Risk-Aware Regime Switching,7248,113.31027091912746
Risk-Aware Regime Switching,7249,143.94521522358397
Risk-Aware Regime Switching,7250,87.17360703103833
Risk-Aware Regime Switching,7251,75.31844542809695
Risk-Aware Regime Switching,7252,112.35404381419372
Risk-Aware Regime Switching,7253,77.12567091980401
Risk-Aware Regime Switching,7254,90.77981574784862
Risk-Aware Regime Switching,7255,73.35809519431731
Risk-Aware Regime Switching,7256,131.125203740505
Risk-Aware Regime Switching,7257,118.47259676997986
Risk-Aware Regime Switching,7258,145.71051577056662
Risk-Aware Regime Switching,7259,110.11735974397764
Risk-Aware Regime Switching,7260,111.64268245200817
Risk-Aware Regime Switching,7261,40.05697360127675
Risk-Aware Regime Switching,7262,101.33722460743148
Risk-Aware Regime Switching,7263,109.14533121959613
Risk-Aware Regime Switching,7264,89.34895811088222
Risk-Aware Regime Switching,7265,86.33450041739454
Risk-Aware Regime Switching,7266,87.97369353719085
Risk-Aware Regime Switching,7267,127.87770934389098
Risk-Aware Regime Switching,7268,100.9296028680778
Risk-Aware Regime Switching,7269,79.35155398850348
Risk-Aware Regime Switching,7270,96.27578638167925
Risk-Aware Regime Switching,7271,93.1902693505694
Risk-Aware Regime Switching,7272,98.15950184180095
Risk-Aware Regime Switching,7273,108.69071877867962
Risk-Aware Regime Switching,7274,97.37172781285629
Risk-Aware Regime Switching,7275,93.10107764047234
Risk-Aware Regime Switching,7276,141.7566335881059
Risk-Aware Regime Switching,7277,74.82511620055897
Risk-Aware Regime Switching,7278,73.1839801849972
Risk-Aware Regime Switching,7279,133.0945282078712
Risk-Aware Regime Switching,7280,74.51552767904846
Risk-Aware Regime Switching,7281,57.16108387797409
Risk-Aware Regime Switching,7282,57.992688591575714
Risk-Aware Regime Switching,7283,87.1845497567917
Risk-Aware Regime Switching,7284,67.60835711906742
Risk-Aware Regime Switching,7285,81.89136023001933
Risk-Aware Regime Switching,7286,80.70051740006126
Risk-Aware Regime Switching,7287,113.77984633150842
Risk-Aware Regime Switching,7288,87.05824954673648
Risk-Aware Regime Switching,7289,140.2626977352738
Risk-Aware Regime Switching,7290,96.91421456058607
Risk-Aware Regime Switching,7291,169.69615636301174
Risk-Aware Regime Switching,7292,114.33412119433103
Risk-Aware Regime Switching,7293,175.04345440870873
Risk-Aware Regime Switching,7294,76.4208482402311
Risk-Aware Regime Switching,7295,98.81776133147352
Risk-Aware Regime Switching,7296,95.8902049748476
Risk-Aware Regime Switching,7297,99.26656815221946
Risk-Aware Regime Switching,7298,94.5779191024601
Risk-Aware Regime Switching,7299,94.2367255448047
Risk-Aware Regime Switching,7300,101.8618718115013
Risk-Aware Regime Switching,7301,81.25683614142059
Risk-Aware Regime Switching,7302,126.46259232156002
Risk-Aware Regime Switching,7303,92.39467602501111
Risk-Aware Regime Switching,7304,161.80064857309316
Risk-Aware Regime Switching,7305,101.87907449399107
Risk-Aware Regime Switching,7306,86.15962660855315
Risk-Aware Regime Switching,7307,108.65845614037764
Risk-Aware Regime Switching,7308,81.45013681566147
Risk-Aware Regime Switching,7309,113.20144639962693
Risk-Aware Regime Switching,7310,125.32866071766662
Risk-Aware Regime Switching,7311,90.0497896102052
Risk-Aware Regime Switching,7312,121.729677394852
Risk-Aware Regime Switching,7313,87.69645252143923
Risk-Aware Regime Switching,7314,93.4093286136963
Risk-Aware Regime Switching,7315,57.44659904162648
Risk-Aware Regime Switching,7316,122.36852438918137
Risk-Aware Regime Switching,7317,120.03246041921214
Risk-Aware Regime Switching,7318,87.24949977302357
Risk-Aware Regime Switching,7319,85.30358893545875
Risk-Aware Regime Switching,7320,79.45488010122534
Risk-Aware Regime Switching,7321,58.72634470111584
Risk-Aware Regime Switching,7322,109.30481076176272
Risk-Aware Regime Switching,7323,71.23308559978896
Risk-Aware Regime Switching,7324,106.34455632846968
Risk-Aware Regime Switching,7325,123.7428898542667
Risk-Aware Regime Switching,7326,75.99691066572734
Risk-Aware Regime Switching,7327,64.53218321219634
Risk-Aware Regime Switching,7328,87.18301013074621
Risk-Aware Regime Switching,7329,91.78954271345994
Risk-Aware Regime Switching,7330,107.41520505823135
Risk-Aware Regime Switching,7331,89.37710129273228
Risk-Aware Regime Switching,7332,183.00960142947505
Risk-Aware Regime Switching,7333,93.89333342360655
Risk-Aware Regime Switching,7334,96.46620507411538
Risk-Aware Regime Switching,7335,81.45618153023635
Risk-Aware Regime Switching,7336,98.05421615195957
Risk-Aware Regime Switching,7337,107.00739798194327
Risk-Aware Regime Switching,7338,111.24373187618338
Risk-Aware Regime Switching,7339,115.2538225278747
Risk-Aware Regime Switching,7340,72.98541126260358
Risk-Aware Regime Switching,7341,106.04145129998845
Risk-Aware Regime Switching,7342,98.62562338859144
Risk-Aware Regime Switching,7343,133.65954744224095
Risk-Aware Regime Switching,7344,71.74201942863229
Risk-Aware Regime Switching,7345,108.17234097657125
Risk-Aware Regime Switching,7346,82.60400614359578
Risk-Aware Regime Switching,7347,98.67946772533917
Risk-Aware Regime Switching,7348,87.73405775701451
Risk-Aware Regime Switching,7349,107.84364865714193
Risk-Aware Regime Switching,7350,119.93370057278247
Risk-Aware Regime Switching,7351,113.83804221539164
Risk-Aware Regime Switching,7352,105.7843064761508
Risk-Aware Regime Switching,7353,116.42647159086788
Risk-Aware Regime Switching,7354,117.37377625615406
Risk-Aware Regime Switching,7355,101.14266761444009
Risk-Aware Regime Switching,7356,66.20889132820463
Risk-Aware Regime Switching,7357,70.89704376377182
Risk-Aware Regime Switching,7358,75.00316090186378
Risk-Aware Regime Switching,7359,113.62670963803619
Risk-Aware Regime Switching,7360,103.00017549390887
Risk-Aware Regime Switching,7361,115.83676537747567
Risk-Aware Regime Switching,7362,72.67180081875908
Risk-Aware Regime Switching,7363,79.74388362626682
Risk-Aware Regime Switching,7364,68.95988054999192
Risk-Aware Regime Switching,7365,78.22165417106115
Risk-Aware Regime Switching,7366,79.13472766011714
Risk-Aware Regime Switching,7367,83.36227204215531
Risk-Aware Regime Switching,7368,67.44970505043955
Risk-Aware Regime Switching,7369,105.60026982681654
Risk-Aware Regime Switching,7370,59.556687301502635
Risk-Aware Regime Switching,7371,128.560370388019
Risk-Aware Regime Switching,7372,74.78794331804977
Risk-Aware Regime Switching,7373,76.27109896153075
Risk-Aware Regime Switching,7374,99.57529764652371
Risk-Aware Regime Switching,7375,83.29614091220446
Risk-Aware Regime Switching,7376,124.37270457871934
Risk-Aware Regime Switching,7377,94.50464173922819
Risk-Aware Regime Switching,7378,56.66518746321252
Risk-Aware Regime Switching,7379,100.52051515177244
Risk-Aware Regime Switching,7380,107.77136114204463
Risk-Aware Regime Switching,7381,107.69226952908708
Risk-Aware Regime Switching,7382,112.4837396961049
Risk-Aware Regime Switching,7383,117.57426644515118
Risk-Aware Regime Switching,7384,126.39364140560593
Risk-Aware Regime Switching,7385,99.12546049532071
Risk-Aware Regime Switching,7386,124.16525955985253
Risk-Aware Regime Switching,7387,85.14004798227971
Risk-Aware Regime Switching,7388,110.73770333638929
Risk-Aware Regime Switching,7389,88.88085232130159
Risk-Aware Regime Switching,7390,64.9242517457227
Risk-Aware Regime Switching,7391,135.00944742897508
Risk-Aware Regime Switching,7392,150.27755330879165
Risk-Aware Regime Switching,7393,83.95479830033446
Risk-Aware Regime Switching,7394,84.42577805910899
Risk-Aware Regime Switching,7395,87.26510223071357
Risk-Aware Regime Switching,7396,142.23666028816018
Risk-Aware Regime Switching,7397,68.58024971411605
Risk-Aware Regime Switching,7398,111.56045668048912
Risk-Aware Regime Switching,7399,93.6685437619941
Risk-Aware Regime Switching,7400,104.25108417644964
Risk-Aware Regime Switching,7401,112.37535580439013
Risk-Aware Regime Switching,7402,70.23472450465754
Risk-Aware Regime Switching,7403,129.34164109689686
Risk-Aware Regime Switching,7404,103.27464407610117
Risk-Aware Regime Switching,7405,91.09908797768526
Risk-Aware Regime Switching,7406,132.9529398618113
Risk-Aware Regime Switching,7407,102.56294744109454
Risk-Aware Regime Switching,7408,103.92607860075096
Risk-Aware Regime Switching,7409,105.09694242706497
Risk-Aware Regime Switching,7410,77.01090438985983
Risk-Aware Regime Switching,7411,63.46786840604346
Risk-Aware Regime Switching,7412,88.86985779323115
Risk-Aware Regime Switching,7413,86.5998224951197
Risk-Aware Regime Switching,7414,115.09129439328245
Risk-Aware Regime Switching,7415,67.81212507604968
Risk-Aware Regime Switching,7416,70.29426699236505
Risk-Aware Regime Switching,7417,70.40224658007511
Risk-Aware Regime Switching,7418,76.91599597244988
Risk-Aware Regime Switching,7419,88.45761928188038
Risk-Aware Regime Switching,7420,82.27733025547978
Risk-Aware Regime Switching,7421,123.5337602818702
Risk-Aware Regime Switching,7422,69.39518699132927
Risk-Aware Regime Switching,7423,82.96923867245461
Risk-Aware Regime Switching,7424,51.32602785560304
Risk-Aware Regime Switching,7425,111.58619844306976
Risk-Aware Regime Switching,7426,113.60575734913037
Risk-Aware Regime Switching,7427,68.44540775560174
Risk-Aware Regime Switching,7428,116.89927261613772
Risk-Aware Regime Switching,7429,125.2134825583544
Risk-Aware Regime Switching,7430,79.09816518568917
Risk-Aware Regime Switching,7431,70.33262205417597
Risk-Aware Regime Switching,7432,98.527711158027
Risk-Aware Regime Switching,7433,97.2918193188361
Risk-Aware Regime Switching,7434,106.2439351407495
Risk-Aware Regime Switching,7435,101.91844396765073
Risk-Aware Regime Switching,7436,151.5366469564872
Risk-Aware Regime Switching,7437,93.68076729922807
Risk-Aware Regime Switching,7438,83.12757973694967
Risk-Aware Regime Switching,7439,92.44565326192752
Risk-Aware Regime Switching,7440,94.82586689313109
Risk-Aware Regime Switching,7441,82.64731213509779
Risk-Aware Regime Switching,7442,133.0656607411417
Risk-Aware Regime Switching,7443,121.9730993817785
Risk-Aware Regime Switching,7444,101.25864960584958
Risk-Aware Regime Switching,7445,100.48250079139045
Risk-Aware Regime Switching,7446,73.72571388647022
Risk-Aware Regime Switching,7447,61.891407744643864
Risk-Aware Regime Switching,7448,100.62617897183092
Risk-Aware Regime Switching,7449,100.4642432323712
Risk-Aware Regime Switching,7450,109.14959475811142
Risk-Aware Regime Switching,7451,93.9397819821369
Risk-Aware Regime Switching,7452,90.56989826239504
Risk-Aware Regime Switching,7453,108.47130300897226
Risk-Aware Regime Switching,7454,141.61662747802487
Risk-Aware Regime Switching,7455,86.9589961301019
Risk-Aware Regime Switching,7456,90.19125876607464
Risk-Aware Regime Switching,7457,115.26598053532223
Risk-Aware Regime Switching,7458,82.48874416391055
Risk-Aware Regime Switching,7459,104.38953201344725
Risk-Aware Regime Switching,7460,129.98380131136517
Risk-Aware Regime Switching,7461,101.1628818255054
Risk-Aware Regime Switching,7462,63.02579635342328
Risk-Aware Regime Switching,7463,117.47827717805039
Risk-Aware Regime Switching,7464,78.60645878275797
Risk-Aware Regime Switching,7465,91.84971479929264
Risk-Aware Regime Switching,7466,102.73208758097643
Risk-Aware Regime Switching,7467,79.8285053399989
Risk-Aware Regime Switching,7468,154.27608365577763
Risk-Aware Regime Switching,7469,67.85249489391083
Risk-Aware Regime Switching,7470,85.44195162918183
Risk-Aware Regime Switching,7471,70.73098309658448
Risk-Aware Regime Switching,7472,87.92518237943966
Risk-Aware Regime Switching,7473,123.39323792801449
Risk-Aware Regime Switching,7474,83.46099304764269
Risk-Aware Regime Switching,7475,98.47320576416324
Risk-Aware Regime Switching,7476,93.32414206016887
Risk-Aware Regime Switching,7477,74.01782775437634
Risk-Aware Regime Switching,7478,65.89393521797564
Risk-Aware Regime Switching,7479,96.2036278489298
Risk-Aware Regime Switching,7480,88.32109909584364
Risk-Aware Regime Switching,7481,76.92862989054615
Risk-Aware Regime Switching,7482,60.40277112920748
Risk-Aware Regime Switching,7483,99.19445568492252
Risk-Aware Regime Switching,7484,61.96554612277384
Risk-Aware Regime Switching,7485,101.18794111105855
Risk-Aware Regime Switching,7486,109.48426353707592
Risk-Aware Regime Switching,7487,108.51464547292862
Risk-Aware Regime Switching,7488,109.00599090786996
Risk-Aware Regime Switching,7489,74.13055692690209
Risk-Aware Regime Switching,7490,128.82836561153138
Risk-Aware Regime Switching,7491,71.35699366453262
Risk-Aware Regime Switching,7492,87.8326839040956
Risk-Aware Regime Switching,7493,88.55172715973902
Risk-Aware Regime Switching,7494,112.0498031510742
Risk-Aware Regime Switching,7495,116.73619358137026
Risk-Aware Regime Switching,7496,52.88895602426624
Risk-Aware Regime Switching,7497,86.05170244432767
Risk-Aware Regime Switching,7498,141.28227097518
Risk-Aware Regime Switching,7499,95.80578423503493
Risk-Aware Regime Switching,7500,55.37860450826639
Risk-Aware Regime Switching,7501,71.367557707257
Risk-Aware Regime Switching,7502,71.10595537993596
Risk-Aware Regime Switching,7503,75.10151648496421
Risk-Aware Regime Switching,7504,81.1090584800367
Risk-Aware Regime Switching,7505,90.7189549092545
Risk-Aware Regime Switching,7506,99.56221008319288
Risk-Aware Regime Switching,7507,110.41684155065083
Risk-Aware Regime Switching,7508,77.21154869257218
Risk-Aware Regime Switching,7509,74.1466978950147
Risk-Aware Regime Switching,7510,104.02797159900383
Risk-Aware Regime Switching,7511,83.5528053234381
Risk-Aware Regime Switching,7512,104.81445611266531
Risk-Aware Regime Switching,7513,112.00913315151375
Risk-Aware Regime Switching,7514,56.30703909795596
Risk-Aware Regime Switching,7515,92.23348811505015
Risk-Aware Regime Switching,7516,85.97256288961425
Risk-Aware Regime Switching,7517,63.72768394451314
Risk-Aware Regime Switching,7518,114.20977837385762
Risk-Aware Regime Switching,7519,83.69936124407452
Risk-Aware Regime Switching,7520,89.16127958445249
Risk-Aware Regime Switching,7521,55.02493740553929
Risk-Aware Regime Switching,7522,98.23718307739597
Risk-Aware Regime Switching,7523,87.08776382242733
Risk-Aware Regime Switching,7524,94.40287525828424
Risk-Aware Regime Switching,7525,128.10166743817365
Risk-Aware Regime Switching,7526,108.40047561222805
Risk-Aware Regime Switching,7527,89.23516685155461
Risk-Aware Regime Switching,7528,76.88902262458174
Risk-Aware Regime Switching,7529,94.52835495342327
Risk-Aware Regime Switching,7530,79.30522759782093
Risk-Aware Regime Switching,7531,109.27789365638372
Risk-Aware Regime Switching,7532,102.52950683277953
Risk-Aware Regime Switching,7533,88.63074523173113
Risk-Aware Regime Switching,7534,211.12919934107967
Risk-Aware Regime Switching,7535,64.20421551510401
Risk-Aware Regime Switching,7536,115.40043970953575
Risk-Aware Regime Switching,7537,77.19128055071366
Risk-Aware Regime Switching,7538,91.37657541754189
Risk-Aware Regime Switching,7539,102.10885357613935
Risk-Aware Regime Switching,7540,69.64820598287223
Risk-Aware Regime Switching,7541,70.95688775304299
Risk-Aware Regime Switching,7542,94.09256308929051
Risk-Aware Regime Switching,7543,101.095846934054
Risk-Aware Regime Switching,7544,123.80987246231247
Risk-Aware Regime Switching,7545,164.50021912376945
Risk-Aware Regime Switching,7546,95.43715057357701
Risk-Aware Regime Switching,7547,95.3359139606823
Risk-Aware Regime Switching,7548,98.98564859230737
Risk-Aware Regime Switching,7549,71.70006888387553
Risk-Aware Regime Switching,7550,113.51953232402391
Risk-Aware Regime Switching,7551,96.33545031923377
Risk-Aware Regime Switching,7552,113.58281712156833
Risk-Aware Regime Switching,7553,72.72875866063993
Risk-Aware Regime Switching,7554,73.73840063522957
Risk-Aware Regime Switching,7555,96.07086883552553
Risk-Aware Regime Switching,7556,64.40156148776175
Risk-Aware Regime Switching,7557,107.9217992373171
Risk-Aware Regime Switching,7558,94.4937782571683
Risk-Aware Regime Switching,7559,85.2927774246306
Risk-Aware Regime Switching,7560,71.83491082846415
Risk-Aware Regime Switching,7561,99.29799389913057
Risk-Aware Regime Switching,7562,85.65745244352371
Risk-Aware Regime Switching,7563,118.14692001495617
Risk-Aware Regime Switching,7564,80.84999572462857
Risk-Aware Regime Switching,7565,128.3070019283281
Risk-Aware Regime Switching,7566,66.03100224938811
Risk-Aware Regime Switching,7567,110.70844089719529
Risk-Aware Regime Switching,7568,92.62960054169082
Risk-Aware Regime Switching,7569,162.50895584709784
Risk-Aware Regime Switching,7570,106.1097504199771
Risk-Aware Regime Switching,7571,71.49677640468862
Risk-Aware Regime Switching,7572,83.5767427712469
Risk-Aware Regime Switching,7573,84.10152984756708
Risk-Aware Regime Switching,7574,120.12385203493791
Risk-Aware Regime Switching,7575,82.4677264266434
Risk-Aware Regime Switching,7576,134.2512799193377
Risk-Aware Regime Switching,7577,85.85474110651387
Risk-Aware Regime Switching,7578,77.06550978588774
Risk-Aware Regime Switching,7579,90.02028575750295
Risk-Aware Regime Switching,7580,103.88099010012901
Risk-Aware Regime Switching,7581,72.17206572521428
Risk-Aware Regime Switching,7582,66.73471240046928
Risk-Aware Regime Switching,7583,77.61379627692115
Risk-Aware Regime Switching,7584,108.16080681640656
Risk-Aware Regime Switching,7585,127.18241900268157
Risk-Aware Regime Switching,7586,111.31393488331494
Risk-Aware Regime Switching,7587,108.26168713803833
Risk-Aware Regime Switching,7588,93.79706979475313
Risk-Aware Regime Switching,7589,79.08285125881466
Risk-Aware Regime Switching,7590,87.77758237908795
Risk-Aware Regime Switching,7591,75.81515288341959
Risk-Aware Regime Switching,7592,124.18337178584417
Risk-Aware Regime Switching,7593,98.5267179208173
Risk-Aware Regime Switching,7594,111.9626671538412
Risk-Aware Regime Switching,7595,71.7423393952389
Risk-Aware Regime Switching,7596,70.26675803204944
Risk-Aware Regime Switching,7597,88.62402783703419
Risk-Aware Regime Switching,7598,96.6543266995051
Risk-Aware Regime Switching,7599,81.3650168605404
Risk-Aware Regime Switching,7600,141.28801756177404
Risk-Aware Regime Switching,7601,95.34069970920488
Risk-Aware Regime Switching,7602,81.61692742066833
Risk-Aware Regime Switching,7603,106.46260436343884
Risk-Aware Regime Switching,7604,93.21258187195086
Risk-Aware Regime Switching,7605,111.02218380599882
Risk-Aware Regime Switching,7606,92.66331371327658
Risk-Aware Regime Switching,7607,111.84552571868527
Risk-Aware Regime Switching,7608,147.95264702398336
Risk-Aware Regime Switching,7609,96.38157151089042
Risk-Aware Regime Switching,7610,122.41973547835288
Risk-Aware Regime Switching,7611,96.51992285600754
Risk-Aware Regime Switching,7612,77.97602070296152
Risk-Aware Regime Switching,7613,125.10775925266013
Risk-Aware Regime Switching,7614,103.16116476608796
Risk-Aware Regime Switching,7615,72.52121368677366
Risk-Aware Regime Switching,7616,110.62826890695096
Risk-Aware Regime Switching,7617,121.12209875431188
Risk-Aware Regime Switching,7618,97.87030599296239
Risk-Aware Regime Switching,7619,117.27987284026864
Risk-Aware Regime Switching,7620,102.91408706280032
Risk-Aware Regime Switching,7621,84.49221508178674
Risk-Aware Regime Switching,7622,137.44479096846294
Risk-Aware Regime Switching,7623,105.39833817264186
Risk-Aware Regime Switching,7624,129.5706144582359
Risk-Aware Regime Switching,7625,106.7005637261887
Risk-Aware Regime Switching,7626,81.1687140041866
Risk-Aware Regime Switching,7627,84.48969346512968
Risk-Aware Regime Switching,7628,110.01418974514453
Risk-Aware Regime Switching,7629,103.55969375537697
Risk-Aware Regime Switching,7630,110.17625343841841
Risk-Aware Regime Switching,7631,87.17399467187722
Risk-Aware Regime Switching,7632,99.66437996822341
Risk-Aware Regime Switching,7633,102.2388762000499
Risk-Aware Regime Switching,7634,104.7068930499739
Risk-Aware Regime Switching,7635,84.77918005939202
Risk-Aware Regime Switching,7636,103.9920014065538
Risk-Aware Regime Switching,7637,110.12752217289656
Risk-Aware Regime Switching,7638,83.11800939507832
Risk-Aware Regime Switching,7639,96.77057234192297
Risk-Aware Regime Switching,7640,63.0777676120151
Risk-Aware Regime Switching,7641,86.54035226317673
Risk-Aware Regime Switching,7642,101.18268376716276
Risk-Aware Regime Switching,7643,86.4016991326651
Risk-Aware Regime Switching,7644,71.45615675447073
Risk-Aware Regime Switching,7645,84.79461198476893
Risk-Aware Regime Switching,7646,100.61073657275973
Risk-Aware Regime Switching,7647,100.88774164892786
Risk-Aware Regime Switching,7648,111.32293409774367
Risk-Aware Regime Switching,7649,91.13728248733852
Risk-Aware Regime Switching,7650,67.19093554728532
Risk-Aware Regime Switching,7651,78.79487439925087
Risk-Aware Regime Switching,7652,99.76658123298068
Risk-Aware Regime Switching,7653,128.44264810374983
Risk-Aware Regime Switching,7654,86.24466022903555
Risk-Aware Regime Switching,7655,109.39650599783424
Risk-Aware Regime Switching,7656,74.58072628648516
Risk-Aware Regime Switching,7657,101.49297193998336
Risk-Aware Regime Switching,7658,71.71383679040642
Risk-Aware Regime Switching,7659,130.5080065561582
Risk-Aware Regime Switching,7660,146.48718954230756
Risk-Aware Regime Switching,7661,110.70498802112456
Risk-Aware Regime Switching,7662,99.05632980918827
Risk-Aware Regime Switching,7663,94.01957038563339
Risk-Aware Regime Switching,7664,94.15050822977105
Risk-Aware Regime Switching,7665,105.90773568154206
Risk-Aware Regime Switching,7666,108.51525436653118
Risk-Aware Regime Switching,7667,113.46598857550416
Risk-Aware Regime Switching,7668,51.39217446498638
Risk-Aware Regime Switching,7669,117.55669429419449
Risk-Aware Regime Switching,7670,70.64741637335649
Risk-Aware Regime Switching,7671,82.33199345522681
Risk-Aware Regime Switching,7672,98.12737018069642
Risk-Aware Regime Switching,7673,120.21690936144158
Risk-Aware Regime Switching,7674,129.39933750686606
Risk-Aware Regime Switching,7675,141.47065539528566
Risk-Aware Regime Switching,7676,89.7176760965776
Risk-Aware Regime Switching,7677,71.87356716162225
Risk-Aware Regime Switching,7678,100.80712655823747
Risk-Aware Regime Switching,7679,120.65030173939813
Risk-Aware Regime Switching,7680,75.41434251987329
Risk-Aware Regime Switching,7681,95.25528900107909
Risk-Aware Regime Switching,7682,85.14505021020648
Risk-Aware Regime Switching,7683,108.51227627156923
Risk-Aware Regime Switching,7684,69.79813867559463
Risk-Aware Regime Switching,7685,121.50632717884373
Risk-Aware Regime Switching,7686,137.45448740520533
Risk-Aware Regime Switching,7687,58.027947612047825
Risk-Aware Regime Switching,7688,122.97824856839455
Risk-Aware Regime Switching,7689,116.28030654618648
Risk-Aware Regime Switching,7690,67.9988099895119
Risk-Aware Regime Switching,7691,78.28214409335241
Risk-Aware Regime Switching,7692,129.3117756788237
Risk-Aware Regime Switching,7693,104.58553014124288
Risk-Aware Regime Switching,7694,108.49465380515026
Risk-Aware Regime Switching,7695,86.32534197305438
Risk-Aware Regime Switching,7696,78.73576248163457
Risk-Aware Regime Switching,7697,110.53369590974805
Risk-Aware Regime Switching,7698,66.7257306257676
Risk-Aware Regime Switching,7699,88.82309660524632
Risk-Aware Regime Switching,7700,80.0752254693676
Risk-Aware Regime Switching,7701,97.94028996113833
Risk-Aware Regime Switching,7702,96.4638895404139
Risk-Aware Regime Switching,7703,67.01333275711792
Risk-Aware Regime Switching,7704,97.13545312467674
Risk-Aware Regime Switching,7705,92.11029826669528
Risk-Aware Regime Switching,7706,109.20296053732554
Risk-Aware Regime Switching,7707,103.17784447389178
Risk-Aware Regime Switching,7708,78.92476791084448
Risk-Aware Regime Switching,7709,79.9313644027559
Risk-Aware Regime Switching,7710,65.52149106103597
Risk-Aware Regime Switching,7711,75.62290681973344
Risk-Aware Regime Switching,7712,93.79537956167017
Risk-Aware Regime Switching,7713,106.07503145166291
Risk-Aware Regime Switching,7714,74.97005373782771
Risk-Aware Regime Switching,7715,121.78549977942232
Risk-Aware Regime Switching,7716,110.31558517085263
Risk-Aware Regime Switching,7717,128.21964287782677
Risk-Aware Regime Switching,7718,74.46706897728664
Risk-Aware Regime Switching,7719,117.6618933498383
Risk-Aware Regime Switching,7720,98.56097311083887
Risk-Aware Regime Switching,7721,114.17390217369896
Risk-Aware Regime Switching,7722,123.08009467689627
Risk-Aware Regime Switching,7723,77.45986750426462
Risk-Aware Regime Switching,7724,85.56644592964308
Risk-Aware Regime Switching,7725,90.5672528809153
Risk-Aware Regime Switching,7726,125.83321149028237
Risk-Aware Regime Switching,7727,71.65710147483587
Risk-Aware Regime Switching,7728,146.3869778233161
Risk-Aware Regime Switching,7729,105.77590234768613
Risk-Aware Regime Switching,7730,59.18258324644147
Risk-Aware Regime Switching,7731,128.04640406434157
Risk-Aware Regime Switching,7732,84.75422164859665
Risk-Aware Regime Switching,7733,72.93783014963651
Risk-Aware Regime Switching,7734,94.5832648633157
Risk-Aware Regime Switching,7735,61.281234451388
Risk-Aware Regime Switching,7736,98.41723032607743
Risk-Aware Regime Switching,7737,105.35122511698151
Risk-Aware Regime Switching,7738,72.75759390722862
Risk-Aware Regime Switching,7739,74.54406655545148
Risk-Aware Regime Switching,7740,66.02010131780376
Risk-Aware Regime Switching,7741,82.05408354408972
Risk-Aware Regime Switching,7742,75.73640899127186
Risk-Aware Regime Switching,7743,98.7512968926446
Risk-Aware Regime Switching,7744,156.4528910423383
Risk-Aware Regime Switching,7745,115.1528725837743
Risk-Aware Regime Switching,7746,87.56878701973896
Risk-Aware Regime Switching,7747,97.91984859907541
Risk-Aware Regime Switching,7748,89.86579075031261
Risk-Aware Regime Switching,7749,120.4082972689123
Risk-Aware Regime Switching,7750,82.11470769340949
Risk-Aware Regime Switching,7751,75.54843625991413
Risk-Aware Regime Switching,7752,119.01545726222886
Risk-Aware Regime Switching,7753,104.38301576422202
Risk-Aware Regime Switching,7754,73.98556521908671
Risk-Aware Regime Switching,7755,111.4159961658896
Risk-Aware Regime Switching,7756,136.21104611169355
Risk-Aware Regime Switching,7757,81.48614681862166
Risk-Aware Regime Switching,7758,90.39751265134053
Risk-Aware Regime Switching,7759,122.74012442457017
Risk-Aware Regime Switching,7760,74.0683858030392
Risk-Aware Regime Switching,7761,90.67140416645117
Risk-Aware Regime Switching,7762,131.76273775467197
Risk-Aware Regime Switching,7763,83.95548525161016
Risk-Aware Regime Switching,7764,111.85602317960625
Risk-Aware Regime Switching,7765,159.43558003029648
Risk-Aware Regime Switching,7766,94.21215661386016
Risk-Aware Regime Switching,7767,82.62504823176607
Risk-Aware Regime Switching,7768,101.89125484374284
Risk-Aware Regime Switching,7769,62.03106678464453
Risk-Aware Regime Switching,7770,124.00125152804753
Risk-Aware Regime Switching,7771,120.69939987106393
Risk-Aware Regime Switching,7772,100.17425144803494
Risk-Aware Regime Switching,7773,112.02509426551117
Risk-Aware Regime Switching,7774,88.35333631907258
Risk-Aware Regime Switching,7775,85.30156271913883
Risk-Aware Regime Switching,7776,133.58368723002783
Risk-Aware Regime Switching,7777,100.76869864635114
Risk-Aware Regime Switching,7778,93.86925514023102
Risk-Aware Regime Switching,7779,89.14024992033886
Risk-Aware Regime Switching,7780,79.68457417344429
Risk-Aware Regime Switching,7781,103.44776987505978
Risk-Aware Regime Switching,7782,67.02797256946835
Risk-Aware Regime Switching,7783,104.76543265897543
Risk-Aware Regime Switching,7784,129.53047120833753
Risk-Aware Regime Switching,7785,97.01918279705272
Risk-Aware Regime Switching,7786,86.08217473944978
Risk-Aware Regime Switching,7787,120.24868719047932
Risk-Aware Regime Switching,7788,109.86876637708762
Risk-Aware Regime Switching,7789,71.07301642048314
Risk-Aware Regime Switching,7790,90.45835214897868
Risk-Aware Regime Switching,7791,78.9927561119463
Risk-Aware Regime Switching,7792,82.30987048629218
Risk-Aware Regime Switching,7793,133.39583606022475
Risk-Aware Regime Switching,7794,108.33210919739022
Risk-Aware Regime Switching,7795,88.15347003365763
Risk-Aware Regime Switching,7796,123.73755220974634
Risk-Aware Regime Switching,7797,95.48711613865298
Risk-Aware Regime Switching,7798,113.89459711972066
Risk-Aware Regime Switching,7799,105.91807973533807
Risk-Aware Regime Switching,7800,70.16332945856307
Risk-Aware Regime Switching,7801,95.12550714230265
Risk-Aware Regime Switching,7802,77.84533052987098
Risk-Aware Regime Switching,7803,85.81873485388056
Risk-Aware Regime Switching,7804,72.33694479951566
Risk-Aware Regime Switching,7805,131.41264892668335
Risk-Aware Regime Switching,7806,108.55009615797965
Risk-Aware Regime Switching,7807,124.46330126799666
Risk-Aware Regime Switching,7808,82.47013603257375
Risk-Aware Regime Switching,7809,81.34521411880276
Risk-Aware Regime Switching,7810,98.40019565390001
Risk-Aware Regime Switching,7811,62.44637981914358
Risk-Aware Regime Switching,7812,103.38832443496528
Risk-Aware Regime Switching,7813,171.2070932824702
Risk-Aware Regime Switching,7814,74.32594693117981
Risk-Aware Regime Switching,7815,92.91511304008766
Risk-Aware Regime Switching,7816,116.52596279898032
Risk-Aware Regime Switching,7817,83.0878308755763
Risk-Aware Regime Switching,7818,97.02115976011122
Risk-Aware Regime Switching,7819,117.91706536967321
Risk-Aware Regime Switching,7820,74.90414882192773
Risk-Aware Regime Switching,7821,81.59248875139312
Risk-Aware Regime Switching,7822,122.74808744342458
Risk-Aware Regime Switching,7823,75.30502359821317
Risk-Aware Regime Switching,7824,100.09910344566786
Risk-Aware Regime Switching,7825,146.31388866347245
Risk-Aware Regime Switching,7826,103.70395657205461
Risk-Aware Regime Switching,7827,111.78586887687709
Risk-Aware Regime Switching,7828,113.83895845169035
Risk-Aware Regime Switching,7829,155.25038789874964
Risk-Aware Regime Switching,7830,93.70797162590404
Risk-Aware Regime Switching,7831,70.21720137920288
Risk-Aware Regime Switching,7832,95.09740526229334
Risk-Aware Regime Switching,7833,94.57595607793876
Risk-Aware Regime Switching,7834,104.6284735633519
Risk-Aware Regime Switching,7835,75.64332833382709
Risk-Aware Regime Switching,7836,102.603412827158
Risk-Aware Regime Switching,7837,71.14146461626436
Risk-Aware Regime Switching,7838,83.92627523802636
Risk-Aware Regime Switching,7839,84.75785575609724
Risk-Aware Regime Switching,7840,136.79229777794984
Risk-Aware Regime Switching,7841,103.497309878547
Risk-Aware Regime Switching,7842,165.13584232808424
Risk-Aware Regime Switching,7843,89.68419341501823
Risk-Aware Regime Switching,7844,106.82853808854895
Risk-Aware Regime Switching,7845,91.0802821843525
Risk-Aware Regime Switching,7846,126.95445361378597
Risk-Aware Regime Switching,7847,112.84759728404157
Risk-Aware Regime Switching,7848,159.4173108401122
Risk-Aware Regime Switching,7849,176.18756503455867
Risk-Aware Regime Switching,7850,83.3752920779417
Risk-Aware Regime Switching,7851,75.97105761631214
Risk-Aware Regime Switching,7852,70.06664243915874
Risk-Aware Regime Switching,7853,75.01906440984189
Risk-Aware Regime Switching,7854,57.01738551635104
Risk-Aware Regime Switching,7855,91.054229690297
Risk-Aware Regime Switching,7856,76.50297863872508
Risk-Aware Regime Switching,7857,115.86956259466147
Risk-Aware Regime Switching,7858,97.43810010807796
Risk-Aware Regime Switching,7859,61.465753246792154
Risk-Aware Regime Switching,7860,67.13306381596618
Risk-Aware Regime Switching,7861,107.57123348595829
Risk-Aware Regime Switching,7862,85.47138916446185
Risk-Aware Regime Switching,7863,122.19409017465968
Risk-Aware Regime Switching,7864,69.84194881613305
Risk-Aware Regime Switching,7865,129.36491845767836
Risk-Aware Regime Switching,7866,76.67889291833319
Risk-Aware Regime Switching,7867,122.87701489322795
Risk-Aware Regime Switching,7868,77.41988976926774
Risk-Aware Regime Switching,7869,74.19582418110397
Risk-Aware Regime Switching,7870,124.40771952993963
Risk-Aware Regime Switching,7871,88.391926724064
Risk-Aware Regime Switching,7872,103.17857500758696
Risk-Aware Regime Switching,7873,94.98478242883613
Risk-Aware Regime Switching,7874,104.7277399091173
Risk-Aware Regime Switching,7875,54.2229024567351
Risk-Aware Regime Switching,7876,80.26205756349039
Risk-Aware Regime Switching,7877,98.37376892004207
Risk-Aware Regime Switching,7878,87.634641183626
Risk-Aware Regime Switching,7879,65.52158596559607
Risk-Aware Regime Switching,7880,101.27458108997835
Risk-Aware Regime Switching,7881,129.04009674105177
Risk-Aware Regime Switching,7882,88.85651253030153
Risk-Aware Regime Switching,7883,173.6208273416897
Risk-Aware Regime Switching,7884,74.47038840176728
Risk-Aware Regime Switching,7885,127.89568922010801
Risk-Aware Regime Switching,7886,71.04685143582155
Risk-Aware Regime Switching,7887,96.9244181756807
Risk-Aware Regime Switching,7888,79.09902361680072
Risk-Aware Regime Switching,7889,104.51301619171574
Risk-Aware Regime Switching,7890,112.52798130164375
Risk-Aware Regime Switching,7891,91.6458182231109
Risk-Aware Regime Switching,7892,81.1313222286019
Risk-Aware Regime Switching,7893,64.88176424785816
Risk-Aware Regime Switching,7894,67.94474461481354
Risk-Aware Regime Switching,7895,122.47756533304003
Risk-Aware Regime Switching,7896,121.61831807093397
Risk-Aware Regime Switching,7897,75.88252245862982
Risk-Aware Regime Switching,7898,72.31557142103657
Risk-Aware Regime Switching,7899,85.83615251362878
Risk-Aware Regime Switching,7900,109.80841635230524
Risk-Aware Regime Switching,7901,138.19825377113781
Risk-Aware Regime Switching,7902,80.43131657676923
Risk-Aware Regime Switching,7903,180.89082657860007
Risk-Aware Regime Switching,7904,96.15668047786964
Risk-Aware Regime Switching,7905,90.5209137475999
Risk-Aware Regime Switching,7906,78.88913355513328
Risk-Aware Regime Switching,7907,106.7333827272551
Risk-Aware Regime Switching,7908,65.61795052347478
Risk-Aware Regime Switching,7909,122.47106948811135
Risk-Aware Regime Switching,7910,136.13373518282697
Risk-Aware Regime Switching,7911,70.04361224484774
Risk-Aware Regime Switching,7912,104.9434766396553
Risk-Aware Regime Switching,7913,92.51485444822808
Risk-Aware Regime Switching,7914,113.9611144392471
Risk-Aware Regime Switching,7915,101.55836357510344
Risk-Aware Regime Switching,7916,95.09475294892226
Risk-Aware Regime Switching,7917,101.17673071722417
Risk-Aware Regime Switching,7918,60.66397654756083
Risk-Aware Regime Switching,7919,153.52645453336117
Risk-Aware Regime Switching,7920,65.11555686955187
Risk-Aware Regime Switching,7921,94.07678933299437
Risk-Aware Regime Switching,7922,90.4811808494124
Risk-Aware Regime Switching,7923,81.74867915874154
Risk-Aware Regime Switching,7924,175.50731680142638
Risk-Aware Regime Switching,7925,161.20130471239565
Risk-Aware Regime Switching,7926,68.11881961038779
Risk-Aware Regime Switching,7927,88.32899277206378
Risk-Aware Regime Switching,7928,88.58102534738947
Risk-Aware Regime Switching,7929,158.71894466892167
Risk-Aware Regime Switching,7930,84.57591313202767
Risk-Aware Regime Switching,7931,74.46929461851383
Risk-Aware Regime Switching,7932,99.64002819193003
Risk-Aware Regime Switching,7933,145.85407076309752
Risk-Aware Regime Switching,7934,87.86902639195691
Risk-Aware Regime Switching,7935,94.45564724588682
Risk-Aware Regime Switching,7936,74.1405076739548
Risk-Aware Regime Switching,7937,84.44639587422816
Risk-Aware Regime Switching,7938,89.02105100811127
Risk-Aware Regime Switching,7939,89.47672402468692
Risk-Aware Regime Switching,7940,89.33552653178248
Risk-Aware Regime Switching,7941,79.14421511210821
Risk-Aware Regime Switching,7942,105.822947032068
Risk-Aware Regime Switching,7943,54.21458357122386
Risk-Aware Regime Switching,7944,88.95417069314024
Risk-Aware Regime Switching,7945,95.04065317344863
Risk-Aware Regime Switching,7946,91.0294260712769
Risk-Aware Regime Switching,7947,169.18183267465412
Risk-Aware Regime Switching,7948,164.13149851509397
Risk-Aware Regime Switching,7949,87.92811157505773
Risk-Aware Regime Switching,7950,137.21898456454957
Risk-Aware Regime Switching,7951,113.15336513847957
Risk-Aware Regime Switching,7952,100.01557784970262
Risk-Aware Regime Switching,7953,100.97310614534119
Risk-Aware Regime Switching,7954,110.60896438470186
Risk-Aware Regime Switching,7955,129.65029072949426
Risk-Aware Regime Switching,7956,89.25072488871841
Risk-Aware Regime Switching,7957,107.34499599742024
Risk-Aware Regime Switching,7958,105.97747351494544
Risk-Aware Regime Switching,7959,72.58938447074279
Risk-Aware Regime Switching,7960,69.57256507013037
Risk-Aware Regime Switching,7961,76.126587176217
Risk-Aware Regime Switching,7962,84.06554347419019
Risk-Aware Regime Switching,7963,79.8203517822979
Risk-Aware Regime Switching,7964,97.07000793809118
Risk-Aware Regime Switching,7965,83.81648752343307
Risk-Aware Regime Switching,7966,89.49072133610363
Risk-Aware Regime Switching,7967,89.0740658316992
Risk-Aware Regime Switching,7968,97.78717272919458
Risk-Aware Regime Switching,7969,98.4320542520264
Risk-Aware Regime Switching,7970,85.42741850969325
Risk-Aware Regime Switching,7971,124.85060350402483
Risk-Aware Regime Switching,7972,99.22229906776914
Risk-Aware Regime Switching,7973,102.70544847016107
Risk-Aware Regime Switching,7974,141.78961366057368
Risk-Aware Regime Switching,7975,84.1452570705956
Risk-Aware Regime Switching,7976,109.91035544027142
Risk-Aware Regime Switching,7977,112.99699615132613
Risk-Aware Regime Switching,7978,60.68899606417284
Risk-Aware Regime Switching,7979,125.51244843676781
Risk-Aware Regime Switching,7980,146.05772039836643
Risk-Aware Regime Switching,7981,122.9846778454119
Risk-Aware Regime Switching,7982,93.98923736437489
Risk-Aware Regime Switching,7983,150.3893390253934
Risk-Aware Regime Switching,7984,80.043540744514
Risk-Aware Regime Switching,7985,82.3872094649551
Risk-Aware Regime Switching,7986,150.5491546139147
Risk-Aware Regime Switching,7987,201.18960351713017
Risk-Aware Regime Switching,7988,158.96531698873508
Risk-Aware Regime Switching,7989,88.70766420892829
Risk-Aware Regime Switching,7990,126.49250107963181
Risk-Aware Regime Switching,7991,129.54588210999978
Risk-Aware Regime Switching,7992,115.53702822326572
Risk-Aware Regime Switching,7993,73.13465501751362
Risk-Aware Regime Switching,7994,92.976758417111
Risk-Aware Regime Switching,7995,65.29587834303653
Risk-Aware Regime Switching,7996,81.89345133057982
Risk-Aware Regime Switching,7997,98.25664410085548
Risk-Aware Regime Switching,7998,92.7941433538499
Risk-Aware Regime Switching,7999,125.36214102071905
Risk-Aware Regime Switching,8000,75.67100709644731
Risk-Aware Regime Switching,8001,106.68520511567942
Risk-Aware Regime Switching,8002,103.41782311242882
Risk-Aware Regime Switching,8003,69.32938822218172
Risk-Aware Regime Switching,8004,90.3631472115745
Risk-Aware Regime Switching,8005,85.12991339030567
Risk-Aware Regime Switching,8006,111.03871846365298
Risk-Aware Regime Switching,8007,78.6624927973089
Risk-Aware Regime Switching,8008,85.49384484069407
Risk-Aware Regime Switching,8009,60.72269093591488
Risk-Aware Regime Switching,8010,59.000881509142744
Risk-Aware Regime Switching,8011,110.81305047812606
Risk-Aware Regime Switching,8012,121.14896407106141
Risk-Aware Regime Switching,8013,72.58313026036691
Risk-Aware Regime Switching,8014,86.67424856669237
Risk-Aware Regime Switching,8015,69.38419858627381
Risk-Aware Regime Switching,8016,99.1519018010673
Risk-Aware Regime Switching,8017,65.62062042604242
Risk-Aware Regime Switching,8018,115.40203716482137
Risk-Aware Regime Switching,8019,80.251607075165
Risk-Aware Regime Switching,8020,60.258335666840125
Risk-Aware Regime Switching,8021,117.91113906806663
Risk-Aware Regime Switching,8022,123.10563514728786
Risk-Aware Regime Switching,8023,73.61316566918208
Risk-Aware Regime Switching,8024,94.04068324765741
Risk-Aware Regime Switching,8025,93.21646477742573
Risk-Aware Regime Switching,8026,111.2350083604355
Risk-Aware Regime Switching,8027,118.29818123310048
Risk-Aware Regime Switching,8028,100.34681742765778
Risk-Aware Regime Switching,8029,86.56247990695167
Risk-Aware Regime Switching,8030,99.17260516947601
Risk-Aware Regime Switching,8031,70.11669660884925
Risk-Aware Regime Switching,8032,75.51259869511769
Risk-Aware Regime Switching,8033,65.79122049569813
Risk-Aware Regime Switching,8034,92.19270607625
Risk-Aware Regime Switching,8035,132.77397777665809
Risk-Aware Regime Switching,8036,89.15730201293654
Risk-Aware Regime Switching,8037,116.0235525888167
Risk-Aware Regime Switching,8038,103.23590847878393
Risk-Aware Regime Switching,8039,101.53854015603412
Risk-Aware Regime Switching,8040,115.15009149671668
Risk-Aware Regime Switching,8041,66.91291651348604
Risk-Aware Regime Switching,8042,88.5363151285839
Risk-Aware Regime Switching,8043,85.3314300204966
Risk-Aware Regime Switching,8044,87.05201206521275
Risk-Aware Regime Switching,8045,95.84682024341502
Risk-Aware Regime Switching,8046,111.7075283613528
Risk-Aware Regime Switching,8047,92.6300124212694
Risk-Aware Regime Switching,8048,88.55328377997171
Risk-Aware Regime Switching,8049,103.6445262843346
Risk-Aware Regime Switching,8050,134.66914577868246
Risk-Aware Regime Switching,8051,101.31335801648729
Risk-Aware Regime Switching,8052,149.93860384315735
Risk-Aware Regime Switching,8053,73.93053012592998
Risk-Aware Regime Switching,8054,92.96032914651087
Risk-Aware Regime Switching,8055,80.30728948405962
Risk-Aware Regime Switching,8056,83.01132139346296
Risk-Aware Regime Switching,8057,108.8785366840906
Risk-Aware Regime Switching,8058,82.7404672785515
Risk-Aware Regime Switching,8059,120.34041798499051
Risk-Aware Regime Switching,8060,98.6139194493165
Risk-Aware Regime Switching,8061,94.80462684091246
Risk-Aware Regime Switching,8062,92.50734646417162
Risk-Aware Regime Switching,8063,86.05981338967666
Risk-Aware Regime Switching,8064,99.5120053408526
Risk-Aware Regime Switching,8065,73.28505152465165
Risk-Aware Regime Switching,8066,124.34829339125596
Risk-Aware Regime Switching,8067,90.07128772556906
Risk-Aware Regime Switching,8068,97.03433024488189
Risk-Aware Regime Switching,8069,100.66531545201688
Risk-Aware Regime Switching,8070,105.77757654088322
Risk-Aware Regime Switching,8071,73.0434656130493
Risk-Aware Regime Switching,8072,101.12861078446247
Risk-Aware Regime Switching,8073,122.89830207757288
Risk-Aware Regime Switching,8074,80.41851614506903
Risk-Aware Regime Switching,8075,69.92285547143887
Risk-Aware Regime Switching,8076,100.01722755425091
Risk-Aware Regime Switching,8077,128.82960544956757
Risk-Aware Regime Switching,8078,84.64630217492294
Risk-Aware Regime Switching,8079,94.79082845106349
Risk-Aware Regime Switching,8080,91.07119671586948
Risk-Aware Regime Switching,8081,109.79242220064019
Risk-Aware Regime Switching,8082,76.92311468600795
Risk-Aware Regime Switching,8083,77.45224281023138
Risk-Aware Regime Switching,8084,74.00191314434394
Risk-Aware Regime Switching,8085,114.12058079308525
Risk-Aware Regime Switching,8086,67.19559485411638
Risk-Aware Regime Switching,8087,109.04913075002132
Risk-Aware Regime Switching,8088,80.23235516041211
Risk-Aware Regime Switching,8089,77.8029670817458
Risk-Aware Regime Switching,8090,86.3421247960133
Risk-Aware Regime Switching,8091,85.71210441948509
Risk-Aware Regime Switching,8092,99.55101046702698
Risk-Aware Regime Switching,8093,110.04547018024155
Risk-Aware Regime Switching,8094,90.50160025134291
Risk-Aware Regime Switching,8095,138.8542431301636
Risk-Aware Regime Switching,8096,80.41843244386251
Risk-Aware Regime Switching,8097,95.10558626300961
Risk-Aware Regime Switching,8098,94.37691177987767
Risk-Aware Regime Switching,8099,111.40398036395082
Risk-Aware Regime Switching,8100,69.49603735602344
Risk-Aware Regime Switching,8101,107.08854391770043
Risk-Aware Regime Switching,8102,139.8753518555139
Risk-Aware Regime Switching,8103,109.28746500294089
Risk-Aware Regime Switching,8104,91.53572882601296
Risk-Aware Regime Switching,8105,81.59819381839782
Risk-Aware Regime Switching,8106,82.61249735609151
Risk-Aware Regime Switching,8107,67.85680303860111
Risk-Aware Regime Switching,8108,101.58358676724728
Risk-Aware Regime Switching,8109,73.00015211708049
Risk-Aware Regime Switching,8110,99.80561668763194
Risk-Aware Regime Switching,8111,91.72590041961382
Risk-Aware Regime Switching,8112,113.1758308497053
Risk-Aware Regime Switching,8113,107.3274879095514
Risk-Aware Regime Switching,8114,114.467803244989
Risk-Aware Regime Switching,8115,110.76441156515938
Risk-Aware Regime Switching,8116,60.07606230957555
Risk-Aware Regime Switching,8117,115.44591946899374
Risk-Aware Regime Switching,8118,173.4877581923086
Risk-Aware Regime Switching,8119,86.90226699813903
Risk-Aware Regime Switching,8120,84.6784190883563
Risk-Aware Regime Switching,8121,69.82859911663604
Risk-Aware Regime Switching,8122,75.78102008370061
Risk-Aware Regime Switching,8123,93.19210666022549
Risk-Aware Regime Switching,8124,77.69939325663789
Risk-Aware Regime Switching,8125,116.04359645499099
Risk-Aware Regime Switching,8126,173.98214795622587
Risk-Aware Regime Switching,8127,97.7792595693566
Risk-Aware Regime Switching,8128,104.57842121924152
Risk-Aware Regime Switching,8129,97.9265480227228
Risk-Aware Regime Switching,8130,78.99806918212151
Risk-Aware Regime Switching,8131,97.57596782412868
Risk-Aware Regime Switching,8132,90.31464969415298
Risk-Aware Regime Switching,8133,112.4930116723335
Risk-Aware Regime Switching,8134,111.88028875444076
Risk-Aware Regime Switching,8135,101.54603491394725
Risk-Aware Regime Switching,8136,87.26063337456748
Risk-Aware Regime Switching,8137,97.6594006034207
Risk-Aware Regime Switching,8138,101.47409599156951
Risk-Aware Regime Switching,8139,146.19955384242735
Risk-Aware Regime Switching,8140,82.61083861543587
Risk-Aware Regime Switching,8141,92.255983237149
Risk-Aware Regime Switching,8142,97.82211006523555
Risk-Aware Regime Switching,8143,82.28473540044838
Risk-Aware Regime Switching,8144,56.36391001072386
Risk-Aware Regime Switching,8145,109.12386604062041
Risk-Aware Regime Switching,8146,98.8231383496591
Risk-Aware Regime Switching,8147,77.3567783370225
Risk-Aware Regime Switching,8148,87.14115517280167
Risk-Aware Regime Switching,8149,68.3258291061959
Risk-Aware Regime Switching,8150,108.92661295797588
Risk-Aware Regime Switching,8151,109.92360268789368
Risk-Aware Regime Switching,8152,60.96934781535099
Risk-Aware Regime Switching,8153,93.34893781012654
Risk-Aware Regime Switching,8154,85.25949116710093
Risk-Aware Regime Switching,8155,82.15635918341945
Risk-Aware Regime Switching,8156,87.77053520816828
Risk-Aware Regime Switching,8157,72.1551175390456
Risk-Aware Regime Switching,8158,109.55763131443274
Risk-Aware Regime Switching,8159,118.22299928082613
Risk-Aware Regime Switching,8160,103.91050833227436
Risk-Aware Regime Switching,8161,84.07591688434087
Risk-Aware Regime Switching,8162,87.24829838154523
Risk-Aware Regime Switching,8163,91.24650351413996
Risk-Aware Regime Switching,8164,68.14955275129053
Risk-Aware Regime Switching,8165,129.23684274202046
Risk-Aware Regime Switching,8166,116.46784427849468
Risk-Aware Regime Switching,8167,83.74017811487909
Risk-Aware Regime Switching,8168,74.62728335203846
Risk-Aware Regime Switching,8169,153.98855176546547
Risk-Aware Regime Switching,8170,130.62447548856602
Risk-Aware Regime Switching,8171,115.80756120696837
Risk-Aware Regime Switching,8172,117.03369956834567
Risk-Aware Regime Switching,8173,103.82525930857163
Risk-Aware Regime Switching,8174,92.03145200932511
Risk-Aware Regime Switching,8175,89.40466410071716
Risk-Aware Regime Switching,8176,109.90650059336812
Risk-Aware Regime Switching,8177,96.8914846476286
Risk-Aware Regime Switching,8178,78.19032055575816
Risk-Aware Regime Switching,8179,112.76193421251894
Risk-Aware Regime Switching,8180,116.01603005197441
Risk-Aware Regime Switching,8181,103.2786943705281
Risk-Aware Regime Switching,8182,175.06622924309235
Risk-Aware Regime Switching,8183,55.443368770621944
Risk-Aware Regime Switching,8184,96.63798269381154
Risk-Aware Regime Switching,8185,123.641403655962
Risk-Aware Regime Switching,8186,94.69586186656686
Risk-Aware Regime Switching,8187,135.35351585627075
Risk-Aware Regime Switching,8188,106.20146148858225
Risk-Aware Regime Switching,8189,84.84493976280783
Risk-Aware Regime Switching,8190,89.4205872736835
Risk-Aware Regime Switching,8191,95.72645782489127
Risk-Aware Regime Switching,8192,106.96656443844725
Risk-Aware Regime Switching,8193,77.22534308203561
Risk-Aware Regime Switching,8194,64.33002347558589
Risk-Aware Regime Switching,8195,98.61568553226674
Risk-Aware Regime Switching,8196,65.08366358445386
Risk-Aware Regime Switching,8197,163.6086098354582
Risk-Aware Regime Switching,8198,84.3899063773019
Risk-Aware Regime Switching,8199,125.42347398938387
Risk-Aware Regime Switching,8200,83.71750716666051
Risk-Aware Regime Switching,8201,159.77419058531757
Risk-Aware Regime Switching,8202,87.86343217556478
Risk-Aware Regime Switching,8203,58.90014661552292
Risk-Aware Regime Switching,8204,84.39638575861828
Risk-Aware Regime Switching,8205,124.177543858646
Risk-Aware Regime Switching,8206,100.29358757406519
Risk-Aware Regime Switching,8207,84.22185971335207
Risk-Aware Regime Switching,8208,104.61341642048063
Risk-Aware Regime Switching,8209,109.11933569275195
Risk-Aware Regime Switching,8210,107.80822493638912
Risk-Aware Regime Switching,8211,116.17812606010756
Risk-Aware Regime Switching,8212,109.66929031551773
Risk-Aware Regime Switching,8213,123.49559975045862
Risk-Aware Regime Switching,8214,152.44416749623525
Risk-Aware Regime Switching,8215,65.68539813435092
Risk-Aware Regime Switching,8216,78.86029884892423
Risk-Aware Regime Switching,8217,72.08921932944185
Risk-Aware Regime Switching,8218,69.15190488019192
Risk-Aware Regime Switching,8219,90.5495679704702
Risk-Aware Regime Switching,8220,109.86564852173586
Risk-Aware Regime Switching,8221,82.76335900822097
Risk-Aware Regime Switching,8222,123.76628561856657
Risk-Aware Regime Switching,8223,68.10543953251914
Risk-Aware Regime Switching,8224,94.40198904042794
Risk-Aware Regime Switching,8225,90.38220023556875
Risk-Aware Regime Switching,8226,89.29787416673273
Risk-Aware Regime Switching,8227,95.07033960748304
Risk-Aware Regime Switching,8228,76.52005929047661
Risk-Aware Regime Switching,8229,106.14422379078772
Risk-Aware Regime Switching,8230,152.1669133956365
Risk-Aware Regime Switching,8231,103.13895516719955
Risk-Aware Regime Switching,8232,66.2884859921487
Risk-Aware Regime Switching,8233,98.4773931429891
Risk-Aware Regime Switching,8234,112.38338546956402
Risk-Aware Regime Switching,8235,109.72714814305482
Risk-Aware Regime Switching,8236,64.88261681096866
Risk-Aware Regime Switching,8237,102.12104720012631
Risk-Aware Regime Switching,8238,99.56669996292045
Risk-Aware Regime Switching,8239,137.5631058293384
Risk-Aware Regime Switching,8240,59.80313194983765
Risk-Aware Regime Switching,8241,77.62177596441238
Risk-Aware Regime Switching,8242,80.75744590445693
Risk-Aware Regime Switching,8243,83.14396370043934
Risk-Aware Regime Switching,8244,71.59882413573168
Risk-Aware Regime Switching,8245,108.19122676589355
Risk-Aware Regime Switching,8246,83.45054344660346
Risk-Aware Regime Switching,8247,100.55028530834196
Risk-Aware Regime Switching,8248,105.7917763427457
Risk-Aware Regime Switching,8249,101.78799403661971
Risk-Aware Regime Switching,8250,96.59907945909467
Risk-Aware Regime Switching,8251,78.18739970717311
Risk-Aware Regime Switching,8252,113.29471630280456
Risk-Aware Regime Switching,8253,77.47981765452467
Risk-Aware Regime Switching,8254,122.73912566716018
Risk-Aware Regime Switching,8255,90.99703067036016
Risk-Aware Regime Switching,8256,87.21655436113952
Risk-Aware Regime Switching,8257,70.79123965681686
Risk-Aware Regime Switching,8258,97.83066993770441
Risk-Aware Regime Switching,8259,98.86550158771217
Risk-Aware Regime Switching,8260,131.17527582041797
Risk-Aware Regime Switching,8261,66.41794348880626
Risk-Aware Regime Switching,8262,72.2678805051576
Risk-Aware Regime Switching,8263,94.24271553730868
Risk-Aware Regime Switching,8264,81.97994795558948
Risk-Aware Regime Switching,8265,79.30251131283981
Risk-Aware Regime Switching,8266,78.52233268229709
Risk-Aware Regime Switching,8267,93.51137979060815
Risk-Aware Regime Switching,8268,60.26004186908609
Risk-Aware Regime Switching,8269,101.52478115793781
Risk-Aware Regime Switching,8270,133.17708878937225
Risk-Aware Regime Switching,8271,91.21030872873189
Risk-Aware Regime Switching,8272,116.79558936057583
Risk-Aware Regime Switching,8273,83.97713456257358
Risk-Aware Regime Switching,8274,93.61429715167915
Risk-Aware Regime Switching,8275,74.27143962256567
Risk-Aware Regime Switching,8276,86.88673765499433
Risk-Aware Regime Switching,8277,76.6161635988403
Risk-Aware Regime Switching,8278,110.72637064189186
Risk-Aware Regime Switching,8279,103.4027507663305
Risk-Aware Regime Switching,8280,88.48834321594082
Risk-Aware Regime Switching,8281,137.3259614024329
Risk-Aware Regime Switching,8282,126.70266301939563
Risk-Aware Regime Switching,8283,122.56923690821534
Risk-Aware Regime Switching,8284,136.0516265434619
Risk-Aware Regime Switching,8285,92.29801438930836
Risk-Aware Regime Switching,8286,86.14368503083449
Risk-Aware Regime Switching,8287,85.18761521699393
Risk-Aware Regime Switching,8288,127.1286332759095
Risk-Aware Regime Switching,8289,101.96196016724417
Risk-Aware Regime Switching,8290,85.26566251341004
Risk-Aware Regime Switching,8291,170.17665894589163
Risk-Aware Regime Switching,8292,116.68925115356295
Risk-Aware Regime Switching,8293,138.33763828383258
Risk-Aware Regime Switching,8294,86.71686644722246
Risk-Aware Regime Switching,8295,127.60419422079272
Risk-Aware Regime Switching,8296,65.22212159871074
Risk-Aware Regime Switching,8297,62.359415315232816
Risk-Aware Regime Switching,8298,125.73375581857727
Risk-Aware Regime Switching,8299,118.87187671613468
Risk-Aware Regime Switching,8300,88.87328625792296
Risk-Aware Regime Switching,8301,90.22218843701494
Risk-Aware Regime Switching,8302,124.88834352730147
Risk-Aware Regime Switching,8303,73.17464837608479
Risk-Aware Regime Switching,8304,117.60276962633878
Risk-Aware Regime Switching,8305,73.81862397856169
Risk-Aware Regime Switching,8306,126.36751260106833
Risk-Aware Regime Switching,8307,101.57820106707635
Risk-Aware Regime Switching,8308,73.77702187587481
Risk-Aware Regime Switching,8309,82.29211180969529
Risk-Aware Regime Switching,8310,115.78966265203083
Risk-Aware Regime Switching,8311,81.24135701583491
Risk-Aware Regime Switching,8312,135.09544752797592
Risk-Aware Regime Switching,8313,93.97492172387129
Risk-Aware Regime Switching,8314,81.58502231981987
Risk-Aware Regime Switching,8315,84.82576418022087
Risk-Aware Regime Switching,8316,127.18372667268287
Risk-Aware Regime Switching,8317,81.8801270976595
Risk-Aware Regime Switching,8318,87.11744080376529
Risk-Aware Regime Switching,8319,110.42930373266509
Risk-Aware Regime Switching,8320,139.4958153730984
Risk-Aware Regime Switching,8321,122.36598572639889
Risk-Aware Regime Switching,8322,93.44209729475713
Risk-Aware Regime Switching,8323,117.6529461442699
Risk-Aware Regime Switching,8324,141.15218776495846
Risk-Aware Regime Switching,8325,69.77697197279281
Risk-Aware Regime Switching,8326,65.40730793670258
Risk-Aware Regime Switching,8327,122.81998394042087
Risk-Aware Regime Switching,8328,113.36859414483551
Risk-Aware Regime Switching,8329,106.15143678286398
Risk-Aware Regime Switching,8330,107.79563531873781
Risk-Aware Regime Switching,8331,101.68387491508885
Risk-Aware Regime Switching,8332,126.38619675220689
Risk-Aware Regime Switching,8333,74.87889506587206
Risk-Aware Regime Switching,8334,106.36934769692662
Risk-Aware Regime Switching,8335,80.98175181923605
Risk-Aware Regime Switching,8336,81.85592292745807
Risk-Aware Regime Switching,8337,92.39099479490802
Risk-Aware Regime Switching,8338,121.36776392017667
Risk-Aware Regime Switching,8339,134.71088685796047
Risk-Aware Regime Switching,8340,110.51941684365838
Risk-Aware Regime Switching,8341,101.91049672412827
Risk-Aware Regime Switching,8342,104.34937502545674
Risk-Aware Regime Switching,8343,92.61932334943474
Risk-Aware Regime Switching,8344,77.20999948254156
Risk-Aware Regime Switching,8345,100.53070284760418
Risk-Aware Regime Switching,8346,99.94084340583615
Risk-Aware Regime Switching,8347,95.34144580361662
Risk-Aware Regime Switching,8348,107.47339162913387
Risk-Aware Regime Switching,8349,67.30745915005896
Risk-Aware Regime Switching,8350,110.93491540531886
Risk-Aware Regime Switching,8351,73.6033665013594
Risk-Aware Regime Switching,8352,116.08801877653161
Risk-Aware Regime Switching,8353,99.50294639901949
Risk-Aware Regime Switching,8354,61.515121642684555
Risk-Aware Regime Switching,8355,93.35781231644397
Risk-Aware Regime Switching,8356,99.65323399540253
Risk-Aware Regime Switching,8357,70.35345548313443
Risk-Aware Regime Switching,8358,85.53114899986892
Risk-Aware Regime Switching,8359,77.23104941033343
Risk-Aware Regime Switching,8360,81.8752517937967
Risk-Aware Regime Switching,8361,71.33243114404272
Risk-Aware Regime Switching,8362,115.25435811567806
Risk-Aware Regime Switching,8363,112.0543607589266
Risk-Aware Regime Switching,8364,76.97581528455625
Risk-Aware Regime Switching,8365,101.93841930809707
Risk-Aware Regime Switching,8366,106.7154863592742
Risk-Aware Regime Switching,8367,95.29726818881208
Risk-Aware Regime Switching,8368,115.792365610763
Risk-Aware Regime Switching,8369,85.60534845764998
Risk-Aware Regime Switching,8370,126.79610098608936
Risk-Aware Regime Switching,8371,172.18662425013676
Risk-Aware Regime Switching,8372,76.43505297288425
Risk-Aware Regime Switching,8373,123.10766038755405
Risk-Aware Regime Switching,8374,106.92503925026877
Risk-Aware Regime Switching,8375,100.75490122850945
Risk-Aware Regime Switching,8376,105.4611134293823
Risk-Aware Regime Switching,8377,123.88411291596123
Risk-Aware Regime Switching,8378,201.82033448089337
Risk-Aware Regime Switching,8379,90.64377651403518
Risk-Aware Regime Switching,8380,69.62722901927054
Risk-Aware Regime Switching,8381,88.53885130620071
Risk-Aware Regime Switching,8382,122.86552071273911
Risk-Aware Regime Switching,8383,117.57306864732332
Risk-Aware Regime Switching,8384,72.18153999559819
Risk-Aware Regime Switching,8385,62.86305258889043
Risk-Aware Regime Switching,8386,142.44591854165213
Risk-Aware Regime Switching,8387,111.31590446094349
Risk-Aware Regime Switching,8388,91.75189278489283
Risk-Aware Regime Switching,8389,94.49314380913094
Risk-Aware Regime Switching,8390,109.31646669412444
Risk-Aware Regime Switching,8391,117.34853749196776
Risk-Aware Regime Switching,8392,84.99279917199499
Risk-Aware Regime Switching,8393,82.6153425007301
Risk-Aware Regime Switching,8394,109.55230179065948
Risk-Aware Regime Switching,8395,113.56984996841237
Risk-Aware Regime Switching,8396,90.85043950673747
Risk-Aware Regime Switching,8397,124.2509418619876
Risk-Aware Regime Switching,8398,106.7241329998382
Risk-Aware Regime Switching,8399,115.91971263581257
Risk-Aware Regime Switching,8400,126.20159840042572
Risk-Aware Regime Switching,8401,101.69096186880857
Risk-Aware Regime Switching,8402,76.1524575934185
Risk-Aware Regime Switching,8403,107.4322618542115
Risk-Aware Regime Switching,8404,159.1206165784862
Risk-Aware Regime Switching,8405,98.38140966756634
Risk-Aware Regime Switching,8406,142.16913725732923
Risk-Aware Regime Switching,8407,79.42287288525499
Risk-Aware Regime Switching,8408,106.45585715213666
Risk-Aware Regime Switching,8409,98.53900740357501
Risk-Aware Regime Switching,8410,110.40650370336151
Risk-Aware Regime Switching,8411,130.33500289594252
Risk-Aware Regime Switching,8412,86.30439569773856
Risk-Aware Regime Switching,8413,84.13051592011497
Risk-Aware Regime Switching,8414,90.83634418764044
Risk-Aware Regime Switching,8415,76.81548297353541
Risk-Aware Regime Switching,8416,119.74042672488889
Risk-Aware Regime Switching,8417,104.89253411541983
Risk-Aware Regime Switching,8418,77.95810985314127
Risk-Aware Regime Switching,8419,81.74769668713239
Risk-Aware Regime Switching,8420,104.43339362208933
Risk-Aware Regime Switching,8421,153.34030824901012
Risk-Aware Regime Switching,8422,114.15733927452452
Risk-Aware Regime Switching,8423,87.8148640580663
Risk-Aware Regime Switching,8424,102.20096682473682
Risk-Aware Regime Switching,8425,79.63041065680919
Risk-Aware Regime Switching,8426,74.52757496626336
Risk-Aware Regime Switching,8427,104.05958326127617
Risk-Aware Regime Switching,8428,98.74635100114017
Risk-Aware Regime Switching,8429,90.88385209533575
Risk-Aware Regime Switching,8430,66.22366909824787
Risk-Aware Regime Switching,8431,117.33466822146433
Risk-Aware Regime Switching,8432,89.07574868611813
Risk-Aware Regime Switching,8433,115.02815777060533
Risk-Aware Regime Switching,8434,123.89361583203775
Risk-Aware Regime Switching,8435,93.84665414151738
Risk-Aware Regime Switching,8436,71.89582204090254
Risk-Aware Regime Switching,8437,72.44154083299314
Risk-Aware Regime Switching,8438,93.12320778711322
Risk-Aware Regime Switching,8439,69.4928681394304
Risk-Aware Regime Switching,8440,134.65906003371197
Risk-Aware Regime Switching,8441,94.91621126768447
Risk-Aware Regime Switching,8442,141.40979839804945
Risk-Aware Regime Switching,8443,89.44728084184771
Risk-Aware Regime Switching,8444,126.06203421206811
Risk-Aware Regime Switching,8445,67.38452857044547
Risk-Aware Regime Switching,8446,118.3693639739265
Risk-Aware Regime Switching,8447,83.47982565049622
Risk-Aware Regime Switching,8448,57.28760269327924
Risk-Aware Regime Switching,8449,111.44266005240586
Risk-Aware Regime Switching,8450,91.71077021297684
Risk-Aware Regime Switching,8451,103.80032664425656
Risk-Aware Regime Switching,8452,105.47088508390728
Risk-Aware Regime Switching,8453,110.89720988323728
Risk-Aware Regime Switching,8454,122.98688139009097
Risk-Aware Regime Switching,8455,84.39538975213503
Risk-Aware Regime Switching,8456,112.2159378665498
Risk-Aware Regime Switching,8457,116.85916742433334
Risk-Aware Regime Switching,8458,77.95970075036631
Risk-Aware Regime Switching,8459,78.5327875045331
Risk-Aware Regime Switching,8460,124.83850690704057
Risk-Aware Regime Switching,8461,98.17518996894935
Risk-Aware Regime Switching,8462,105.68581791826772
Risk-Aware Regime Switching,8463,110.44231967451212
Risk-Aware Regime Switching,8464,95.7985035382092
Risk-Aware Regime Switching,8465,96.76087785487411
Risk-Aware Regime Switching,8466,100.4852082908329
Risk-Aware Regime Switching,8467,157.39393828671763
Risk-Aware Regime Switching,8468,86.79079641584364
Risk-Aware Regime Switching,8469,56.95711710879785
Risk-Aware Regime Switching,8470,72.23775504852436
Risk-Aware Regime Switching,8471,73.78004766962218
Risk-Aware Regime Switching,8472,111.50771588240352
Risk-Aware Regime Switching,8473,126.52347031497386
Risk-Aware Regime Switching,8474,128.35247149753366
Risk-Aware Regime Switching,8475,105.38073579364804
Risk-Aware Regime Switching,8476,90.39658725671448
Risk-Aware Regime Switching,8477,102.64551501777987
Risk-Aware Regime Switching,8478,116.06690565384584
Risk-Aware Regime Switching,8479,84.42542528705627
Risk-Aware Regime Switching,8480,90.6187508735625
Risk-Aware Regime Switching,8481,111.35190309324669
Risk-Aware Regime Switching,8482,70.51359103692589
Risk-Aware Regime Switching,8483,120.66541080509046
Risk-Aware Regime Switching,8484,127.46884014684696
Risk-Aware Regime Switching,8485,138.65029205772487
Risk-Aware Regime Switching,8486,89.38021655160988
Risk-Aware Regime Switching,8487,86.80863316889072
Risk-Aware Regime Switching,8488,128.17315957345036
Risk-Aware Regime Switching,8489,93.07166436608195
Risk-Aware Regime Switching,8490,75.71593821455649
Risk-Aware Regime Switching,8491,97.9769360930682
Risk-Aware Regime Switching,8492,110.34935103498842
Risk-Aware Regime Switching,8493,91.91610904712154
Risk-Aware Regime Switching,8494,73.60595710672987
Risk-Aware Regime Switching,8495,60.82195136108748
Risk-Aware Regime Switching,8496,89.15219920245862
Risk-Aware Regime Switching,8497,126.10096436124255
Risk-Aware Regime Switching,8498,85.39207025705664
Risk-Aware Regime Switching,8499,93.26048091061952
Risk-Aware Regime Switching,8500,132.09234394335317
Risk-Aware Regime Switching,8501,104.22977333477625
Risk-Aware Regime Switching,8502,88.47287863848277
Risk-Aware Regime Switching,8503,158.30259635548694
Risk-Aware Regime Switching,8504,70.25675971348892
Risk-Aware Regime Switching,8505,91.96268008323605
Risk-Aware Regime Switching,8506,89.09750977179706
Risk-Aware Regime Switching,8507,81.65783217089172
Risk-Aware Regime Switching,8508,123.67150054018994
Risk-Aware Regime Switching,8509,101.88948387452254
Risk-Aware Regime Switching,8510,71.51513527815284
Risk-Aware Regime Switching,8511,95.33987919321217
Risk-Aware Regime Switching,8512,148.43043066838214
Risk-Aware Regime Switching,8513,68.88957997848756
Risk-Aware Regime Switching,8514,100.24430468722845
Risk-Aware Regime Switching,8515,102.72030531078174
Risk-Aware Regime Switching,8516,95.43748939802606
Risk-Aware Regime Switching,8517,75.95173422928096
Risk-Aware Regime Switching,8518,93.75111301280823
Risk-Aware Regime Switching,8519,88.81918337161237
Risk-Aware Regime Switching,8520,139.43439434271124
Risk-Aware Regime Switching,8521,200.2843644945545
Risk-Aware Regime Switching,8522,162.01793144628218
Risk-Aware Regime Switching,8523,88.8114598364049
Risk-Aware Regime Switching,8524,121.22988150364475
Risk-Aware Regime Switching,8525,98.74705626270112
Risk-Aware Regime Switching,8526,141.4696170203131
Risk-Aware Regime Switching,8527,134.6774508871226
Risk-Aware Regime Switching,8528,103.63651594335377
Risk-Aware Regime Switching,8529,118.24456506697405
Risk-Aware Regime Switching,8530,111.48785525981137
Risk-Aware Regime Switching,8531,116.51140052578492
Risk-Aware Regime Switching,8532,112.71975632383277
Risk-Aware Regime Switching,8533,130.62166472255083
Risk-Aware Regime Switching,8534,120.39360906712923
Risk-Aware Regime Switching,8535,57.74885922682434
Risk-Aware Regime Switching,8536,64.08081333512237
Risk-Aware Regime Switching,8537,118.9294031706938
Risk-Aware Regime Switching,8538,91.19835842516316
Risk-Aware Regime Switching,8539,99.98813364155478
Risk-Aware Regime Switching,8540,60.191174220005216
Risk-Aware Regime Switching,8541,56.43954009857447
Risk-Aware Regime Switching,8542,87.15526567254119
Risk-Aware Regime Switching,8543,105.03071900339533
Risk-Aware Regime Switching,8544,74.7533473788874
Risk-Aware Regime Switching,8545,84.40919414815394
Risk-Aware Regime Switching,8546,98.91711090270422
Risk-Aware Regime Switching,8547,122.7881110562729
Risk-Aware Regime Switching,8548,78.33460210787374
Risk-Aware Regime Switching,8549,111.5566366468075
Risk-Aware Regime Switching,8550,73.00445620199352
Risk-Aware Regime Switching,8551,90.49698363841041
Risk-Aware Regime Switching,8552,94.6642103942117
Risk-Aware Regime Switching,8553,113.33808506191163
Risk-Aware Regime Switching,8554,110.73451551110483
Risk-Aware Regime Switching,8555,88.7916282977178
Risk-Aware Regime Switching,8556,86.76079317277826
Risk-Aware Regime Switching,8557,70.6884050256285
Risk-Aware Regime Switching,8558,114.05730194851454
Risk-Aware Regime Switching,8559,69.00912609788702
Risk-Aware Regime Switching,8560,71.86745643677686
Risk-Aware Regime Switching,8561,89.77720620506274
Risk-Aware Regime Switching,8562,81.39367048272757
Risk-Aware Regime Switching,8563,122.8084532349776
Risk-Aware Regime Switching,8564,153.95601464827612
Risk-Aware Regime Switching,8565,91.51091955849276
Risk-Aware Regime Switching,8566,79.70489161451273
Risk-Aware Regime Switching,8567,69.81116081254432
Risk-Aware Regime Switching,8568,112.69754693379734
Risk-Aware Regime Switching,8569,71.55044892405023
Risk-Aware Regime Switching,8570,126.51684633084936
Risk-Aware Regime Switching,8571,117.32257918672661
Risk-Aware Regime Switching,8572,92.31187766325459
Risk-Aware Regime Switching,8573,73.1605724161789
Risk-Aware Regime Switching,8574,75.31776758746595
Risk-Aware Regime Switching,8575,128.46811868778994
Risk-Aware Regime Switching,8576,65.97564699705201
Risk-Aware Regime Switching,8577,132.46695375869393
Risk-Aware Regime Switching,8578,75.08924129777463
Risk-Aware Regime Switching,8579,101.15429518871501
Risk-Aware Regime Switching,8580,123.2776117851525
Risk-Aware Regime Switching,8581,86.95431411218344
Risk-Aware Regime Switching,8582,75.74177328535802
Risk-Aware Regime Switching,8583,93.339110904749
Risk-Aware Regime Switching,8584,93.2707855643838
Risk-Aware Regime Switching,8585,69.86563503939
Risk-Aware Regime Switching,8586,81.59449994175444
Risk-Aware Regime Switching,8587,69.27872680065401
Risk-Aware Regime Switching,8588,152.2633369822423
Risk-Aware Regime Switching,8589,60.52456457869616
Risk-Aware Regime Switching,8590,93.76250083397358
Risk-Aware Regime Switching,8591,74.18417746658565
Risk-Aware Regime Switching,8592,85.06924611683445
Risk-Aware Regime Switching,8593,85.86826410645764
Risk-Aware Regime Switching,8594,80.47403688793321
Risk-Aware Regime Switching,8595,108.91637841980668
Risk-Aware Regime Switching,8596,84.96130504435476
Risk-Aware Regime Switching,8597,131.8986338217972
Risk-Aware Regime Switching,8598,111.78342428185464
Risk-Aware Regime Switching,8599,139.16095408536233
Risk-Aware Regime Switching,8600,107.63879365929945
Risk-Aware Regime Switching,8601,107.42407640545095
Risk-Aware Regime Switching,8602,98.51784320702133
Risk-Aware Regime Switching,8603,81.34568350937971
Risk-Aware Regime Switching,8604,86.90174963010806
Risk-Aware Regime Switching,8605,99.10351518827862
Risk-Aware Regime Switching,8606,117.11979836291653
Risk-Aware Regime Switching,8607,112.0517279187039
Risk-Aware Regime Switching,8608,99.14496746435113
Risk-Aware Regime Switching,8609,83.19650988315608
Risk-Aware Regime Switching,8610,61.08532418646215
Risk-Aware Regime Switching,8611,73.96345883107705
Risk-Aware Regime Switching,8612,82.4976114599269
Risk-Aware Regime Switching,8613,67.52752880389909
Risk-Aware Regime Switching,8614,67.36656165364789
Risk-Aware Regime Switching,8615,71.38056719185111
Risk-Aware Regime Switching,8616,130.17287814713126
Risk-Aware Regime Switching,8617,73.23732458348272
Risk-Aware Regime Switching,8618,85.67201377626326
Risk-Aware Regime Switching,8619,96.5031384683786
Risk-Aware Regime Switching,8620,96.21029746819684
Risk-Aware Regime Switching,8621,65.09511728689894
Risk-Aware Regime Switching,8622,76.9162828015205
Risk-Aware Regime Switching,8623,158.56848177324346
Risk-Aware Regime Switching,8624,90.41845337316047
Risk-Aware Regime Switching,8625,98.1723699248121
Risk-Aware Regime Switching,8626,138.315545659187
Risk-Aware Regime Switching,8627,122.24009347410801
Risk-Aware Regime Switching,8628,98.90002340236289
Risk-Aware Regime Switching,8629,61.69208944219115
Risk-Aware Regime Switching,8630,90.69086317672992
Risk-Aware Regime Switching,8631,122.2352395516985
Risk-Aware Regime Switching,8632,101.7793789610169
Risk-Aware Regime Switching,8633,119.61682456055681
Risk-Aware Regime Switching,8634,90.53742552286079
Risk-Aware Regime Switching,8635,100.04344790281165
Risk-Aware Regime Switching,8636,106.3539011874437
Risk-Aware Regime Switching,8637,97.88900654618186
Risk-Aware Regime Switching,8638,105.4905571329193
Risk-Aware Regime Switching,8639,95.92068941201298
Risk-Aware Regime Switching,8640,107.13862695834362
Risk-Aware Regime Switching,8641,80.95382341693814
Risk-Aware Regime Switching,8642,133.22461549031667
Risk-Aware Regime Switching,8643,97.85826076172216
Risk-Aware Regime Switching,8644,135.70656484454747
Risk-Aware Regime Switching,8645,69.78652129518635
Risk-Aware Regime Switching,8646,152.01881840243504
Risk-Aware Regime Switching,8647,80.16671327517683
Risk-Aware Regime Switching,8648,96.16345458294965
Risk-Aware Regime Switching,8649,87.79529331043663
Risk-Aware Regime Switching,8650,76.01309018584573
Risk-Aware Regime Switching,8651,98.98917828837716
Risk-Aware Regime Switching,8652,83.22671828327417
Risk-Aware Regime Switching,8653,139.22148671237508
Risk-Aware Regime Switching,8654,112.39463220539771
Risk-Aware Regime Switching,8655,117.19891439078019
Risk-Aware Regime Switching,8656,77.02276038326931
Risk-Aware Regime Switching,8657,82.94070388367871
Risk-Aware Regime Switching,8658,106.56728652124133
Risk-Aware Regime Switching,8659,139.50904505329962
Risk-Aware Regime Switching,8660,134.35190697691363
Risk-Aware Regime Switching,8661,91.90237637399886
Risk-Aware Regime Switching,8662,78.88454439625052
Risk-Aware Regime Switching,8663,80.03952393865382
Risk-Aware Regime Switching,8664,129.241199540536
Risk-Aware Regime Switching,8665,86.01144389948315
Risk-Aware Regime Switching,8666,78.22510682400878
Risk-Aware Regime Switching,8667,131.96559822770251
Risk-Aware Regime Switching,8668,115.31480933055147
Risk-Aware Regime Switching,8669,85.95372819973896
Risk-Aware Regime Switching,8670,77.95829253248702
Risk-Aware Regime Switching,8671,71.54231827562248
Risk-Aware Regime Switching,8672,122.90293289918861
Risk-Aware Regime Switching,8673,123.97519028690434
Risk-Aware Regime Switching,8674,68.2175581817183
Risk-Aware Regime Switching,8675,91.01288531682324
Risk-Aware Regime Switching,8676,108.2049923793317
Risk-Aware Regime Switching,8677,94.5640516461898
Risk-Aware Regime Switching,8678,134.02924176983802
Risk-Aware Regime Switching,8679,150.229880839295
Risk-Aware Regime Switching,8680,92.20480952387558
Risk-Aware Regime Switching,8681,82.73830277184078
Risk-Aware Regime Switching,8682,104.38413364559864
Risk-Aware Regime Switching,8683,90.79032054267428
Risk-Aware Regime Switching,8684,78.03996197067048
Risk-Aware Regime Switching,8685,91.22403519447808
Risk-Aware Regime Switching,8686,139.89634579934915
Risk-Aware Regime Switching,8687,62.532506658457706
Risk-Aware Regime Switching,8688,95.74790106384862
Risk-Aware Regime Switching,8689,101.56022142080923
Risk-Aware Regime Switching,8690,56.911101096944826
Risk-Aware Regime Switching,8691,125.7925551859651
Risk-Aware Regime Switching,8692,93.60835479760718
Risk-Aware Regime Switching,8693,86.01473519047445
Risk-Aware Regime Switching,8694,71.20895774820582
Risk-Aware Regime Switching,8695,107.42224145475048
Risk-Aware Regime Switching,8696,98.81083275205955
Risk-Aware Regime Switching,8697,96.87089823997212
Risk-Aware Regime Switching,8698,72.16741645843706
Risk-Aware Regime Switching,8699,85.65285245932687
Risk-Aware Regime Switching,8700,82.52696467038247
Risk-Aware Regime Switching,8701,64.73709879374296
Risk-Aware Regime Switching,8702,79.28389089438072
Risk-Aware Regime Switching,8703,74.04282968590158
Risk-Aware Regime Switching,8704,71.84038443445193
Risk-Aware Regime Switching,8705,66.91476823841676
Risk-Aware Regime Switching,8706,93.0698099874733
Risk-Aware Regime Switching,8707,117.6254991880559
Risk-Aware Regime Switching,8708,91.05246140214436
Risk-Aware Regime Switching,8709,93.7484746567793
Risk-Aware Regime Switching,8710,103.24938650177717
Risk-Aware Regime Switching,8711,85.62820318063159
Risk-Aware Regime Switching,8712,87.09351394717355
Risk-Aware Regime Switching,8713,80.65729282377785
Risk-Aware Regime Switching,8714,135.58965347783817
Risk-Aware Regime Switching,8715,129.48179629879584
Risk-Aware Regime Switching,8716,112.18190333556628
Risk-Aware Regime Switching,8717,71.91351255929439
Risk-Aware Regime Switching,8718,93.66821266229864
Risk-Aware Regime Switching,8719,95.74316278613072
Risk-Aware Regime Switching,8720,104.51450396708208
Risk-Aware Regime Switching,8721,91.65473295974215
Risk-Aware Regime Switching,8722,87.00255737861028
Risk-Aware Regime Switching,8723,96.68787619876208
Risk-Aware Regime Switching,8724,87.82937973137153
Risk-Aware Regime Switching,8725,112.70649746843513
Risk-Aware Regime Switching,8726,87.27566520784048
Risk-Aware Regime Switching,8727,88.35162739663946
Risk-Aware Regime Switching,8728,106.71951464027019
Risk-Aware Regime Switching,8729,90.20409558871313
Risk-Aware Regime Switching,8730,80.3629244792668
Risk-Aware Regime Switching,8731,114.3400926919491
Risk-Aware Regime Switching,8732,105.50016209898618
Risk-Aware Regime Switching,8733,121.12716450028249
Risk-Aware Regime Switching,8734,115.06309455035544
Risk-Aware Regime Switching,8735,108.5448835349192
Risk-Aware Regime Switching,8736,100.23051650512696
Risk-Aware Regime Switching,8737,81.35194210327984
Risk-Aware Regime Switching,8738,78.01937902569803
Risk-Aware Regime Switching,8739,73.30726179073696
Risk-Aware Regime Switching,8740,51.43951879717892
Risk-Aware Regime Switching,8741,155.45915941634595
Risk-Aware Regime Switching,8742,63.06864821620337
Risk-Aware Regime Switching,8743,120.34784862351628
Risk-Aware Regime Switching,8744,84.584956351699
Risk-Aware Regime Switching,8745,124.25297205663826
Risk-Aware Regime Switching,8746,89.74142649008171
Risk-Aware Regime Switching,8747,98.3741476770644
Risk-Aware Regime Switching,8748,97.54652997801985
Risk-Aware Regime Switching,8749,89.6972018782657
Risk-Aware Regime Switching,8750,79.07113193502597
Risk-Aware Regime Switching,8751,113.83738002931496
Risk-Aware Regime Switching,8752,100.48753916575903
Risk-Aware Regime Switching,8753,96.65134821029908
Risk-Aware Regime Switching,8754,82.25825101339628
Risk-Aware Regime Switching,8755,86.82664746590783
Risk-Aware Regime Switching,8756,75.5798288151444
Risk-Aware Regime Switching,8757,79.88799341977618
Risk-Aware Regime Switching,8758,64.61896012713424
Risk-Aware Regime Switching,8759,67.96510338351196
Risk-Aware Regime Switching,8760,145.4492919654316
Risk-Aware Regime Switching,8761,111.30700901339279
Risk-Aware Regime Switching,8762,95.51134855744269
Risk-Aware Regime Switching,8763,102.07700632591195
Risk-Aware Regime Switching,8764,96.70207208541355
Risk-Aware Regime Switching,8765,101.65756811233129
Risk-Aware Regime Switching,8766,151.36816812930815
Risk-Aware Regime Switching,8767,72.17483546864923
Risk-Aware Regime Switching,8768,103.20610347974866
Risk-Aware Regime Switching,8769,82.22733784621272
Risk-Aware Regime Switching,8770,127.77681661288862
Risk-Aware Regime Switching,8771,71.21705309969664
Risk-Aware Regime Switching,8772,87.3580134704449
Risk-Aware Regime Switching,8773,132.74001740501902
Risk-Aware Regime Switching,8774,105.72454417296258
Risk-Aware Regime Switching,8775,74.68125430909457
Risk-Aware Regime Switching,8776,59.850405872512745
Risk-Aware Regime Switching,8777,122.66135825740396
Risk-Aware Regime Switching,8778,91.88837398175389
Risk-Aware Regime Switching,8779,98.94179368776307
Risk-Aware Regime Switching,8780,129.30419412145062
Risk-Aware Regime Switching,8781,106.24244076783533
Risk-Aware Regime Switching,8782,129.54353628986019
Risk-Aware Regime Switching,8783,92.60377417982926
Risk-Aware Regime Switching,8784,114.53186611542468
Risk-Aware Regime Switching,8785,98.71752758513475
Risk-Aware Regime Switching,8786,95.40978994473484
Risk-Aware Regime Switching,8787,77.39023524315752
Risk-Aware Regime Switching,8788,143.10702894952075
Risk-Aware Regime Switching,8789,189.44105171987252
Risk-Aware Regime Switching,8790,89.21974834107075
Risk-Aware Regime Switching,8791,89.83156698726347
Risk-Aware Regime Switching,8792,95.57753326923539
Risk-Aware Regime Switching,8793,66.99330551868876
Risk-Aware Regime Switching,8794,103.1553605096922
Risk-Aware Regime Switching,8795,95.90337773028396
Risk-Aware Regime Switching,8796,108.02025404578579
Risk-Aware Regime Switching,8797,81.23348994953594
Risk-Aware Regime Switching,8798,98.63813696053234
Risk-Aware Regime Switching,8799,98.15357040619013
Risk-Aware Regime Switching,8800,101.4590213067248
Risk-Aware Regime Switching,8801,73.42787078332542
Risk-Aware Regime Switching,8802,63.51680284585666
Risk-Aware Regime Switching,8803,107.60341498556893
Risk-Aware Regime Switching,8804,89.43212157819748
Risk-Aware Regime Switching,8805,72.09585631618455
Risk-Aware Regime Switching,8806,74.77139680293216
Risk-Aware Regime Switching,8807,82.47986068451803
Risk-Aware Regime Switching,8808,100.21133469581906
Risk-Aware Regime Switching,8809,85.97849317502532
Risk-Aware Regime Switching,8810,88.54875833943042
Risk-Aware Regime Switching,8811,97.03102621455002
Risk-Aware Regime Switching,8812,86.56954153848109
Risk-Aware Regime Switching,8813,100.9956618563844
Risk-Aware Regime Switching,8814,94.22738174767207
Risk-Aware Regime Switching,8815,109.6190721076424
Risk-Aware Regime Switching,8816,73.20809732344557
Risk-Aware Regime Switching,8817,127.70130320433795
Risk-Aware Regime Switching,8818,80.25594447168679
Risk-Aware Regime Switching,8819,136.97305549705519
Risk-Aware Regime Switching,8820,86.2528029899047
Risk-Aware Regime Switching,8821,90.63630440846877
Risk-Aware Regime Switching,8822,93.3365122739528
Risk-Aware Regime Switching,8823,100.23143159600036
Risk-Aware Regime Switching,8824,168.43643971269339
Risk-Aware Regime Switching,8825,74.00919498344662
Risk-Aware Regime Switching,8826,106.45410713413692
Risk-Aware Regime Switching,8827,92.2505390481722
Risk-Aware Regime Switching,8828,100.46656244259754
Risk-Aware Regime Switching,8829,124.63451992650603
Risk-Aware Regime Switching,8830,114.46362561225402
Risk-Aware Regime Switching,8831,86.57954949645438
Risk-Aware Regime Switching,8832,127.88248495780886
Risk-Aware Regime Switching,8833,83.90006150694171
Risk-Aware Regime Switching,8834,70.78502174722578
Risk-Aware Regime Switching,8835,92.5767060738101
Risk-Aware Regime Switching,8836,98.28591380035564
Risk-Aware Regime Switching,8837,91.65488793966713
Risk-Aware Regime Switching,8838,66.81106354682505
Risk-Aware Regime Switching,8839,67.6026688377919
Risk-Aware Regime Switching,8840,92.51752241408083
Risk-Aware Regime Switching,8841,85.57412209659056
Risk-Aware Regime Switching,8842,142.3003069422251
Risk-Aware Regime Switching,8843,75.84713254905354
Risk-Aware Regime Switching,8844,124.94321832673269
Risk-Aware Regime Switching,8845,151.27215196545595
Risk-Aware Regime Switching,8846,65.07993671485477
Risk-Aware Regime Switching,8847,86.70617045915685
Risk-Aware Regime Switching,8848,124.3255386309352
Risk-Aware Regime Switching,8849,78.2186537623541
Risk-Aware Regime Switching,8850,97.9921727373605
Risk-Aware Regime Switching,8851,89.85374917765273
Risk-Aware Regime Switching,8852,114.24673198990276
Risk-Aware Regime Switching,8853,88.12258354186655
Risk-Aware Regime Switching,8854,139.54703979609243
Risk-Aware Regime Switching,8855,126.248373617568
Risk-Aware Regime Switching,8856,152.6434160543845
Risk-Aware Regime Switching,8857,111.70174665861208
Risk-Aware Regime Switching,8858,87.2463150104125
Risk-Aware Regime Switching,8859,104.10210548879328
Risk-Aware Regime Switching,8860,103.65332847385098
Risk-Aware Regime Switching,8861,137.01868751828198
Risk-Aware Regime Switching,8862,110.16004276519223
Risk-Aware Regime Switching,8863,101.77884071069742
Risk-Aware Regime Switching,8864,134.68914822240598
Risk-Aware Regime Switching,8865,85.86652251895822
Risk-Aware Regime Switching,8866,121.53232860684429
Risk-Aware Regime Switching,8867,84.34625454482928
Risk-Aware Regime Switching,8868,84.5607240358015
Risk-Aware Regime Switching,8869,97.5681621299419
Risk-Aware Regime Switching,8870,102.52279531951866
Risk-Aware Regime Switching,8871,119.40620041170487
Risk-Aware Regime Switching,8872,126.24414495617798
Risk-Aware Regime Switching,8873,129.33743143536577
Risk-Aware Regime Switching,8874,158.89318962977157
Risk-Aware Regime Switching,8875,82.01008885492843
Risk-Aware Regime Switching,8876,95.92944759401163
Risk-Aware Regime Switching,8877,107.76267228219805
Risk-Aware Regime Switching,8878,108.6865080661457
Risk-Aware Regime Switching,8879,111.461161129745
Risk-Aware Regime Switching,8880,77.10904515082295
Risk-Aware Regime Switching,8881,66.24564126875812
Risk-Aware Regime Switching,8882,90.23895582006071
Risk-Aware Regime Switching,8883,88.4260513003005
Risk-Aware Regime Switching,8884,99.27154801509084
Risk-Aware Regime Switching,8885,68.91982196541544
Risk-Aware Regime Switching,8886,129.07090187887513
Risk-Aware Regime Switching,8887,97.44070409566312
Risk-Aware Regime Switching,8888,115.7723679680098
Risk-Aware Regime Switching,8889,128.49341614678116
Risk-Aware Regime Switching,8890,89.5583938027817
Risk-Aware Regime Switching,8891,75.31161533149213
Risk-Aware Regime Switching,8892,86.33839445051312
Risk-Aware Regime Switching,8893,87.69432089652656
Risk-Aware Regime Switching,8894,67.9170319974227
Risk-Aware Regime Switching,8895,90.8258727976679
Risk-Aware Regime Switching,8896,93.47837467059976
Risk-Aware Regime Switching,8897,82.90767891042915
Risk-Aware Regime Switching,8898,107.75388506149166
Risk-Aware Regime Switching,8899,135.2825844827001
Risk-Aware Regime Switching,8900,97.03562583790078
Risk-Aware Regime Switching,8901,99.45099037737722
Risk-Aware Regime Switching,8902,89.69910900181603
Risk-Aware Regime Switching,8903,142.28816743937452
Risk-Aware Regime Switching,8904,70.86778084430205
Risk-Aware Regime Switching,8905,158.77353640455482
Risk-Aware Regime Switching,8906,102.03829032315255
Risk-Aware Regime Switching,8907,58.982735496211845
Risk-Aware Regime Switching,8908,73.4273350856463
Risk-Aware Regime Switching,8909,87.72580505009911
Risk-Aware Regime Switching,8910,132.4500497305407
Risk-Aware Regime Switching,8911,96.44599022280357
Risk-Aware Regime Switching,8912,106.87926508617056
Risk-Aware Regime Switching,8913,110.06207771840144
Risk-Aware Regime Switching,8914,69.58562877819136
Risk-Aware Regime Switching,8915,60.22572600389834
Risk-Aware Regime Switching,8916,118.45645245873959
Risk-Aware Regime Switching,8917,64.18908104106904
Risk-Aware Regime Switching,8918,96.48010143247076
Risk-Aware Regime Switching,8919,147.02632170610818
Risk-Aware Regime Switching,8920,107.11710764256534
Risk-Aware Regime Switching,8921,91.33016600991837
Risk-Aware Regime Switching,8922,125.90247209955562
Risk-Aware Regime Switching,8923,81.13164969472577
Risk-Aware Regime Switching,8924,95.292553930362
Risk-Aware Regime Switching,8925,133.17752724374913
Risk-Aware Regime Switching,8926,106.86532470641117
Risk-Aware Regime Switching,8927,100.22719158192821
Risk-Aware Regime Switching,8928,79.1831189624204
Risk-Aware Regime Switching,8929,75.16638635155147
Risk-Aware Regime Switching,8930,108.18917515856366
Risk-Aware Regime Switching,8931,84.92752422468561
Risk-Aware Regime Switching,8932,148.7151629280118
Risk-Aware Regime Switching,8933,83.59635668249037
Risk-Aware Regime Switching,8934,91.09780565179524
Risk-Aware Regime Switching,8935,129.38611076954734
Risk-Aware Regime Switching,8936,123.43467598627652
Risk-Aware Regime Switching,8937,94.17079694468399
Risk-Aware Regime Switching,8938,128.16048566732061
Risk-Aware Regime Switching,8939,111.98136370268847
Risk-Aware Regime Switching,8940,56.564046129177314
Risk-Aware Regime Switching,8941,76.30117681124409
Risk-Aware Regime Switching,8942,130.9214500371245
Risk-Aware Regime Switching,8943,115.12584051977765
Risk-Aware Regime Switching,8944,137.0718199502424
Risk-Aware Regime Switching,8945,116.69891840600334
Risk-Aware Regime Switching,8946,117.10865818568669
Risk-Aware Regime Switching,8947,142.5286141854249
Risk-Aware Regime Switching,8948,57.54733646586252
Risk-Aware Regime Switching,8949,112.27121169527013
Risk-Aware Regime Switching,8950,83.75040358184854
Risk-Aware Regime Switching,8951,103.58975758540943
Risk-Aware Regime Switching,8952,95.82561023258576
Risk-Aware Regime Switching,8953,93.15518024364053
Risk-Aware Regime Switching,8954,92.05766675130927
Risk-Aware Regime Switching,8955,107.14699590369968
Risk-Aware Regime Switching,8956,49.367503859398845
Risk-Aware Regime Switching,8957,98.0058510106652
Risk-Aware Regime Switching,8958,83.32839194055424
Risk-Aware Regime Switching,8959,112.06165905360706
Risk-Aware Regime Switching,8960,99.46162384457058
Risk-Aware Regime Switching,8961,72.1489436883347
Risk-Aware Regime Switching,8962,94.27540904305468
Risk-Aware Regime Switching,8963,89.8963928034798
Risk-Aware Regime Switching,8964,108.7317928021959
Risk-Aware Regime Switching,8965,73.79003488350556
Risk-Aware Regime Switching,8966,132.51211720477505
Risk-Aware Regime Switching,8967,148.7662336377706
Risk-Aware Regime Switching,8968,102.88333895844085
Risk-Aware Regime Switching,8969,74.42411390124141
Risk-Aware Regime Switching,8970,95.2473617826569
Risk-Aware Regime Switching,8971,71.52498278801109
Risk-Aware Regime Switching,8972,90.259318405643
Risk-Aware Regime Switching,8973,158.2188143365142
Risk-Aware Regime Switching,8974,64.36988791964679
Risk-Aware Regime Switching,8975,89.07114374144977
Risk-Aware Regime Switching,8976,101.23676568360037
Risk-Aware Regime Switching,8977,74.50371300015306
Risk-Aware Regime Switching,8978,126.86062593076524
Risk-Aware Regime Switching,8979,113.22509313358637
Risk-Aware Regime Switching,8980,108.10471179739145
Risk-Aware Regime Switching,8981,138.56109439894243
Risk-Aware Regime Switching,8982,133.10097834318287
Risk-Aware Regime Switching,8983,102.32760166792984
Risk-Aware Regime Switching,8984,121.53205425085072
Risk-Aware Regime Switching,8985,65.29514090083197
Risk-Aware Regime Switching,8986,78.03922726680041
Risk-Aware Regime Switching,8987,88.52665326479371
Risk-Aware Regime Switching,8988,64.62926956157679
Risk-Aware Regime Switching,8989,146.45393332310192
Risk-Aware Regime Switching,8990,84.65320307052635
Risk-Aware Regime Switching,8991,99.3714446352521
Risk-Aware Regime Switching,8992,94.65616780443273
Risk-Aware Regime Switching,8993,130.47210306528999
Risk-Aware Regime Switching,8994,102.76825069754621
Risk-Aware Regime Switching,8995,90.05598638382372
Risk-Aware Regime Switching,8996,57.83461662659596
Risk-Aware Regime Switching,8997,93.4234944108214
Risk-Aware Regime Switching,8998,129.3105190552744
Risk-Aware Regime Switching,8999,99.81340996101902
Risk-Aware Regime Switching,9000,100.74508177658281
Risk-Aware Regime Switching,9001,68.73216645337963
Risk-Aware Regime Switching,9002,95.89706977110615
Risk-Aware Regime Switching,9003,119.26534167553275
Risk-Aware Regime Switching,9004,103.51976569890967
Risk-Aware Regime Switching,9005,83.62307504168568
Risk-Aware Regime Switching,9006,142.25362782552196
Risk-Aware Regime Switching,9007,146.669556144432
Risk-Aware Regime Switching,9008,99.01600891427832
Risk-Aware Regime Switching,9009,100.94771786040278
Risk-Aware Regime Switching,9010,90.87252320104392
Risk-Aware Regime Switching,9011,81.60156128871385
Risk-Aware Regime Switching,9012,102.52399432251921
Risk-Aware Regime Switching,9013,55.83780465205446
Risk-Aware Regime Switching,9014,90.02191462822383
Risk-Aware Regime Switching,9015,109.54573412946998
Risk-Aware Regime Switching,9016,77.4640841818769
Risk-Aware Regime Switching,9017,93.20671289944227
Risk-Aware Regime Switching,9018,73.01331674188411
Risk-Aware Regime Switching,9019,91.19115322971493
Risk-Aware Regime Switching,9020,85.14934339268252
Risk-Aware Regime Switching,9021,121.92606666437113
Risk-Aware Regime Switching,9022,103.46382938007007
Risk-Aware Regime Switching,9023,118.40330040512521
Risk-Aware Regime Switching,9024,96.06313411606412
Risk-Aware Regime Switching,9025,56.365079045431834
Risk-Aware Regime Switching,9026,84.71847521190696
Risk-Aware Regime Switching,9027,132.99146028934803
Risk-Aware Regime Switching,9028,61.77640163523741
Risk-Aware Regime Switching,9029,86.76694756024827
Risk-Aware Regime Switching,9030,105.83134509120111
Risk-Aware Regime Switching,9031,135.13198122429375
Risk-Aware Regime Switching,9032,73.20175003254553
Risk-Aware Regime Switching,9033,122.99784381774634
Risk-Aware Regime Switching,9034,94.55631871843968
Risk-Aware Regime Switching,9035,105.89111966723046
Risk-Aware Regime Switching,9036,56.64035921023917
Risk-Aware Regime Switching,9037,120.30853985600972
Risk-Aware Regime Switching,9038,93.0972955222516
Risk-Aware Regime Switching,9039,81.5865794051586
Risk-Aware Regime Switching,9040,93.83227976525619
Risk-Aware Regime Switching,9041,84.01577986189426
Risk-Aware Regime Switching,9042,107.79148537926726
Risk-Aware Regime Switching,9043,147.81527830555092
Risk-Aware Regime Switching,9044,75.98428020737079
Risk-Aware Regime Switching,9045,119.98597390428505
Risk-Aware Regime Switching,9046,85.14514575092157
Risk-Aware Regime Switching,9047,77.45806375996477
Risk-Aware Regime Switching,9048,101.02404421596151
Risk-Aware Regime Switching,9049,82.35186525474009
Risk-Aware Regime Switching,9050,97.77739417536793
Risk-Aware Regime Switching,9051,87.98677791353434
Risk-Aware Regime Switching,9052,116.87414171287142
Risk-Aware Regime Switching,9053,87.28455249229235
Risk-Aware Regime Switching,9054,87.28820908855856
Risk-Aware Regime Switching,9055,122.4775155347504
Risk-Aware Regime Switching,9056,199.38547139346005
Risk-Aware Regime Switching,9057,104.53892030790657
Risk-Aware Regime Switching,9058,85.3305565223019
Risk-Aware Regime Switching,9059,111.73658518673841
Risk-Aware Regime Switching,9060,81.00356994919682
Risk-Aware Regime Switching,9061,76.60036154025242
Risk-Aware Regime Switching,9062,77.32389752217678
Risk-Aware Regime Switching,9063,92.97000156837025
Risk-Aware Regime Switching,9064,93.06900702975578
Risk-Aware Regime Switching,9065,106.22056612127201
Risk-Aware Regime Switching,9066,64.89789696488614
Risk-Aware Regime Switching,9067,87.5231361280693
Risk-Aware Regime Switching,9068,95.40107288516282
Risk-Aware Regime Switching,9069,171.15878840974398
Risk-Aware Regime Switching,9070,71.54526789290982
Risk-Aware Regime Switching,9071,95.58623156195179
Risk-Aware Regime Switching,9072,106.72344715790784
Risk-Aware Regime Switching,9073,122.00084248924719
Risk-Aware Regime Switching,9074,112.91539669659585
Risk-Aware Regime Switching,9075,131.4786392620114
Risk-Aware Regime Switching,9076,105.15256774693
Risk-Aware Regime Switching,9077,132.30584095718538
Risk-Aware Regime Switching,9078,86.2915883811139
Risk-Aware Regime Switching,9079,92.57663950950872
Risk-Aware Regime Switching,9080,90.54873040257688
Risk-Aware Regime Switching,9081,144.19077729476783
Risk-Aware Regime Switching,9082,105.09541775447924
Risk-Aware Regime Switching,9083,87.77740733398312
Risk-Aware Regime Switching,9084,122.17482021545838
Risk-Aware Regime Switching,9085,50.895420104364206
Risk-Aware Regime Switching,9086,137.43215214793278
Risk-Aware Regime Switching,9087,95.66960341232087
Risk-Aware Regime Switching,9088,78.73284428434822
Risk-Aware Regime Switching,9089,120.7834221061687
Risk-Aware Regime Switching,9090,95.28582730834444
Risk-Aware Regime Switching,9091,98.65022668861162
Risk-Aware Regime Switching,9092,109.19998791549028
Risk-Aware Regime Switching,9093,80.9121235037808
Risk-Aware Regime Switching,9094,64.60821660585779
Risk-Aware Regime Switching,9095,108.25260008620587
Risk-Aware Regime Switching,9096,67.15171947921031
Risk-Aware Regime Switching,9097,74.64823276312175
Risk-Aware Regime Switching,9098,107.90880572067209
Risk-Aware Regime Switching,9099,78.44994334769255
Risk-Aware Regime Switching,9100,119.11354160526511
Risk-Aware Regime Switching,9101,132.79680583832555
Risk-Aware Regime Switching,9102,117.83832819242204
Risk-Aware Regime Switching,9103,77.27822364997724
Risk-Aware Regime Switching,9104,95.25000817729251
Risk-Aware Regime Switching,9105,118.79903549457758
Risk-Aware Regime Switching,9106,74.11704302869848
Risk-Aware Regime Switching,9107,148.57117579657668
Risk-Aware Regime Switching,9108,89.37262396562608
Risk-Aware Regime Switching,9109,108.89069110371523
Risk-Aware Regime Switching,9110,102.52622253031014
Risk-Aware Regime Switching,9111,103.9964602313181
Risk-Aware Regime Switching,9112,70.14334184831995
Risk-Aware Regime Switching,9113,120.7279342791477
Risk-Aware Regime Switching,9114,81.38715845384276
Risk-Aware Regime Switching,9115,71.6276879605133
Risk-Aware Regime Switching,9116,50.95998215736647
Risk-Aware Regime Switching,9117,117.37865412610779
Risk-Aware Regime Switching,9118,108.11525914918074
Risk-Aware Regime Switching,9119,104.4938063872147
Risk-Aware Regime Switching,9120,104.73602851983819
Risk-Aware Regime Switching,9121,99.88651510668105
Risk-Aware Regime Switching,9122,124.31725290081734
Risk-Aware Regime Switching,9123,120.17174686412184
Risk-Aware Regime Switching,9124,67.81549933366546
Risk-Aware Regime Switching,9125,81.78508749244664
Risk-Aware Regime Switching,9126,103.49867890954714
Risk-Aware Regime Switching,9127,56.17905242695075
Risk-Aware Regime Switching,9128,53.550892575293766
Risk-Aware Regime Switching,9129,81.9026561319964
Risk-Aware Regime Switching,9130,93.85164044205908
Risk-Aware Regime Switching,9131,167.94100568752032
Risk-Aware Regime Switching,9132,78.01242500265727
Risk-Aware Regime Switching,9133,77.11737208161004
Risk-Aware Regime Switching,9134,154.79530176641777
Risk-Aware Regime Switching,9135,115.23807035422963
Risk-Aware Regime Switching,9136,127.91452178897389
Risk-Aware Regime Switching,9137,93.41222834695034
Risk-Aware Regime Switching,9138,141.5833668854324
Risk-Aware Regime Switching,9139,153.83429712606633
Risk-Aware Regime Switching,9140,93.47771963068662
Risk-Aware Regime Switching,9141,65.02503706296928
Risk-Aware Regime Switching,9142,82.75564008615875
Risk-Aware Regime Switching,9143,111.84620163944854
Risk-Aware Regime Switching,9144,135.9321729898448
Risk-Aware Regime Switching,9145,105.77252555412491
Risk-Aware Regime Switching,9146,163.58673867469133
Risk-Aware Regime Switching,9147,103.38078274685971
Risk-Aware Regime Switching,9148,85.44922657864183
Risk-Aware Regime Switching,9149,91.9546251529686
Risk-Aware Regime Switching,9150,133.51102420507232
Risk-Aware Regime Switching,9151,72.07160591126865
Risk-Aware Regime Switching,9152,117.83609690667731
Risk-Aware Regime Switching,9153,112.01178739087531
Risk-Aware Regime Switching,9154,94.3362324178596
Risk-Aware Regime Switching,9155,94.88916929904127
Risk-Aware Regime Switching,9156,102.34367181114156
Risk-Aware Regime Switching,9157,74.64515456444742
Risk-Aware Regime Switching,9158,96.14813137766572
Risk-Aware Regime Switching,9159,78.10722739856894
Risk-Aware Regime Switching,9160,162.2256805594316
Risk-Aware Regime Switching,9161,118.1414105713922
Risk-Aware Regime Switching,9162,94.63100118025525
Risk-Aware Regime Switching,9163,134.86357991897563
Risk-Aware Regime Switching,9164,126.89701851364725
Risk-Aware Regime Switching,9165,80.12642160814394
Risk-Aware Regime Switching,9166,108.59290137950117
Risk-Aware Regime Switching,9167,101.58810713101731
Risk-Aware Regime Switching,9168,82.00863297983157
Risk-Aware Regime Switching,9169,80.39549928743008
Risk-Aware Regime Switching,9170,85.90624320159375
Risk-Aware Regime Switching,9171,117.26993459781534
Risk-Aware Regime Switching,9172,136.1789396572835
Risk-Aware Regime Switching,9173,117.37944127932369
Risk-Aware Regime Switching,9174,105.85070095650366
Risk-Aware Regime Switching,9175,108.93723617044306
Risk-Aware Regime Switching,9176,139.27471560827902
Risk-Aware Regime Switching,9177,100.12274324264877
Risk-Aware Regime Switching,9178,79.31092547667517
Risk-Aware Regime Switching,9179,89.11502581982525
Risk-Aware Regime Switching,9180,118.78438048015954
Risk-Aware Regime Switching,9181,80.00249911668497
Risk-Aware Regime Switching,9182,109.3338383781988
Risk-Aware Regime Switching,9183,106.4747487798073
Risk-Aware Regime Switching,9184,91.11560857082193
Risk-Aware Regime Switching,9185,149.18422616668923
Risk-Aware Regime Switching,9186,67.36967264003339
Risk-Aware Regime Switching,9187,87.94947899140084
Risk-Aware Regime Switching,9188,105.47061338479074
Risk-Aware Regime Switching,9189,63.86374852123412
Risk-Aware Regime Switching,9190,132.43658504003756
Risk-Aware Regime Switching,9191,96.2628057381732
Risk-Aware Regime Switching,9192,123.94806643064406
Risk-Aware Regime Switching,9193,109.18439179183925
Risk-Aware Regime Switching,9194,73.51585056784015
Risk-Aware Regime Switching,9195,68.45325851960499
Risk-Aware Regime Switching,9196,107.45162104805314
Risk-Aware Regime Switching,9197,75.88249671631328
Risk-Aware Regime Switching,9198,85.79251987336127
Risk-Aware Regime Switching,9199,128.7255619457123
Risk-Aware Regime Switching,9200,132.7992360660684
Risk-Aware Regime Switching,9201,147.24552574626398
Risk-Aware Regime Switching,9202,90.71939318687232
Risk-Aware Regime Switching,9203,60.25967651043804
Risk-Aware Regime Switching,9204,123.42891779662517
Risk-Aware Regime Switching,9205,93.6113721618111
Risk-Aware Regime Switching,9206,95.93948649835178
Risk-Aware Regime Switching,9207,80.03417112587589
Risk-Aware Regime Switching,9208,113.60588700423267
Risk-Aware Regime Switching,9209,83.4814895105095
Risk-Aware Regime Switching,9210,90.31443361337081
Risk-Aware Regime Switching,9211,119.76680421913122
Risk-Aware Regime Switching,9212,75.86351744098644
Risk-Aware Regime Switching,9213,80.77492472089773
Risk-Aware Regime Switching,9214,84.3108339741386
Risk-Aware Regime Switching,9215,118.57356469304077
Risk-Aware Regime Switching,9216,115.09391575935608
Risk-Aware Regime Switching,9217,94.73216881908944
Risk-Aware Regime Switching,9218,80.04387541968416
Risk-Aware Regime Switching,9219,108.62463578164596
Risk-Aware Regime Switching,9220,103.91679495829973
Risk-Aware Regime Switching,9221,99.17511153959995
Risk-Aware Regime Switching,9222,63.66882042442883
Risk-Aware Regime Switching,9223,86.11124673267689
Risk-Aware Regime Switching,9224,64.69152857650336
Risk-Aware Regime Switching,9225,95.82717575024398
Risk-Aware Regime Switching,9226,123.89280770235543
Risk-Aware Regime Switching,9227,109.26091636163959
Risk-Aware Regime Switching,9228,151.36648433270648
Risk-Aware Regime Switching,9229,78.62582968170474
Risk-Aware Regime Switching,9230,130.1286666421899
Risk-Aware Regime Switching,9231,88.46196061184041
Risk-Aware Regime Switching,9232,139.22705170975482
Risk-Aware Regime Switching,9233,81.17526236571933
Risk-Aware Regime Switching,9234,98.18776196010735
Risk-Aware Regime Switching,9235,114.54545880156057
Risk-Aware Regime Switching,9236,74.66462312454277
Risk-Aware Regime Switching,9237,111.82719499091567
Risk-Aware Regime Switching,9238,74.03182129899176
Risk-Aware Regime Switching,9239,74.20840889548587
Risk-Aware Regime Switching,9240,85.25614468499124
Risk-Aware Regime Switching,9241,63.868147820167195
Risk-Aware Regime Switching,9242,81.02019421169354
Risk-Aware Regime Switching,9243,133.14454732473186
Risk-Aware Regime Switching,9244,102.63610630694333
Risk-Aware Regime Switching,9245,92.54056574878908
Risk-Aware Regime Switching,9246,127.27183101951366
Risk-Aware Regime Switching,9247,71.13584392629718
Risk-Aware Regime Switching,9248,105.22833250372415
Risk-Aware Regime Switching,9249,81.71058924581249
Risk-Aware Regime Switching,9250,166.42948590757777
Risk-Aware Regime Switching,9251,123.65859328437855
Risk-Aware Regime Switching,9252,111.28575402646435
Risk-Aware Regime Switching,9253,119.77773496559566
Risk-Aware Regime Switching,9254,100.66654120727947
Risk-Aware Regime Switching,9255,61.43976687532498
Risk-Aware Regime Switching,9256,92.59908072477974
Risk-Aware Regime Switching,9257,160.3265289599222
Risk-Aware Regime Switching,9258,132.10440983231368
Risk-Aware Regime Switching,9259,83.45571598194242
Risk-Aware Regime Switching,9260,125.65623598738635
Risk-Aware Regime Switching,9261,82.00856883574154
Risk-Aware Regime Switching,9262,100.16402880997552
Risk-Aware Regime Switching,9263,111.85741694021505
Risk-Aware Regime Switching,9264,129.86467097495114
Risk-Aware Regime Switching,9265,172.3541418611062
Risk-Aware Regime Switching,9266,96.85603349640611
Risk-Aware Regime Switching,9267,84.99829745947392
Risk-Aware Regime Switching,9268,71.89845308329105
Risk-Aware Regime Switching,9269,85.77739765367802
Risk-Aware Regime Switching,9270,120.38885821996068
Risk-Aware Regime Switching,9271,87.61085649477737
Risk-Aware Regime Switching,9272,75.4872825569656
Risk-Aware Regime Switching,9273,140.33893266451784
Risk-Aware Regime Switching,9274,120.91514356492397
Risk-Aware Regime Switching,9275,98.29052093014873
Risk-Aware Regime Switching,9276,107.04781165817326
Risk-Aware Regime Switching,9277,119.8214424932818
Risk-Aware Regime Switching,9278,89.39317275738108
Risk-Aware Regime Switching,9279,83.92911188185002
Risk-Aware Regime Switching,9280,138.0501176258114
Risk-Aware Regime Switching,9281,97.17814991918459
Risk-Aware Regime Switching,9282,78.32797486204296
Risk-Aware Regime Switching,9283,110.07792130931406
Risk-Aware Regime Switching,9284,146.08012513941586
Risk-Aware Regime Switching,9285,109.01971938912314
Risk-Aware Regime Switching,9286,82.40522267948
Risk-Aware Regime Switching,9287,159.71838119926687
Risk-Aware Regime Switching,9288,73.03743008436797
Risk-Aware Regime Switching,9289,96.52936702151649
Risk-Aware Regime Switching,9290,89.34924862073427
Risk-Aware Regime Switching,9291,68.58240002537934
Risk-Aware Regime Switching,9292,81.30165537309844
Risk-Aware Regime Switching,9293,78.33041870704153
Risk-Aware Regime Switching,9294,125.97523287564212
Risk-Aware Regime Switching,9295,78.16495288591065
Risk-Aware Regime Switching,9296,103.20995248426381
Risk-Aware Regime Switching,9297,82.64537809273406
Risk-Aware Regime Switching,9298,87.89746265872385
Risk-Aware Regime Switching,9299,118.3032040627759
Risk-Aware Regime Switching,9300,93.39408576539346
Risk-Aware Regime Switching,9301,81.80971086501391
Risk-Aware Regime Switching,9302,94.66994103043544
Risk-Aware Regime Switching,9303,64.30458494933086
Risk-Aware Regime Switching,9304,88.05907466684822
Risk-Aware Regime Switching,9305,98.4881007613026
Risk-Aware Regime Switching,9306,138.18383320882566
Risk-Aware Regime Switching,9307,79.8462832597414
Risk-Aware Regime Switching,9308,61.129877219234906
Risk-Aware Regime Switching,9309,100.4875009957129
Risk-Aware Regime Switching,9310,93.07474507678712
Risk-Aware Regime Switching,9311,80.80040283155222
Risk-Aware Regime Switching,9312,74.56978685086276
Risk-Aware Regime Switching,9313,118.56730075890623
Risk-Aware Regime Switching,9314,121.57938396431376
Risk-Aware Regime Switching,9315,87.86116196761269
Risk-Aware Regime Switching,9316,63.981206261285486
Risk-Aware Regime Switching,9317,126.86807863371735
Risk-Aware Regime Switching,9318,124.19204664052678
Risk-Aware Regime Switching,9319,125.72745314551554
Risk-Aware Regime Switching,9320,101.60803478638076
Risk-Aware Regime Switching,9321,103.05962869350711
Risk-Aware Regime Switching,9322,111.73198623151973
Risk-Aware Regime Switching,9323,150.3216032624704
Risk-Aware Regime Switching,9324,105.88726109664431
Risk-Aware Regime Switching,9325,63.99963985774458
Risk-Aware Regime Switching,9326,108.90827876231228
Risk-Aware Regime Switching,9327,93.70893744339473
Risk-Aware Regime Switching,9328,78.6185798361147
Risk-Aware Regime Switching,9329,89.73974243532813
Risk-Aware Regime Switching,9330,78.46810198811728
Risk-Aware Regime Switching,9331,114.0695499305823
Risk-Aware Regime Switching,9332,86.7592037871152
Risk-Aware Regime Switching,9333,110.84957128662269
Risk-Aware Regime Switching,9334,75.73764655596358
Risk-Aware Regime Switching,9335,140.61861820796392
Risk-Aware Regime Switching,9336,116.20952577076926
Risk-Aware Regime Switching,9337,88.35922826320679
Risk-Aware Regime Switching,9338,90.72011280655411
Risk-Aware Regime Switching,9339,89.77295189694622
Risk-Aware Regime Switching,9340,131.03860886340374
Risk-Aware Regime Switching,9341,93.22012176041311
Risk-Aware Regime Switching,9342,52.27993713655238
Risk-Aware Regime Switching,9343,95.14351852529394
Risk-Aware Regime Switching,9344,78.81681170234329
Risk-Aware Regime Switching,9345,79.47396661991048
Risk-Aware Regime Switching,9346,81.53914019315823
Risk-Aware Regime Switching,9347,92.31648212647201
Risk-Aware Regime Switching,9348,68.22142384837915
Risk-Aware Regime Switching,9349,81.38882951823356
Risk-Aware Regime Switching,9350,105.53993320358927
Risk-Aware Regime Switching,9351,88.54730956417154
Risk-Aware Regime Switching,9352,99.87925981563136
Risk-Aware Regime Switching,9353,138.04527340454413
Risk-Aware Regime Switching,9354,130.3796820279035
Risk-Aware Regime Switching,9355,88.16578428965674
Risk-Aware Regime Switching,9356,132.3382535840747
Risk-Aware Regime Switching,9357,82.69825953834112
Risk-Aware Regime Switching,9358,110.29285530460353
Risk-Aware Regime Switching,9359,94.52914402414795
Risk-Aware Regime Switching,9360,102.79270629036866
Risk-Aware Regime Switching,9361,82.08035000429074
Risk-Aware Regime Switching,9362,93.0497979796626
Risk-Aware Regime Switching,9363,122.92787003853887
Risk-Aware Regime Switching,9364,89.23757472863558
Risk-Aware Regime Switching,9365,99.4935697012004
Risk-Aware Regime Switching,9366,106.00000103339741
Risk-Aware Regime Switching,9367,82.37932704418957
Risk-Aware Regime Switching,9368,60.12812723267059
Risk-Aware Regime Switching,9369,125.5399316839042
Risk-Aware Regime Switching,9370,85.10426579707496
Risk-Aware Regime Switching,9371,84.64325290478612
Risk-Aware Regime Switching,9372,74.89233635658977
Risk-Aware Regime Switching,9373,88.6502944935102
Risk-Aware Regime Switching,9374,77.2250415783549
Risk-Aware Regime Switching,9375,73.77430879095341
Risk-Aware Regime Switching,9376,111.74481676509104
Risk-Aware Regime Switching,9377,91.66878669818126
Risk-Aware Regime Switching,9378,72.72121695830712
Risk-Aware Regime Switching,9379,104.56139799528226
Risk-Aware Regime Switching,9380,120.06680597715933
Risk-Aware Regime Switching,9381,98.87173254011417
Risk-Aware Regime Switching,9382,80.23245198929384
Risk-Aware Regime Switching,9383,120.06963747864488
Risk-Aware Regime Switching,9384,103.24372418857324
Risk-Aware Regime Switching,9385,111.65722786667342
Risk-Aware Regime Switching,9386,95.86592619029074
Risk-Aware Regime Switching,9387,89.95095468340956
Risk-Aware Regime Switching,9388,128.47212008715053
Risk-Aware Regime Switching,9389,92.22879480280004
Risk-Aware Regime Switching,9390,74.51952203153395
Risk-Aware Regime Switching,9391,88.66532317395087
Risk-Aware Regime Switching,9392,92.6454724068921
Risk-Aware Regime Switching,9393,111.81399081524641
Risk-Aware Regime Switching,9394,115.50568378744887
Risk-Aware Regime Switching,9395,116.71824759054772
Risk-Aware Regime Switching,9396,127.37666867669401
Risk-Aware Regime Switching,9397,64.6141195643389
Risk-Aware Regime Switching,9398,85.035376691698
Risk-Aware Regime Switching,9399,95.86534733540424
Risk-Aware Regime Switching,9400,120.80933234950825
Risk-Aware Regime Switching,9401,105.64130535732228
Risk-Aware Regime Switching,9402,119.76798605851735
Risk-Aware Regime Switching,9403,115.50923587781152
Risk-Aware Regime Switching,9404,94.86870095022068
Risk-Aware Regime Switching,9405,120.20974998043144
Risk-Aware Regime Switching,9406,85.46071438596415
Risk-Aware Regime Switching,9407,132.47588659929787
Risk-Aware Regime Switching,9408,114.82109629048234
Risk-Aware Regime Switching,9409,85.35975193178267
Risk-Aware Regime Switching,9410,100.73087120872093
Risk-Aware Regime Switching,9411,95.0128726315794
Risk-Aware Regime Switching,9412,76.27803399310577
Risk-Aware Regime Switching,9413,129.79231967764912
Risk-Aware Regime Switching,9414,106.83158672840547
Risk-Aware Regime Switching,9415,64.99223789501684
Risk-Aware Regime Switching,9416,90.93728971565511
Risk-Aware Regime Switching,9417,94.0468145474846
Risk-Aware Regime Switching,9418,75.1326027701953
Risk-Aware Regime Switching,9419,144.74319802662276
Risk-Aware Regime Switching,9420,93.2472988710216
Risk-Aware Regime Switching,9421,93.49327347050433
Risk-Aware Regime Switching,9422,150.67876894153565
Risk-Aware Regime Switching,9423,78.09928818740356
Risk-Aware Regime Switching,9424,127.13708395677628
Risk-Aware Regime Switching,9425,142.17573612061213
Risk-Aware Regime Switching,9426,81.66200591213085
Risk-Aware Regime Switching,9427,80.68820234463978
Risk-Aware Regime Switching,9428,78.04628603353086
Risk-Aware Regime Switching,9429,73.16312604482138
Risk-Aware Regime Switching,9430,96.92845097033694
Risk-Aware Regime Switching,9431,79.81348013521665
Risk-Aware Regime Switching,9432,87.73774182560476
Risk-Aware Regime Switching,9433,110.41072542612447
Risk-Aware Regime Switching,9434,81.86192784213047
Risk-Aware Regime Switching,9435,107.30791324521856
Risk-Aware Regime Switching,9436,110.42837951700267
Risk-Aware Regime Switching,9437,127.05518140644855
Risk-Aware Regime Switching,9438,123.51658999807151
Risk-Aware Regime Switching,9439,101.54597803548502
Risk-Aware Regime Switching,9440,97.29394532903895
Risk-Aware Regime Switching,9441,92.168955264789
Risk-Aware Regime Switching,9442,95.0880414265057
Risk-Aware Regime Switching,9443,99.49663153364132
Risk-Aware Regime Switching,9444,79.10140403988976
Risk-Aware Regime Switching,9445,110.75409123309052
Risk-Aware Regime Switching,9446,90.8442505683575
Risk-Aware Regime Switching,9447,87.70568174731117
Risk-Aware Regime Switching,9448,77.06959086632719
Risk-Aware Regime Switching,9449,112.94581129829224
Risk-Aware Regime Switching,9450,152.82146462600934
Risk-Aware Regime Switching,9451,87.58171683547917
Risk-Aware Regime Switching,9452,85.70527605820875
Risk-Aware Regime Switching,9453,69.27973444164938
Risk-Aware Regime Switching,9454,158.69823318539505
Risk-Aware Regime Switching,9455,148.62099578543365
Risk-Aware Regime Switching,9456,64.5159036685095
Risk-Aware Regime Switching,9457,74.32455856987629
Risk-Aware Regime Switching,9458,64.12876640472817
Risk-Aware Regime Switching,9459,116.4198276214507
Risk-Aware Regime Switching,9460,61.84155724622047
Risk-Aware Regime Switching,9461,141.07549300040944
Risk-Aware Regime Switching,9462,88.48375628410945
Risk-Aware Regime Switching,9463,116.26466166968454
Risk-Aware Regime Switching,9464,171.51676169029025
Risk-Aware Regime Switching,9465,75.10983826944066
Risk-Aware Regime Switching,9466,88.94814871641373
Risk-Aware Regime Switching,9467,160.8022296435313
Risk-Aware Regime Switching,9468,82.02954071699743
Risk-Aware Regime Switching,9469,67.99435052510896
Risk-Aware Regime Switching,9470,85.16594048715368
Risk-Aware Regime Switching,9471,105.692071415404
Risk-Aware Regime Switching,9472,115.40912490372668
Risk-Aware Regime Switching,9473,108.19040536079716
Risk-Aware Regime Switching,9474,60.08434712656017
Risk-Aware Regime Switching,9475,66.43816114462548
Risk-Aware Regime Switching,9476,107.58801259845232
Risk-Aware Regime Switching,9477,109.27873688506702
Risk-Aware Regime Switching,9478,114.51543304349711
Risk-Aware Regime Switching,9479,76.76489163045942
Risk-Aware Regime Switching,9480,91.58575760671138
Risk-Aware Regime Switching,9481,84.55684312391844
Risk-Aware Regime Switching,9482,83.96123054076814
Risk-Aware Regime Switching,9483,88.42820307437677
Risk-Aware Regime Switching,9484,63.37155078245756
Risk-Aware Regime Switching,9485,150.432770010178
Risk-Aware Regime Switching,9486,74.57542551970153
Risk-Aware Regime Switching,9487,92.24057082296233
Risk-Aware Regime Switching,9488,75.31080021976906
Risk-Aware Regime Switching,9489,85.12892851799467
Risk-Aware Regime Switching,9490,108.51314533231596
Risk-Aware Regime Switching,9491,90.01301025378412
Risk-Aware Regime Switching,9492,91.49411786185414
Risk-Aware Regime Switching,9493,102.05343485696596
Risk-Aware Regime Switching,9494,77.91903237372857
Risk-Aware Regime Switching,9495,86.99179318453835
Risk-Aware Regime Switching,9496,97.34662237417164
Risk-Aware Regime Switching,9497,60.26996699176769
Risk-Aware Regime Switching,9498,109.95493869087416
Risk-Aware Regime Switching,9499,93.2233901940939
Risk-Aware Regime Switching,9500,80.99707255337294
Risk-Aware Regime Switching,9501,127.79824516857332
Risk-Aware Regime Switching,9502,168.32189137494257
Risk-Aware Regime Switching,9503,36.55671427141028
Risk-Aware Regime Switching,9504,134.2922897630405
Risk-Aware Regime Switching,9505,107.45946785948728
Risk-Aware Regime Switching,9506,82.12577284460268
Risk-Aware Regime Switching,9507,97.72996377675979
Risk-Aware Regime Switching,9508,130.55970086230562
Risk-Aware Regime Switching,9509,101.84725268735664
Risk-Aware Regime Switching,9510,67.23683172154009
Risk-Aware Regime Switching,9511,162.31372294199758
Risk-Aware Regime Switching,9512,73.77800761028226
Risk-Aware Regime Switching,9513,81.95451507920485
Risk-Aware Regime Switching,9514,110.76503609888127
Risk-Aware Regime Switching,9515,74.3418289450777
Risk-Aware Regime Switching,9516,66.92037188999419
Risk-Aware Regime Switching,9517,64.89898058923565
Risk-Aware Regime Switching,9518,83.30936077720732
Risk-Aware Regime Switching,9519,136.25929122122733
Risk-Aware Regime Switching,9520,132.3170257580847
Risk-Aware Regime Switching,9521,59.59658417903741
Risk-Aware Regime Switching,9522,82.17497901530733
Risk-Aware Regime Switching,9523,133.97885716339474
Risk-Aware Regime Switching,9524,96.16323871742672
Risk-Aware Regime Switching,9525,101.96537545950109
Risk-Aware Regime Switching,9526,99.37586027550354
Risk-Aware Regime Switching,9527,98.03582215473206
Risk-Aware Regime Switching,9528,92.58273181177603
Risk-Aware Regime Switching,9529,84.4386303251778
Risk-Aware Regime Switching,9530,80.1048325379121
Risk-Aware Regime Switching,9531,61.72281752996875
Risk-Aware Regime Switching,9532,113.38460432858103
Risk-Aware Regime Switching,9533,69.46817787021227
Risk-Aware Regime Switching,9534,85.07458614778346
Risk-Aware Regime Switching,9535,80.26115749025816
Risk-Aware Regime Switching,9536,78.17532821816073
Risk-Aware Regime Switching,9537,120.0996001684014
Risk-Aware Regime Switching,9538,124.05227368292555
Risk-Aware Regime Switching,9539,79.34594267815594
Risk-Aware Regime Switching,9540,110.48356922002552
Risk-Aware Regime Switching,9541,80.86387429974405
Risk-Aware Regime Switching,9542,128.98368245669607
Risk-Aware Regime Switching,9543,155.76067377977168
Risk-Aware Regime Switching,9544,123.7735464587879
Risk-Aware Regime Switching,9545,101.75212796002766
Risk-Aware Regime Switching,9546,121.89432223068563
Risk-Aware Regime Switching,9547,67.92598879127205
Risk-Aware Regime Switching,9548,102.17710545671726
Risk-Aware Regime Switching,9549,129.8665181766668
Risk-Aware Regime Switching,9550,104.85954332121443
Risk-Aware Regime Switching,9551,74.10776438770291
Risk-Aware Regime Switching,9552,113.8082805236382
Risk-Aware Regime Switching,9553,105.20243856143232
Risk-Aware Regime Switching,9554,84.69008299735056
Risk-Aware Regime Switching,9555,60.43952422132301
Risk-Aware Regime Switching,9556,81.78406572371394
Risk-Aware Regime Switching,9557,110.86304018905572
Risk-Aware Regime Switching,9558,116.72135981652714
Risk-Aware Regime Switching,9559,95.12600026135603
Risk-Aware Regime Switching,9560,123.04365141555542
Risk-Aware Regime Switching,9561,81.80295147202253
Risk-Aware Regime Switching,9562,112.76185976289543
Risk-Aware Regime Switching,9563,131.85626444456636
Risk-Aware Regime Switching,9564,88.82560940810157
Risk-Aware Regime Switching,9565,125.77850556649875
Risk-Aware Regime Switching,9566,90.16448887697445
Risk-Aware Regime Switching,9567,81.07622185167686
Risk-Aware Regime Switching,9568,107.67937849414841
Risk-Aware Regime Switching,9569,76.0295671232474
Risk-Aware Regime Switching,9570,116.28449690730582
Risk-Aware Regime Switching,9571,181.74076548244517
Risk-Aware Regime Switching,9572,88.81129120602732
Risk-Aware Regime Switching,9573,107.66972937692852
Risk-Aware Regime Switching,9574,125.88276357974406
Risk-Aware Regime Switching,9575,71.51019550726308
Risk-Aware Regime Switching,9576,125.83908371147547
Risk-Aware Regime Switching,9577,101.94129835014093
Risk-Aware Regime Switching,9578,101.0049658951045
Risk-Aware Regime Switching,9579,94.28190595325236
Risk-Aware Regime Switching,9580,91.77945526547843
Risk-Aware Regime Switching,9581,132.75908389102207
Risk-Aware Regime Switching,9582,74.66475838152155
Risk-Aware Regime Switching,9583,85.9156888900711
Risk-Aware Regime Switching,9584,106.65945965083132
Risk-Aware Regime Switching,9585,90.98472264288763
Risk-Aware Regime Switching,9586,95.66124335959837
Risk-Aware Regime Switching,9587,83.38402987396829
Risk-Aware Regime Switching,9588,84.75587039772358
Risk-Aware Regime Switching,9589,145.81691372411572
Risk-Aware Regime Switching,9590,94.93076972479227
Risk-Aware Regime Switching,9591,102.5508346670327
Risk-Aware Regime Switching,9592,133.12392624369252
Risk-Aware Regime Switching,9593,57.390760931382225
Risk-Aware Regime Switching,9594,61.39251141005215
Risk-Aware Regime Switching,9595,111.33453469990266
Risk-Aware Regime Switching,9596,94.07751098800377
Risk-Aware Regime Switching,9597,113.30647228156442
Risk-Aware Regime Switching,9598,112.13248811338757
Risk-Aware Regime Switching,9599,124.39160256655973
Risk-Aware Regime Switching,9600,93.07214343451028
Risk-Aware Regime Switching,9601,87.57180415808129
Risk-Aware Regime Switching,9602,78.55762697639676
Risk-Aware Regime Switching,9603,99.9737798983929
Risk-Aware Regime Switching,9604,72.52646549204472
Risk-Aware Regime Switching,9605,117.37836299474911
Risk-Aware Regime Switching,9606,55.44442554139519
Risk-Aware Regime Switching,9607,182.69326229432752
Risk-Aware Regime Switching,9608,75.98292385692554
Risk-Aware Regime Switching,9609,138.3274488828253
Risk-Aware Regime Switching,9610,88.1220120482088
Risk-Aware Regime Switching,9611,71.19682236113715
Risk-Aware Regime Switching,9612,77.44667130162193
Risk-Aware Regime Switching,9613,81.7506353293234
Risk-Aware Regime Switching,9614,83.97402197630532
Risk-Aware Regime Switching,9615,107.14845675057315
Risk-Aware Regime Switching,9616,104.00084424431566
Risk-Aware Regime Switching,9617,99.72600464845381
Risk-Aware Regime Switching,9618,73.46020374305732
Risk-Aware Regime Switching,9619,86.57096101811821
Risk-Aware Regime Switching,9620,96.92493418876793
Risk-Aware Regime Switching,9621,92.91161106862373
Risk-Aware Regime Switching,9622,98.05811560322985
Risk-Aware Regime Switching,9623,122.30654238748548
Risk-Aware Regime Switching,9624,76.98897918060949
Risk-Aware Regime Switching,9625,107.72811626305207
Risk-Aware Regime Switching,9626,76.416560736332
Risk-Aware Regime Switching,9627,102.19210686240663
Risk-Aware Regime Switching,9628,96.05272679944791
Risk-Aware Regime Switching,9629,130.94844396244793
Risk-Aware Regime Switching,9630,110.03510860956638
Risk-Aware Regime Switching,9631,81.34975499943656
Risk-Aware Regime Switching,9632,133.6383656124824
Risk-Aware Regime Switching,9633,106.04715419092126
Risk-Aware Regime Switching,9634,148.53086364471855
Risk-Aware Regime Switching,9635,71.05478626995769
Risk-Aware Regime Switching,9636,84.23988760424614
Risk-Aware Regime Switching,9637,76.10416192368531
Risk-Aware Regime Switching,9638,122.61653846902509
Risk-Aware Regime Switching,9639,76.5791164002191
Risk-Aware Regime Switching,9640,109.58831830596516
Risk-Aware Regime Switching,9641,114.66238125596757
Risk-Aware Regime Switching,9642,118.51567849983984
Risk-Aware Regime Switching,9643,124.97393439122568
Risk-Aware Regime Switching,9644,107.35668466665571
Risk-Aware Regime Switching,9645,74.5475968954555
Risk-Aware Regime Switching,9646,57.01520053605436
Risk-Aware Regime Switching,9647,93.25955784038025
Risk-Aware Regime Switching,9648,103.15426045425733
Risk-Aware Regime Switching,9649,98.0774430638421
Risk-Aware Regime Switching,9650,83.98505800918213
Risk-Aware Regime Switching,9651,98.74668940444022
Risk-Aware Regime Switching,9652,118.63970884839397
Risk-Aware Regime Switching,9653,92.20635178004392
Risk-Aware Regime Switching,9654,106.48449093327497
Risk-Aware Regime Switching,9655,84.46573182030288
Risk-Aware Regime Switching,9656,65.03535853963864
Risk-Aware Regime Switching,9657,90.5172021043121
Risk-Aware Regime Switching,9658,81.70691021326051
Risk-Aware Regime Switching,9659,103.07139760657856
Risk-Aware Regime Switching,9660,155.7948335498296
Risk-Aware Regime Switching,9661,71.20129622004427
Risk-Aware Regime Switching,9662,87.2580321919995
Risk-Aware Regime Switching,9663,115.2032523996294
Risk-Aware Regime Switching,9664,98.86438560453963
Risk-Aware Regime Switching,9665,85.06591516708197
Risk-Aware Regime Switching,9666,82.24502734010211
Risk-Aware Regime Switching,9667,95.97608054629993
Risk-Aware Regime Switching,9668,82.42831083983276
Risk-Aware Regime Switching,9669,101.85729902587934
Risk-Aware Regime Switching,9670,65.43379719090227
Risk-Aware Regime Switching,9671,63.320663265921226
Risk-Aware Regime Switching,9672,128.4972448654855
Risk-Aware Regime Switching,9673,86.27361400417544
Risk-Aware Regime Switching,9674,120.66011068916083
Risk-Aware Regime Switching,9675,130.0791772265867
Risk-Aware Regime Switching,9676,160.2976131810028
Risk-Aware Regime Switching,9677,84.30254893611713
Risk-Aware Regime Switching,9678,68.31676324754423
Risk-Aware Regime Switching,9679,82.11503945165377
Risk-Aware Regime Switching,9680,114.77852666835047
Risk-Aware Regime Switching,9681,81.76327211013084
Risk-Aware Regime Switching,9682,95.17906959821545
Risk-Aware Regime Switching,9683,91.03277670910785
Risk-Aware Regime Switching,9684,80.35722429498074
Risk-Aware Regime Switching,9685,99.67591121159714
Risk-Aware Regime Switching,9686,108.6568794687651
Risk-Aware Regime Switching,9687,75.02270132029614
Risk-Aware Regime Switching,9688,88.25005408037939
Risk-Aware Regime Switching,9689,82.14076082227899
Risk-Aware Regime Switching,9690,108.67579282442365
Risk-Aware Regime Switching,9691,91.88481469250307
Risk-Aware Regime Switching,9692,99.38546403471629
Risk-Aware Regime Switching,9693,59.14449339629645
Risk-Aware Regime Switching,9694,94.2243201966629
Risk-Aware Regime Switching,9695,107.25115951993965
Risk-Aware Regime Switching,9696,107.85447191348358
Risk-Aware Regime Switching,9697,66.42463531999677
Risk-Aware Regime Switching,9698,77.39376325272299
Risk-Aware Regime Switching,9699,111.65526604098777
Risk-Aware Regime Switching,9700,133.91676879428894
Risk-Aware Regime Switching,9701,95.86978842035585
Risk-Aware Regime Switching,9702,117.75543200757626
Risk-Aware Regime Switching,9703,135.64727127533
Risk-Aware Regime Switching,9704,98.01043822426482
Risk-Aware Regime Switching,9705,82.16057777074802
Risk-Aware Regime Switching,9706,84.66281791167319
Risk-Aware Regime Switching,9707,196.34730056128765
Risk-Aware Regime Switching,9708,95.66035443187162
Risk-Aware Regime Switching,9709,96.64295556216827
Risk-Aware Regime Switching,9710,88.40245841603557
Risk-Aware Regime Switching,9711,98.19090869729736
Risk-Aware Regime Switching,9712,73.28746912178131
Risk-Aware Regime Switching,9713,72.2354072245346
Risk-Aware Regime Switching,9714,81.16066946546941
Risk-Aware Regime Switching,9715,105.67996476927833
Risk-Aware Regime Switching,9716,97.57308468401732
Risk-Aware Regime Switching,9717,88.43107605054442
Risk-Aware Regime Switching,9718,79.05134134381171
Risk-Aware Regime Switching,9719,115.24709909599073
Risk-Aware Regime Switching,9720,102.22482481094282
Risk-Aware Regime Switching,9721,70.54742463763071
Risk-Aware Regime Switching,9722,170.28208890121616
Risk-Aware Regime Switching,9723,137.26098798459475
Risk-Aware Regime Switching,9724,86.97358095010873
Risk-Aware Regime Switching,9725,111.09157592201578
Risk-Aware Regime Switching,9726,92.0989181092315
Risk-Aware Regime Switching,9727,78.32629527266629
Risk-Aware Regime Switching,9728,106.14056309325652
Risk-Aware Regime Switching,9729,110.49946191187512
Risk-Aware Regime Switching,9730,84.52278257303071
Risk-Aware Regime Switching,9731,97.06152781446896
Risk-Aware Regime Switching,9732,85.98336589920646
Risk-Aware Regime Switching,9733,121.90783691938769
Risk-Aware Regime Switching,9734,90.9491440713221
Risk-Aware Regime Switching,9735,88.64078867835462
Risk-Aware Regime Switching,9736,98.86925611849924
Risk-Aware Regime Switching,9737,128.9344682051965
Risk-Aware Regime Switching,9738,93.98918505162264
Risk-Aware Regime Switching,9739,143.41089769128718
Risk-Aware Regime Switching,9740,109.59593961819746
Risk-Aware Regime Switching,9741,74.34873459891686
Risk-Aware Regime Switching,9742,81.83026806044593
Risk-Aware Regime Switching,9743,93.97137555606562
Risk-Aware Regime Switching,9744,91.12122289446852
Risk-Aware Regime Switching,9745,120.58136840504328
Risk-Aware Regime Switching,9746,88.10675777461361
Risk-Aware Regime Switching,9747,111.1630182752834
Risk-Aware Regime Switching,9748,67.68112653236005
Risk-Aware Regime Switching,9749,83.58365278241492
Risk-Aware Regime Switching,9750,101.20547320165134
Risk-Aware Regime Switching,9751,129.32018863041318
Risk-Aware Regime Switching,9752,91.47297729255745
Risk-Aware Regime Switching,9753,154.17259673063435
Risk-Aware Regime Switching,9754,66.99530667770502
Risk-Aware Regime Switching,9755,89.74960001290884
Risk-Aware Regime Switching,9756,96.72020226523344
Risk-Aware Regime Switching,9757,88.36235529112749
Risk-Aware Regime Switching,9758,112.68650221332648
Risk-Aware Regime Switching,9759,83.06312310833354
Risk-Aware Regime Switching,9760,104.8049640432223
Risk-Aware Regime Switching,9761,110.01287210959593
Risk-Aware Regime Switching,9762,73.08081375788278
Risk-Aware Regime Switching,9763,65.73629330741028
Risk-Aware Regime Switching,9764,102.8429930611279
Risk-Aware Regime Switching,9765,140.54718292407313
Risk-Aware Regime Switching,9766,83.69452160351175
Risk-Aware Regime Switching,9767,102.44596119767226
Risk-Aware Regime Switching,9768,83.06678781220724
Risk-Aware Regime Switching,9769,145.05907252866587
Risk-Aware Regime Switching,9770,110.92587799094862
Risk-Aware Regime Switching,9771,105.95354826398047
Risk-Aware Regime Switching,9772,116.40693365258173
Risk-Aware Regime Switching,9773,94.98208222275558
Risk-Aware Regime Switching,9774,105.27462732362582
Risk-Aware Regime Switching,9775,129.63575417244292
Risk-Aware Regime Switching,9776,81.9603317287728
Risk-Aware Regime Switching,9777,98.94233525110833
Risk-Aware Regime Switching,9778,76.47348106741617
Risk-Aware Regime Switching,9779,93.32384049531787
Risk-Aware Regime Switching,9780,106.0500246654219
Risk-Aware Regime Switching,9781,101.5364806815858
Risk-Aware Regime Switching,9782,82.29774620424028
Risk-Aware Regime Switching,9783,74.04442695649286
Risk-Aware Regime Switching,9784,119.06454910690043
Risk-Aware Regime Switching,9785,101.65297480444349
Risk-Aware Regime Switching,9786,74.81884378378048
Risk-Aware Regime Switching,9787,137.1685943463604
Risk-Aware Regime Switching,9788,115.31447725340038
Risk-Aware Regime Switching,9789,95.58544437054502
Risk-Aware Regime Switching,9790,66.06724475228289
Risk-Aware Regime Switching,9791,87.48625050084719
Risk-Aware Regime Switching,9792,130.55840150469334
Risk-Aware Regime Switching,9793,87.89282996310183
Risk-Aware Regime Switching,9794,112.91985545010648
Risk-Aware Regime Switching,9795,85.13557599605434
Risk-Aware Regime Switching,9796,75.96040993776073
Risk-Aware Regime Switching,9797,121.48261458609824
Risk-Aware Regime Switching,9798,148.2359371718079
Risk-Aware Regime Switching,9799,122.21828481809871
Risk-Aware Regime Switching,9800,95.9472683556793
Risk-Aware Regime Switching,9801,85.08397502789022
Risk-Aware Regime Switching,9802,113.6144035671292
Risk-Aware Regime Switching,9803,92.54684643490789
Risk-Aware Regime Switching,9804,90.75630636147442
Risk-Aware Regime Switching,9805,86.95126655050348
Risk-Aware Regime Switching,9806,145.28503174819673
Risk-Aware Regime Switching,9807,75.86877399341572
Risk-Aware Regime Switching,9808,99.86304531479072
Risk-Aware Regime Switching,9809,97.05767217577656
Risk-Aware Regime Switching,9810,90.2344046691329
Risk-Aware Regime Switching,9811,92.37367841359082
Risk-Aware Regime Switching,9812,106.95884411917744
Risk-Aware Regime Switching,9813,75.08578571106975
Risk-Aware Regime Switching,9814,51.18755969825672
Risk-Aware Regime Switching,9815,114.54938776247307
Risk-Aware Regime Switching,9816,94.94640726816908
Risk-Aware Regime Switching,9817,68.35244455041023
Risk-Aware Regime Switching,9818,125.38523607765319
Risk-Aware Regime Switching,9819,111.52631022704584
Risk-Aware Regime Switching,9820,122.72296321821247
Risk-Aware Regime Switching,9821,135.1412784552125
Risk-Aware Regime Switching,9822,66.58049592070282
Risk-Aware Regime Switching,9823,121.9463029510641
Risk-Aware Regime Switching,9824,113.20538989276669
Risk-Aware Regime Switching,9825,60.887848863270314
Risk-Aware Regime Switching,9826,76.92389957254599
Risk-Aware Regime Switching,9827,76.96429733945375
Risk-Aware Regime Switching,9828,90.20341812802005
Risk-Aware Regime Switching,9829,113.6067835717681
Risk-Aware Regime Switching,9830,72.20953487514485
Risk-Aware Regime Switching,9831,117.815224888081
Risk-Aware Regime Switching,9832,140.56610675740868
Risk-Aware Regime Switching,9833,79.74076153219102
Risk-Aware Regime Switching,9834,127.26557150291565
Risk-Aware Regime Switching,9835,106.41420239272436
Risk-Aware Regime Switching,9836,52.04035197004888
Risk-Aware Regime Switching,9837,135.7495134849483
Risk-Aware Regime Switching,9838,123.12527548452441
Risk-Aware Regime Switching,9839,100.21844957780345
Risk-Aware Regime Switching,9840,101.41001756711216
Risk-Aware Regime Switching,9841,112.86368037653334
Risk-Aware Regime Switching,9842,128.30751250126403
Risk-Aware Regime Switching,9843,98.18182059242113
Risk-Aware Regime Switching,9844,108.91035627645618
Risk-Aware Regime Switching,9845,68.9480100758252
Risk-Aware Regime Switching,9846,93.63609178426961
Risk-Aware Regime Switching,9847,93.4383641711338
Risk-Aware Regime Switching,9848,74.58811811012141
Risk-Aware Regime Switching,9849,93.05904588494745
Risk-Aware Regime Switching,9850,104.04163527129724
Risk-Aware Regime Switching,9851,79.77862312769838
Risk-Aware Regime Switching,9852,88.47782163409444
Risk-Aware Regime Switching,9853,101.96083594155118
Risk-Aware Regime Switching,9854,80.66638414933564
Risk-Aware Regime Switching,9855,68.82621477587003
Risk-Aware Regime Switching,9856,84.43749724413433
Risk-Aware Regime Switching,9857,116.17594558785159
Risk-Aware Regime Switching,9858,84.18808495436838
Risk-Aware Regime Switching,9859,88.42424646018064
Risk-Aware Regime Switching,9860,129.59575838146924
Risk-Aware Regime Switching,9861,76.02685591636437
Risk-Aware Regime Switching,9862,119.65568075500288
Risk-Aware Regime Switching,9863,69.91552676324685
Risk-Aware Regime Switching,9864,68.05370287808947
Risk-Aware Regime Switching,9865,98.3432359985424
Risk-Aware Regime Switching,9866,138.69555942185661
Risk-Aware Regime Switching,9867,74.51292773550722
Risk-Aware Regime Switching,9868,60.12954649745612
Risk-Aware Regime Switching,9869,82.57316305315202
Risk-Aware Regime Switching,9870,91.78223992448487
Risk-Aware Regime Switching,9871,100.85458111190482
Risk-Aware Regime Switching,9872,86.471409590687
Risk-Aware Regime Switching,9873,68.97708165877181
Risk-Aware Regime Switching,9874,65.1764750597747
Risk-Aware Regime Switching,9875,104.257417962162
Risk-Aware Regime Switching,9876,128.48669998092222
Risk-Aware Regime Switching,9877,75.92239376657848
Risk-Aware Regime Switching,9878,78.71733501969682
Risk-Aware Regime Switching,9879,83.59339369393116
Risk-Aware Regime Switching,9880,72.79516349082886
Risk-Aware Regime Switching,9881,87.16308051125657
Risk-Aware Regime Switching,9882,137.01701135403408
Risk-Aware Regime Switching,9883,66.83234495690986
Risk-Aware Regime Switching,9884,131.30709310947665
Risk-Aware Regime Switching,9885,110.03666492228238
Risk-Aware Regime Switching,9886,123.96324471641032
Risk-Aware Regime Switching,9887,81.24516100973298
Risk-Aware Regime Switching,9888,57.8723445321251
Risk-Aware Regime Switching,9889,82.25615731609214
Risk-Aware Regime Switching,9890,84.36428328526252
Risk-Aware Regime Switching,9891,90.04077404285918
Risk-Aware Regime Switching,9892,80.70481467134454
Risk-Aware Regime Switching,9893,66.73688225537727
Risk-Aware Regime Switching,9894,101.68449301968505
Risk-Aware Regime Switching,9895,71.44874955592324
Risk-Aware Regime Switching,9896,81.39352112424073
Risk-Aware Regime Switching,9897,125.97893830752243
Risk-Aware Regime Switching,9898,72.02678154013736
Risk-Aware Regime Switching,9899,101.60658395583356
Risk-Aware Regime Switching,9900,89.02068103399404
Risk-Aware Regime Switching,9901,96.09564395629968
Risk-Aware Regime Switching,9902,71.91606579768465
Risk-Aware Regime Switching,9903,94.5519228941517
Risk-Aware Regime Switching,9904,80.98124452769689
Risk-Aware Regime Switching,9905,108.5683676667609
Risk-Aware Regime Switching,9906,68.37058251737902
Risk-Aware Regime Switching,9907,71.09911899220518
Risk-Aware Regime Switching,9908,63.34305180748135
Risk-Aware Regime Switching,9909,60.135908360238254
Risk-Aware Regime Switching,9910,79.9045540455016
Risk-Aware Regime Switching,9911,66.99926550693105
Risk-Aware Regime Switching,9912,110.56814005204716
Risk-Aware Regime Switching,9913,110.71838862928787
Risk-Aware Regime Switching,9914,136.31069605629736
Risk-Aware Regime Switching,9915,99.08498391924833
Risk-Aware Regime Switching,9916,111.43379072156152
Risk-Aware Regime Switching,9917,53.18006528004627
Risk-Aware Regime Switching,9918,78.8952892635948
Risk-Aware Regime Switching,9919,107.0844907031833
Risk-Aware Regime Switching,9920,75.15022814258403
Risk-Aware Regime Switching,9921,70.74842580799925
Risk-Aware Regime Switching,9922,120.76825569228326
Risk-Aware Regime Switching,9923,87.10791080966061
Risk-Aware Regime Switching,9924,97.9315549866397
Risk-Aware Regime Switching,9925,117.83111368037986
Risk-Aware Regime Switching,9926,125.43217579067635
Risk-Aware Regime Switching,9927,86.38827577457306
Risk-Aware Regime Switching,9928,95.45185712569555
Risk-Aware Regime Switching,9929,122.76417830092015
Risk-Aware Regime Switching,9930,91.2028996746048
Risk-Aware Regime Switching,9931,76.94725579751378
Risk-Aware Regime Switching,9932,125.93922886012882
Risk-Aware Regime Switching,9933,88.49232215534538
Risk-Aware Regime Switching,9934,102.36963278274507
Risk-Aware Regime Switching,9935,89.75038130661306
Risk-Aware Regime Switching,9936,80.67746668716327
Risk-Aware Regime Switching,9937,124.97383025639044
Risk-Aware Regime Switching,9938,106.8025401939948
Risk-Aware Regime Switching,9939,79.02815101547044
Risk-Aware Regime Switching,9940,81.76561079835702
Risk-Aware Regime Switching,9941,74.45125058503741
Risk-Aware Regime Switching,9942,116.78283131756812
Risk-Aware Regime Switching,9943,66.57261409637523
Risk-Aware Regime Switching,9944,110.60238812329608
Risk-Aware Regime Switching,9945,78.09421377021128
Risk-Aware Regime Switching,9946,63.17328435778992
Risk-Aware Regime Switching,9947,71.00620883358728
Risk-Aware Regime Switching,9948,89.46208006178912
Risk-Aware Regime Switching,9949,72.8977194494844
Risk-Aware Regime Switching,9950,85.90922359377903
Risk-Aware Regime Switching,9951,95.7428341202751
Risk-Aware Regime Switching,9952,140.9090996562779
Risk-Aware Regime Switching,9953,75.74624007309612
Risk-Aware Regime Switching,9954,140.47203603732214
Risk-Aware Regime Switching,9955,112.33506452541306
Risk-Aware Regime Switching,9956,140.5215455032877
Risk-Aware Regime Switching,9957,107.5613503065739
Risk-Aware Regime Switching,9958,134.70507097871476
Risk-Aware Regime Switching,9959,95.465907451995
Risk-Aware Regime Switching,9960,77.4700523268078
Risk-Aware Regime Switching,9961,121.85045608129539
Risk-Aware Regime Switching,9962,163.40644842053626
Risk-Aware Regime Switching,9963,85.89278117852515
Risk-Aware Regime Switching,9964,87.21040778693454
Risk-Aware Regime Switching,9965,99.73585506269308
Risk-Aware Regime Switching,9966,96.99487017827529
Risk-Aware Regime Switching,9967,100.33795892833805
Risk-Aware Regime Switching,9968,84.61095952702972
Risk-Aware Regime Switching,9969,118.81965644382262
Risk-Aware Regime Switching,9970,96.42615852026536
Risk-Aware Regime Switching,9971,84.7600247461375
Risk-Aware Regime Switching,9972,69.62523606412059
Risk-Aware Regime Switching,9973,115.90926818034187
Risk-Aware Regime Switching,9974,104.47881755292505
Risk-Aware Regime Switching,9975,96.54412685951635
Risk-Aware Regime Switching,9976,90.80814102166974
Risk-Aware Regime Switching,9977,96.48230232900097
Risk-Aware Regime Switching,9978,79.5888716555641
Risk-Aware Regime Switching,9979,86.18645400208698
Risk-Aware Regime Switching,9980,88.09058681450414
Risk-Aware Regime Switching,9981,83.2867384542676
Risk-Aware Regime Switching,9982,77.92546772389419
Risk-Aware Regime Switching,9983,132.1685359802804
Risk-Aware Regime Switching,9984,71.97450469526501
Risk-Aware Regime Switching,9985,136.59300667325263
Risk-Aware Regime Switching,9986,118.34947611024525
Risk-Aware Regime Switching,9987,104.70402072215815
Risk-Aware Regime Switching,9988,125.1811493624464
Risk-Aware Regime Switching,9989,82.77243704468431
Risk-Aware Regime Switching,9990,78.22556156717036
Risk-Aware Regime Switching,9991,100.55787973500607
Risk-Aware Regime Switching,9992,122.00294754382628
Risk-Aware Regime Switching,9993,96.47575784120372
Risk-Aware Regime Switching,9994,86.25370076383604
Risk-Aware Regime Switching,9995,94.84304313168649
Risk-Aware Regime Switching,9996,101.51247060049648
Risk-Aware Regime Switching,9997,87.28526151990532
Risk-Aware Regime Switching,9998,130.73021717935603
Risk-Aware Regime Switching,9999,80.1599038806287
Risk-Aware Regime Switching,10000,80.02984838045026
