Strategy,Simulation,Maximum Drawdown
Risk-Aware Regime Switching,1,-0.16392164289298405
Risk-Aware Regime Switching,2,-0.17612636770493673
Risk-Aware Regime Switching,3,-0.23374120707666546
Risk-Aware Regime Switching,4,-0.3217801293150371
Risk-Aware Regime Switching,5,-0.16272234532277585
Risk-Aware Regime Switching,6,-0.49157672250426165
Risk-Aware Regime Switching,7,-0.3093400005792609
Risk-Aware Regime Switching,8,-0.2314110672177112
Risk-Aware Regime Switching,9,-0.1405534810498239
Risk-Aware Regime Switching,10,-0.3561564945951794
Risk-Aware Regime Switching,11,-0.1177486482278769
Risk-Aware Regime Switching,12,-0.09688176351429101
Risk-Aware Regime Switching,13,-0.35890081358378945
Risk-Aware Regime Switching,14,-0.29985244033485736
Risk-Aware Regime Switching,15,-0.23540470728351748
Risk-Aware Regime Switching,16,-0.23852131171685864
Risk-Aware Regime Switching,17,-0.30071162365145154
Risk-Aware Regime Switching,18,-0.27167161014289154
Risk-Aware Regime Switching,19,-0.24175336314677787
Risk-Aware Regime Switching,20,-0.18158641398436248
Risk-Aware Regime Switching,21,-0.38330252040030177
Risk-Aware Regime Switching,22,-0.20185475728613878
Risk-Aware Regime Switching,23,-0.11664337426932392
Risk-Aware Regime Switching,24,-0.20768509388704415
Risk-Aware Regime Switching,25,-0.28030165752400094
Risk-Aware Regime Switching,26,-0.3029333831831308
Risk-Aware Regime Switching,27,-0.2198814029821028
Risk-Aware Regime Switching,28,-0.17196460159012472
Risk-Aware Regime Switching,29,-0.22339467519590894
Risk-Aware Regime Switching,30,-0.15480315821445356
Risk-Aware Regime Switching,31,-0.1735866014808667
Risk-Aware Regime Switching,32,-0.34788972843140786
Risk-Aware Regime Switching,33,-0.3384050765032369
Risk-Aware Regime Switching,34,-0.2863660461613067
Risk-Aware Regime Switching,35,-0.3517114717710794
Risk-Aware Regime Switching,36,-0.25548164853466027
Risk-Aware Regime Switching,37,-0.32909177803560075
Risk-Aware Regime Switching,38,-0.33796264756664596
Risk-Aware Regime Switching,39,-0.3438260962850681
Risk-Aware Regime Switching,40,-0.37028116233478503
Risk-Aware Regime Switching,41,-0.4584818214622256
Risk-Aware Regime Switching,42,-0.13921626291309908
Risk-Aware Regime Switching,43,-0.1557282187381095
Risk-Aware Regime Switching,44,-0.2581994974843419
Risk-Aware Regime Switching,45,-0.3788497338640965
Risk-Aware Regime Switching,46,-0.24605395155791243
Risk-Aware Regime Switching,47,-0.3324961069303899
Risk-Aware Regime Switching,48,-0.3717554123750135
Risk-Aware Regime Switching,49,-0.20649832626814346
Risk-Aware Regime Switching,50,-0.14414442822515983
Risk-Aware Regime Switching,51,-0.22366398024961542
Risk-Aware Regime Switching,52,-0.34432866016597063
Risk-Aware Regime Switching,53,-0.07464146992819953
Risk-Aware Regime Switching,54,-0.2017864566558325
Risk-Aware Regime Switching,55,-0.16031826043264719
Risk-Aware Regime Switching,56,-0.3172464081416151
Risk-Aware Regime Switching,57,-0.2947519275190217
Risk-Aware Regime Switching,58,-0.21166513851110103
Risk-Aware Regime Switching,59,-0.2105927377016945
Risk-Aware Regime Switching,60,-0.2817076379730169
Risk-Aware Regime Switching,61,-0.23993285481292825
Risk-Aware Regime Switching,62,-0.2744343667401006
Risk-Aware Regime Switching,63,-0.34307456081125054
Risk-Aware Regime Switching,64,-0.19884611784501338
Risk-Aware Regime Switching,65,-0.4581268062341737
Risk-Aware Regime Switching,66,-0.10967887219816508
Risk-Aware Regime Switching,67,-0.21195223524254514
Risk-Aware Regime Switching,68,-0.40927657058970446
Risk-Aware Regime Switching,69,-0.2751342034846149
Risk-Aware Regime Switching,70,-0.45010880958206123
Risk-Aware Regime Switching,71,-0.4034738623313131
Risk-Aware Regime Switching,72,-0.1363917387150384
Risk-Aware Regime Switching,73,-0.21264618343238673
Risk-Aware Regime Switching,74,-0.30525177262836267
Risk-Aware Regime Switching,75,-0.3799889936619123
Risk-Aware Regime Switching,76,-0.2076268138679871
Risk-Aware Regime Switching,77,-0.39744018132269954
Risk-Aware Regime Switching,78,-0.09671527027482851
Risk-Aware Regime Switching,79,-0.29363097745542044
Risk-Aware Regime Switching,80,-0.10608527260349365
Risk-Aware Regime Switching,81,-0.2067655060925394
Risk-Aware Regime Switching,82,-0.1533034917918682
Risk-Aware Regime Switching,83,-0.25309853706567276
Risk-Aware Regime Switching,84,-0.25926165201843676
Risk-Aware Regime Switching,85,-0.2234369219364718
Risk-Aware Regime Switching,86,-0.20553039217960511
Risk-Aware Regime Switching,87,-0.1928843801862744
Risk-Aware Regime Switching,88,-0.4231952599618706
Risk-Aware Regime Switching,89,-0.35867218974634485
Risk-Aware Regime Switching,90,-0.4463209940866756
Risk-Aware Regime Switching,91,-0.08363219284344525
Risk-Aware Regime Switching,92,-0.13593831742602835
Risk-Aware Regime Switching,93,-0.4271483033587924
Risk-Aware Regime Switching,94,-0.4661449493424573
Risk-Aware Regime Switching,95,-0.4298924362963633
Risk-Aware Regime Switching,96,-0.3884457621245899
Risk-Aware Regime Switching,97,-0.16621068358841884
Risk-Aware Regime Switching,98,-0.19682884328789163
Risk-Aware Regime Switching,99,-0.3538107694992526
Risk-Aware Regime Switching,100,-0.3295810531292186
Risk-Aware Regime Switching,101,-0.22199830794920805
Risk-Aware Regime Switching,102,-0.2870454487709909
Risk-Aware Regime Switching,103,-0.390710352117553
Risk-Aware Regime Switching,104,-0.18981952135855817
Risk-Aware Regime Switching,105,-0.19668932965722163
Risk-Aware Regime Switching,106,-0.3771449904205263
Risk-Aware Regime Switching,107,-0.3911398923606112
Risk-Aware Regime Switching,108,-0.21671540675276024
Risk-Aware Regime Switching,109,-0.43934860178229873
Risk-Aware Regime Switching,110,-0.24188579019581846
Risk-Aware Regime Switching,111,-0.4075674354662431
Risk-Aware Regime Switching,112,-0.215534718935531
Risk-Aware Regime Switching,113,-0.5293462865204882
Risk-Aware Regime Switching,114,-0.24068215682935168
Risk-Aware Regime Switching,115,-0.20156841466653108
Risk-Aware Regime Switching,116,-0.2878196323448786
Risk-Aware Regime Switching,117,-0.24398056085141728
Risk-Aware Regime Switching,118,-0.10318024739958609
Risk-Aware Regime Switching,119,-0.18492338202884073
Risk-Aware Regime Switching,120,-0.2259698731844929
Risk-Aware Regime Switching,121,-0.1857753478917551
Risk-Aware Regime Switching,122,-0.13149922125032976
Risk-Aware Regime Switching,123,-0.34003487257287657
Risk-Aware Regime Switching,124,-0.24130581578040822
Risk-Aware Regime Switching,125,-0.23160075703748906
Risk-Aware Regime Switching,126,-0.2688079685108119
Risk-Aware Regime Switching,127,-0.38270477708473116
Risk-Aware Regime Switching,128,-0.2101142089993614
Risk-Aware Regime Switching,129,-0.2776303517277503
Risk-Aware Regime Switching,130,-0.20010030091934872
Risk-Aware Regime Switching,131,-0.1352393291365852
Risk-Aware Regime Switching,132,-0.22397357119099348
Risk-Aware Regime Switching,133,-0.21701609252009624
Risk-Aware Regime Switching,134,-0.1294387855425685
Risk-Aware Regime Switching,135,-0.1614814729442442
Risk-Aware Regime Switching,136,-0.1632521934709259
Risk-Aware Regime Switching,137,-0.40555690146483736
Risk-Aware Regime Switching,138,-0.1943224779755114
Risk-Aware Regime Switching,139,-0.43987385655546707
Risk-Aware Regime Switching,140,-0.22263772195467058
Risk-Aware Regime Switching,141,-0.40213765983401706
Risk-Aware Regime Switching,142,-0.22119805913682866
Risk-Aware Regime Switching,143,-0.3153311048935612
Risk-Aware Regime Switching,144,-0.2659590975858833
Risk-Aware Regime Switching,145,-0.3225836202180836
Risk-Aware Regime Switching,146,-0.2849044533513413
Risk-Aware Regime Switching,147,-0.2503689934620741
Risk-Aware Regime Switching,148,-0.19784959290893267
Risk-Aware Regime Switching,149,-0.285347949161894
Risk-Aware Regime Switching,150,-0.21554869534989385
Risk-Aware Regime Switching,151,-0.18159759877613268
Risk-Aware Regime Switching,152,-0.28053013296296103
Risk-Aware Regime Switching,153,-0.37406601050177546
Risk-Aware Regime Switching,154,-0.24417023913392466
Risk-Aware Regime Switching,155,-0.31718060247094004
Risk-Aware Regime Switching,156,-0.20619354905409482
Risk-Aware Regime Switching,157,-0.27378507007295727
Risk-Aware Regime Switching,158,-0.28247676161405855
Risk-Aware Regime Switching,159,-0.1800950346349871
Risk-Aware Regime Switching,160,-0.2970577314132874
Risk-Aware Regime Switching,161,-0.22407757994003408
Risk-Aware Regime Switching,162,-0.20594569491395076
Risk-Aware Regime Switching,163,-0.22975059357623306
Risk-Aware Regime Switching,164,-0.08237554150282622
Risk-Aware Regime Switching,165,-0.2629646211340364
Risk-Aware Regime Switching,166,-0.23826428305852332
Risk-Aware Regime Switching,167,-0.1449976401023162
Risk-Aware Regime Switching,168,-0.20925088944976744
Risk-Aware Regime Switching,169,-0.2481175441445036
Risk-Aware Regime Switching,170,-0.09760964399943706
Risk-Aware Regime Switching,171,-0.3368732685313811
Risk-Aware Regime Switching,172,-0.21893308394184774
Risk-Aware Regime Switching,173,-0.16512543968914806
Risk-Aware Regime Switching,174,-0.2831724842919531
Risk-Aware Regime Switching,175,-0.08891726211535234
Risk-Aware Regime Switching,176,-0.2516415201301536
Risk-Aware Regime Switching,177,-0.2738891576369902
Risk-Aware Regime Switching,178,-0.29632175811804906
Risk-Aware Regime Switching,179,-0.18841774341328354
Risk-Aware Regime Switching,180,-0.23707974818743038
Risk-Aware Regime Switching,181,-0.28297595241430307
Risk-Aware Regime Switching,182,-0.38292405506715355
Risk-Aware Regime Switching,183,-0.1043130257647551
Risk-Aware Regime Switching,184,-0.11876542035624582
Risk-Aware Regime Switching,185,-0.3092626307068608
Risk-Aware Regime Switching,186,-0.20203079626803178
Risk-Aware Regime Switching,187,-0.11264491885338124
Risk-Aware Regime Switching,188,-0.28931353605736554
Risk-Aware Regime Switching,189,-0.43363202986379656
Risk-Aware Regime Switching,190,-0.1771224473925046
Risk-Aware Regime Switching,191,-0.4309008003532928
Risk-Aware Regime Switching,192,-0.4994993193103128
Risk-Aware Regime Switching,193,-0.36663437067436067
Risk-Aware Regime Switching,194,-0.2545892867402615
Risk-Aware Regime Switching,195,-0.37748204355070025
Risk-Aware Regime Switching,196,-0.2687443369057717
Risk-Aware Regime Switching,197,-0.18417145183039518
Risk-Aware Regime Switching,198,-0.272646929437216
Risk-Aware Regime Switching,199,-0.3310272136813045
Risk-Aware Regime Switching,200,-0.13516905805842983
Risk-Aware Regime Switching,201,-0.16267259050093652
Risk-Aware Regime Switching,202,-0.2025571539637766
Risk-Aware Regime Switching,203,-0.49599405918939987
Risk-Aware Regime Switching,204,-0.24022123368181003
Risk-Aware Regime Switching,205,-0.21170107458015142
Risk-Aware Regime Switching,206,-0.4077586346380908
Risk-Aware Regime Switching,207,-0.3724664894986306
Risk-Aware Regime Switching,208,-0.16725103125266827
Risk-Aware Regime Switching,209,-0.4480284587905933
Risk-Aware Regime Switching,210,-0.40826822894960657
Risk-Aware Regime Switching,211,-0.19900581826271646
Risk-Aware Regime Switching,212,-0.43774693027268463
Risk-Aware Regime Switching,213,-0.27206446865173783
Risk-Aware Regime Switching,214,-0.38349183935951114
Risk-Aware Regime Switching,215,-0.11434709212392447
Risk-Aware Regime Switching,216,-0.319076751669905
Risk-Aware Regime Switching,217,-0.4894873877743683
Risk-Aware Regime Switching,218,-0.10627031160190314
Risk-Aware Regime Switching,219,-0.30132351925759593
Risk-Aware Regime Switching,220,-0.27330577485507146
Risk-Aware Regime Switching,221,-0.24902413653829936
Risk-Aware Regime Switching,222,-0.18651797931208047
Risk-Aware Regime Switching,223,-0.22997269517107333
Risk-Aware Regime Switching,224,-0.2391211622533923
Risk-Aware Regime Switching,225,-0.395088394895438
Risk-Aware Regime Switching,226,-0.3488770903291556
Risk-Aware Regime Switching,227,-0.21124983362568528
Risk-Aware Regime Switching,228,-0.3102632315744408
Risk-Aware Regime Switching,229,-0.19790687800188067
Risk-Aware Regime Switching,230,-0.13452976943094186
Risk-Aware Regime Switching,231,-0.2268926190845646
Risk-Aware Regime Switching,232,-0.19234357966585558
Risk-Aware Regime Switching,233,-0.23596308916162334
Risk-Aware Regime Switching,234,-0.24762007521505525
Risk-Aware Regime Switching,235,-0.4185377702848564
Risk-Aware Regime Switching,236,-0.14072167721469953
Risk-Aware Regime Switching,237,-0.17593722152892777
Risk-Aware Regime Switching,238,-0.3494952820988302
Risk-Aware Regime Switching,239,-0.17911711315305334
Risk-Aware Regime Switching,240,-0.29866188540117644
Risk-Aware Regime Switching,241,-0.19410630207170987
Risk-Aware Regime Switching,242,-0.20800594677853745
Risk-Aware Regime Switching,243,-0.36145069462730484
Risk-Aware Regime Switching,244,-0.1754643191814116
Risk-Aware Regime Switching,245,-0.10768175887128695
Risk-Aware Regime Switching,246,-0.22411658944388024
Risk-Aware Regime Switching,247,-0.24551680792315322
Risk-Aware Regime Switching,248,-0.28868292530963646
Risk-Aware Regime Switching,249,-0.2674466959327433
Risk-Aware Regime Switching,250,-0.18581835042900308
Risk-Aware Regime Switching,251,-0.15712887968414757
Risk-Aware Regime Switching,252,-0.13734619774673096
Risk-Aware Regime Switching,253,-0.12426318220883492
Risk-Aware Regime Switching,254,-0.42249828980127935
Risk-Aware Regime Switching,255,-0.39366600954854347
Risk-Aware Regime Switching,256,-0.12722484433208125
Risk-Aware Regime Switching,257,-0.35515872917915636
Risk-Aware Regime Switching,258,-0.22555144992606968
Risk-Aware Regime Switching,259,-0.2282218855502901
Risk-Aware Regime Switching,260,-0.27745402801323893
Risk-Aware Regime Switching,261,-0.13061134693426302
Risk-Aware Regime Switching,262,-0.29238898365789845
Risk-Aware Regime Switching,263,-0.19029855499719517
Risk-Aware Regime Switching,264,-0.3793035674151185
Risk-Aware Regime Switching,265,-0.08839752691710145
Risk-Aware Regime Switching,266,-0.2765154019737941
Risk-Aware Regime Switching,267,-0.206477313085353
Risk-Aware Regime Switching,268,-0.3657179161963372
Risk-Aware Regime Switching,269,-0.28896150277884514
Risk-Aware Regime Switching,270,-0.28056687915626166
Risk-Aware Regime Switching,271,-0.21488545711149465
Risk-Aware Regime Switching,272,-0.33199511251907676
Risk-Aware Regime Switching,273,-0.158582389791866
Risk-Aware Regime Switching,274,-0.43490559468455814
Risk-Aware Regime Switching,275,-0.35357806918016144
Risk-Aware Regime Switching,276,-0.17872412465506238
Risk-Aware Regime Switching,277,-0.11371039667974392
Risk-Aware Regime Switching,278,-0.39446549198452385
Risk-Aware Regime Switching,279,-0.28555148947395037
Risk-Aware Regime Switching,280,-0.1363410983355452
Risk-Aware Regime Switching,281,-0.3030866620326823
Risk-Aware Regime Switching,282,-0.15611660853873577
Risk-Aware Regime Switching,283,-0.17362539502088026
Risk-Aware Regime Switching,284,-0.181714988945484
Risk-Aware Regime Switching,285,-0.18943202215965504
Risk-Aware Regime Switching,286,-0.17371546646988434
Risk-Aware Regime Switching,287,-0.18809505004039662
Risk-Aware Regime Switching,288,-0.28886063380568916
Risk-Aware Regime Switching,289,-0.2771113210705942
Risk-Aware Regime Switching,290,-0.30569820560124705
Risk-Aware Regime Switching,291,-0.16431892170611728
Risk-Aware Regime Switching,292,-0.2789787824734268
Risk-Aware Regime Switching,293,-0.22666965081577461
Risk-Aware Regime Switching,294,-0.20129384862956679
Risk-Aware Regime Switching,295,-0.1223478323901055
Risk-Aware Regime Switching,296,-0.3150221191446988
Risk-Aware Regime Switching,297,-0.20339631171763817
Risk-Aware Regime Switching,298,-0.32282735469589197
Risk-Aware Regime Switching,299,-0.09359006820515492
Risk-Aware Regime Switching,300,-0.38998185061504365
Risk-Aware Regime Switching,301,-0.4045161685177231
Risk-Aware Regime Switching,302,-0.38952372180577177
Risk-Aware Regime Switching,303,-0.23378648881123643
Risk-Aware Regime Switching,304,-0.12943431592983579
Risk-Aware Regime Switching,305,-0.1159494732412133
Risk-Aware Regime Switching,306,-0.1846423478043776
Risk-Aware Regime Switching,307,-0.08760482205284248
Risk-Aware Regime Switching,308,-0.32167004888656625
Risk-Aware Regime Switching,309,-0.21801709672669822
Risk-Aware Regime Switching,310,-0.3304583022690418
Risk-Aware Regime Switching,311,-0.1634826004369947
Risk-Aware Regime Switching,312,-0.23844579645100916
Risk-Aware Regime Switching,313,-0.2546139743524303
Risk-Aware Regime Switching,314,-0.28652001137217187
Risk-Aware Regime Switching,315,-0.28723248916584765
Risk-Aware Regime Switching,316,-0.28828540849225603
Risk-Aware Regime Switching,317,-0.32730399646898845
Risk-Aware Regime Switching,318,-0.22871037910884184
Risk-Aware Regime Switching,319,-0.25939899690737545
Risk-Aware Regime Switching,320,-0.35383256621600356
Risk-Aware Regime Switching,321,-0.18661637504196238
Risk-Aware Regime Switching,322,-0.3561752954233154
Risk-Aware Regime Switching,323,-0.2970571856804165
Risk-Aware Regime Switching,324,-0.4808481118183022
Risk-Aware Regime Switching,325,-0.20484496805363128
Risk-Aware Regime Switching,326,-0.27673360543151715
Risk-Aware Regime Switching,327,-0.32031473710277814
Risk-Aware Regime Switching,328,-0.26120611414509654
Risk-Aware Regime Switching,329,-0.26107611113672125
Risk-Aware Regime Switching,330,-0.20275497678468035
Risk-Aware Regime Switching,331,-0.3917553482517505
Risk-Aware Regime Switching,332,-0.20118439770009144
Risk-Aware Regime Switching,333,-0.1252057465536015
Risk-Aware Regime Switching,334,-0.29585150107563063
Risk-Aware Regime Switching,335,-0.1882176574971106
Risk-Aware Regime Switching,336,-0.27919596257288215
Risk-Aware Regime Switching,337,-0.29717708116522046
Risk-Aware Regime Switching,338,-0.3415967996426502
Risk-Aware Regime Switching,339,-0.1552884148403364
Risk-Aware Regime Switching,340,-0.18506327329953698
Risk-Aware Regime Switching,341,-0.23202448340344306
Risk-Aware Regime Switching,342,-0.49003863964095584
Risk-Aware Regime Switching,343,-0.24173320911364427
Risk-Aware Regime Switching,344,-0.3458031506328044
Risk-Aware Regime Switching,345,-0.3633814476520473
Risk-Aware Regime Switching,346,-0.3328352112198667
Risk-Aware Regime Switching,347,-0.2803827784427787
Risk-Aware Regime Switching,348,-0.2724568761840468
Risk-Aware Regime Switching,349,-0.27131822627456914
Risk-Aware Regime Switching,350,-0.28498073427921133
Risk-Aware Regime Switching,351,-0.20793408807181124
Risk-Aware Regime Switching,352,-0.2750027340993416
Risk-Aware Regime Switching,353,-0.2474286100274684
Risk-Aware Regime Switching,354,-0.1666452536240941
Risk-Aware Regime Switching,355,-0.20712613282935854
Risk-Aware Regime Switching,356,-0.17468057058165576
Risk-Aware Regime Switching,357,-0.2489289083824764
Risk-Aware Regime Switching,358,-0.24608128194446888
Risk-Aware Regime Switching,359,-0.39347230145249745
Risk-Aware Regime Switching,360,-0.1483501548534938
Risk-Aware Regime Switching,361,-0.27051381119873685
Risk-Aware Regime Switching,362,-0.25281542139914515
Risk-Aware Regime Switching,363,-0.13470823265947085
Risk-Aware Regime Switching,364,-0.4137733724340994
Risk-Aware Regime Switching,365,-0.21659068543073257
Risk-Aware Regime Switching,366,-0.1834449468760192
Risk-Aware Regime Switching,367,-0.349766910251995
Risk-Aware Regime Switching,368,-0.10386386503245948
Risk-Aware Regime Switching,369,-0.3344646767636743
Risk-Aware Regime Switching,370,-0.162444397895522
Risk-Aware Regime Switching,371,-0.1571445731087504
Risk-Aware Regime Switching,372,-0.2009256305995677
Risk-Aware Regime Switching,373,-0.28973936155148805
Risk-Aware Regime Switching,374,-0.20397223908565876
Risk-Aware Regime Switching,375,-0.22341722831869748
Risk-Aware Regime Switching,376,-0.3577971526319068
Risk-Aware Regime Switching,377,-0.19933963801888088
Risk-Aware Regime Switching,378,-0.2401004263258033
Risk-Aware Regime Switching,379,-0.17929295580631777
Risk-Aware Regime Switching,380,-0.33025174163641136
Risk-Aware Regime Switching,381,-0.3620101118956719
Risk-Aware Regime Switching,382,-0.26412326068748293
Risk-Aware Regime Switching,383,-0.39995401195626146
Risk-Aware Regime Switching,384,-0.22755214876428775
Risk-Aware Regime Switching,385,-0.22552134369662025
Risk-Aware Regime Switching,386,-0.20904056649891922
Risk-Aware Regime Switching,387,-0.3825260592080586
Risk-Aware Regime Switching,388,-0.13183319564806772
Risk-Aware Regime Switching,389,-0.2835000468899608
Risk-Aware Regime Switching,390,-0.14056524671965054
Risk-Aware Regime Switching,391,-0.16209071304532274
Risk-Aware Regime Switching,392,-0.19719044968718125
Risk-Aware Regime Switching,393,-0.5442728112957989
Risk-Aware Regime Switching,394,-0.41105834414208076
Risk-Aware Regime Switching,395,-0.17698107983017408
Risk-Aware Regime Switching,396,-0.21031057627073624
Risk-Aware Regime Switching,397,-0.1913670672928356
Risk-Aware Regime Switching,398,-0.26978757184134927
Risk-Aware Regime Switching,399,-0.1042148445304022
Risk-Aware Regime Switching,400,-0.13595900329976185
Risk-Aware Regime Switching,401,-0.25268279767053714
Risk-Aware Regime Switching,402,-0.22620351027957775
Risk-Aware Regime Switching,403,-0.37337869922292377
Risk-Aware Regime Switching,404,-0.17862639934263214
Risk-Aware Regime Switching,405,-0.19816070362290672
Risk-Aware Regime Switching,406,-0.11651572571065372
Risk-Aware Regime Switching,407,-0.18186133493943957
Risk-Aware Regime Switching,408,-0.23807511934506742
Risk-Aware Regime Switching,409,-0.29465748436219774
Risk-Aware Regime Switching,410,-0.12225477556908826
Risk-Aware Regime Switching,411,-0.3033959049659659
Risk-Aware Regime Switching,412,-0.19034899740515654
Risk-Aware Regime Switching,413,-0.22213331670481318
Risk-Aware Regime Switching,414,-0.21800946920396413
Risk-Aware Regime Switching,415,-0.2699032060626455
Risk-Aware Regime Switching,416,-0.12538187637023224
Risk-Aware Regime Switching,417,-0.27721646459217897
Risk-Aware Regime Switching,418,-0.2893064745736309
Risk-Aware Regime Switching,419,-0.2421044409187606
Risk-Aware Regime Switching,420,-0.4228417198375195
Risk-Aware Regime Switching,421,-0.2822055428594311
Risk-Aware Regime Switching,422,-0.42083182393620644
Risk-Aware Regime Switching,423,-0.16896019742065127
Risk-Aware Regime Switching,424,-0.14430879297216725
Risk-Aware Regime Switching,425,-0.19782570810324673
Risk-Aware Regime Switching,426,-0.36067987619301356
Risk-Aware Regime Switching,427,-0.18098260584971315
Risk-Aware Regime Switching,428,-0.12813742202966227
Risk-Aware Regime Switching,429,-0.22108402459296517
Risk-Aware Regime Switching,430,-0.30658215997761673
Risk-Aware Regime Switching,431,-0.3110865180133561
Risk-Aware Regime Switching,432,-0.31465547775626324
Risk-Aware Regime Switching,433,-0.1846922457830471
Risk-Aware Regime Switching,434,-0.26719146807039573
Risk-Aware Regime Switching,435,-0.20951300973063902
Risk-Aware Regime Switching,436,-0.37666623482595796
Risk-Aware Regime Switching,437,-0.3265434768355089
Risk-Aware Regime Switching,438,-0.15128735490863476
Risk-Aware Regime Switching,439,-0.13461079563716538
Risk-Aware Regime Switching,440,-0.17893896625642736
Risk-Aware Regime Switching,441,-0.25327815183319147
Risk-Aware Regime Switching,442,-0.22866738475444082
Risk-Aware Regime Switching,443,-0.20784337155260102
Risk-Aware Regime Switching,444,-0.19421694272822243
Risk-Aware Regime Switching,445,-0.1645509903766582
Risk-Aware Regime Switching,446,-0.300750817344854
Risk-Aware Regime Switching,447,-0.2671856916144898
Risk-Aware Regime Switching,448,-0.173768385184351
Risk-Aware Regime Switching,449,-0.21096787778388715
Risk-Aware Regime Switching,450,-0.2661427632251365
Risk-Aware Regime Switching,451,-0.3400263667712845
Risk-Aware Regime Switching,452,-0.238167627436216
Risk-Aware Regime Switching,453,-0.5714157440394472
Risk-Aware Regime Switching,454,-0.24662565527721902
Risk-Aware Regime Switching,455,-0.125420209164554
Risk-Aware Regime Switching,456,-0.10482451523144476
Risk-Aware Regime Switching,457,-0.24583718435529922
Risk-Aware Regime Switching,458,-0.18821990603017036
Risk-Aware Regime Switching,459,-0.11129426033644274
Risk-Aware Regime Switching,460,-0.2799585972985733
Risk-Aware Regime Switching,461,-0.2312812313742847
Risk-Aware Regime Switching,462,-0.22922904316594472
Risk-Aware Regime Switching,463,-0.20632376442521805
Risk-Aware Regime Switching,464,-0.2903730448989392
Risk-Aware Regime Switching,465,-0.22890734066189167
Risk-Aware Regime Switching,466,-0.32323433791074374
Risk-Aware Regime Switching,467,-0.21369372890790295
Risk-Aware Regime Switching,468,-0.23966069267127044
Risk-Aware Regime Switching,469,-0.13144453666435074
Risk-Aware Regime Switching,470,-0.2848434703507856
Risk-Aware Regime Switching,471,-0.4148270029099539
Risk-Aware Regime Switching,472,-0.1131683328864792
Risk-Aware Regime Switching,473,-0.18407100987877845
Risk-Aware Regime Switching,474,-0.21516553419851392
Risk-Aware Regime Switching,475,-0.21200687326189116
Risk-Aware Regime Switching,476,-0.2724187615520438
Risk-Aware Regime Switching,477,-0.09318667734404518
Risk-Aware Regime Switching,478,-0.24342637620578422
Risk-Aware Regime Switching,479,-0.16611196869691625
Risk-Aware Regime Switching,480,-0.17316519515675444
Risk-Aware Regime Switching,481,-0.20248598908598392
Risk-Aware Regime Switching,482,-0.2718433739627577
Risk-Aware Regime Switching,483,-0.24584853372297633
Risk-Aware Regime Switching,484,-0.3203488435389459
Risk-Aware Regime Switching,485,-0.1971342085137635
Risk-Aware Regime Switching,486,-0.2445663087625164
Risk-Aware Regime Switching,487,-0.29544369712948926
Risk-Aware Regime Switching,488,-0.2535594865772217
Risk-Aware Regime Switching,489,-0.3932413783097751
Risk-Aware Regime Switching,490,-0.1749357768373372
Risk-Aware Regime Switching,491,-0.15169383125252134
Risk-Aware Regime Switching,492,-0.23960739185852442
Risk-Aware Regime Switching,493,-0.203092359440603
Risk-Aware Regime Switching,494,-0.22124019665162908
Risk-Aware Regime Switching,495,-0.24041723480060406
Risk-Aware Regime Switching,496,-0.32125607014253754
Risk-Aware Regime Switching,497,-0.26776234821450917
Risk-Aware Regime Switching,498,-0.1275971096030365
Risk-Aware Regime Switching,499,-0.12131344894776275
Risk-Aware Regime Switching,500,-0.2724309350901196
Risk-Aware Regime Switching,501,-0.27323516274021287
Risk-Aware Regime Switching,502,-0.29671041543627985
Risk-Aware Regime Switching,503,-0.23595928816903322
Risk-Aware Regime Switching,504,-0.2903588909145889
Risk-Aware Regime Switching,505,-0.2750798631284541
Risk-Aware Regime Switching,506,-0.18483691054020712
Risk-Aware Regime Switching,507,-0.2176222634885081
Risk-Aware Regime Switching,508,-0.1962183518124193
Risk-Aware Regime Switching,509,-0.36800377978724685
Risk-Aware Regime Switching,510,-0.17128765219812536
Risk-Aware Regime Switching,511,-0.23287516543465314
Risk-Aware Regime Switching,512,-0.2084836110257774
Risk-Aware Regime Switching,513,-0.2447759995620875
Risk-Aware Regime Switching,514,-0.45409554102056615
Risk-Aware Regime Switching,515,-0.3038585070186435
Risk-Aware Regime Switching,516,-0.20185634117533713
Risk-Aware Regime Switching,517,-0.16859361648557358
Risk-Aware Regime Switching,518,-0.25336443567030387
Risk-Aware Regime Switching,519,-0.21700570012940967
Risk-Aware Regime Switching,520,-0.42177747934178045
Risk-Aware Regime Switching,521,-0.1437465278218215
Risk-Aware Regime Switching,522,-0.17655773487802195
Risk-Aware Regime Switching,523,-0.39554197543399106
Risk-Aware Regime Switching,524,-0.17420550739852902
Risk-Aware Regime Switching,525,-0.11619449775005997
Risk-Aware Regime Switching,526,-0.19720131120651385
Risk-Aware Regime Switching,527,-0.12046071299661765
Risk-Aware Regime Switching,528,-0.23248129060968026
Risk-Aware Regime Switching,529,-0.1217236636616712
Risk-Aware Regime Switching,530,-0.13583722090999129
Risk-Aware Regime Switching,531,-0.47227738402978103
Risk-Aware Regime Switching,532,-0.1304950085695109
Risk-Aware Regime Switching,533,-0.21168663350131078
Risk-Aware Regime Switching,534,-0.32306780042235783
Risk-Aware Regime Switching,535,-0.21446257612376152
Risk-Aware Regime Switching,536,-0.30582528025005995
Risk-Aware Regime Switching,537,-0.2017292791440488
Risk-Aware Regime Switching,538,-0.3753991527615398
Risk-Aware Regime Switching,539,-0.22456907331157605
Risk-Aware Regime Switching,540,-0.18448596482685176
Risk-Aware Regime Switching,541,-0.31818210797395563
Risk-Aware Regime Switching,542,-0.18626279914206134
Risk-Aware Regime Switching,543,-0.28765004646537173
Risk-Aware Regime Switching,544,-0.3997436686565523
Risk-Aware Regime Switching,545,-0.36598962015042213
Risk-Aware Regime Switching,546,-0.2840019850327665
Risk-Aware Regime Switching,547,-0.11174469401328901
Risk-Aware Regime Switching,548,-0.21089129977066123
Risk-Aware Regime Switching,549,-0.17267415713010015
Risk-Aware Regime Switching,550,-0.24305758643639164
Risk-Aware Regime Switching,551,-0.2073674832241198
Risk-Aware Regime Switching,552,-0.19249417024700566
Risk-Aware Regime Switching,553,-0.4073436926142836
Risk-Aware Regime Switching,554,-0.21734714490392204
Risk-Aware Regime Switching,555,-0.11346442546083657
Risk-Aware Regime Switching,556,-0.14949007980514262
Risk-Aware Regime Switching,557,-0.15249579674147007
Risk-Aware Regime Switching,558,-0.36660261074575584
Risk-Aware Regime Switching,559,-0.3809460250345531
Risk-Aware Regime Switching,560,-0.26648680484320764
Risk-Aware Regime Switching,561,-0.1212603899899517
Risk-Aware Regime Switching,562,-0.3707941618370487
Risk-Aware Regime Switching,563,-0.2489933390716872
Risk-Aware Regime Switching,564,-0.26968886121214797
Risk-Aware Regime Switching,565,-0.22545274489735334
Risk-Aware Regime Switching,566,-0.23485297347662837
Risk-Aware Regime Switching,567,-0.11882910497403676
Risk-Aware Regime Switching,568,-0.2256360560851498
Risk-Aware Regime Switching,569,-0.27730072827004115
Risk-Aware Regime Switching,570,-0.2530019313452867
Risk-Aware Regime Switching,571,-0.28646290881528214
Risk-Aware Regime Switching,572,-0.30832056395280505
Risk-Aware Regime Switching,573,-0.409034193540999
Risk-Aware Regime Switching,574,-0.2734338984032487
Risk-Aware Regime Switching,575,-0.26577352702339185
Risk-Aware Regime Switching,576,-0.15700781977720224
Risk-Aware Regime Switching,577,-0.48498147001134195
Risk-Aware Regime Switching,578,-0.2739771104853461
Risk-Aware Regime Switching,579,-0.2592069276432405
Risk-Aware Regime Switching,580,-0.35946382024508494
Risk-Aware Regime Switching,581,-0.3227724981482616
Risk-Aware Regime Switching,582,-0.17180099198609555
Risk-Aware Regime Switching,583,-0.23911951141558563
Risk-Aware Regime Switching,584,-0.23995816352905885
Risk-Aware Regime Switching,585,-0.2484327680561529
Risk-Aware Regime Switching,586,-0.16057932847916256
Risk-Aware Regime Switching,587,-0.16715709026362968
Risk-Aware Regime Switching,588,-0.3634839182696692
Risk-Aware Regime Switching,589,-0.2939619103237301
Risk-Aware Regime Switching,590,-0.20018582330398693
Risk-Aware Regime Switching,591,-0.1592918183165848
Risk-Aware Regime Switching,592,-0.31030663143411974
Risk-Aware Regime Switching,593,-0.34053577382829237
Risk-Aware Regime Switching,594,-0.39610413373607756
Risk-Aware Regime Switching,595,-0.2872097197616602
Risk-Aware Regime Switching,596,-0.15157009611370864
Risk-Aware Regime Switching,597,-0.16727540154724363
Risk-Aware Regime Switching,598,-0.3111396027955716
Risk-Aware Regime Switching,599,-0.13616054372694386
Risk-Aware Regime Switching,600,-0.08963493735207051
Risk-Aware Regime Switching,601,-0.34695207557655827
Risk-Aware Regime Switching,602,-0.13390966911902058
Risk-Aware Regime Switching,603,-0.19424715586064578
Risk-Aware Regime Switching,604,-0.3693744859014002
Risk-Aware Regime Switching,605,-0.3687231590672281
Risk-Aware Regime Switching,606,-0.20356171911333265
Risk-Aware Regime Switching,607,-0.21574978373299247
Risk-Aware Regime Switching,608,-0.4817865689994163
Risk-Aware Regime Switching,609,-0.2757217470864439
Risk-Aware Regime Switching,610,-0.32948158955210205
Risk-Aware Regime Switching,611,-0.4014901308651603
Risk-Aware Regime Switching,612,-0.3190691360974196
Risk-Aware Regime Switching,613,-0.25214319886187886
Risk-Aware Regime Switching,614,-0.3383331198716205
Risk-Aware Regime Switching,615,-0.18709717361748224
Risk-Aware Regime Switching,616,-0.3103546423282263
Risk-Aware Regime Switching,617,-0.2652949643294724
Risk-Aware Regime Switching,618,-0.36276733250350723
Risk-Aware Regime Switching,619,-0.2080885657215754
Risk-Aware Regime Switching,620,-0.3324770574425745
Risk-Aware Regime Switching,621,-0.34380297858749487
Risk-Aware Regime Switching,622,-0.2343721188477833
Risk-Aware Regime Switching,623,-0.2748464062170469
Risk-Aware Regime Switching,624,-0.16527947216495398
Risk-Aware Regime Switching,625,-0.1698724779297851
Risk-Aware Regime Switching,626,-0.3489931381538812
Risk-Aware Regime Switching,627,-0.12803452413010596
Risk-Aware Regime Switching,628,-0.3239040841308455
Risk-Aware Regime Switching,629,-0.2556471995694771
Risk-Aware Regime Switching,630,-0.2978476007104701
Risk-Aware Regime Switching,631,-0.21000845275069024
Risk-Aware Regime Switching,632,-0.3200677640727926
Risk-Aware Regime Switching,633,-0.35583973420575876
Risk-Aware Regime Switching,634,-0.32068843869750496
Risk-Aware Regime Switching,635,-0.25063824803412216
Risk-Aware Regime Switching,636,-0.5293526114964765
Risk-Aware Regime Switching,637,-0.23343965134988187
Risk-Aware Regime Switching,638,-0.33659833633758784
Risk-Aware Regime Switching,639,-0.17093350605544422
Risk-Aware Regime Switching,640,-0.1887904828217989
Risk-Aware Regime Switching,641,-0.17312220782769028
Risk-Aware Regime Switching,642,-0.4744721114537177
Risk-Aware Regime Switching,643,-0.3231982871701702
Risk-Aware Regime Switching,644,-0.20308379796990794
Risk-Aware Regime Switching,645,-0.20344660502705225
Risk-Aware Regime Switching,646,-0.11747688947532364
Risk-Aware Regime Switching,647,-0.21441596362306692
Risk-Aware Regime Switching,648,-0.3759434716596983
Risk-Aware Regime Switching,649,-0.12989311493027533
Risk-Aware Regime Switching,650,-0.23971627362858017
Risk-Aware Regime Switching,651,-0.18019194197342125
Risk-Aware Regime Switching,652,-0.19734694510915485
Risk-Aware Regime Switching,653,-0.6202130242897054
Risk-Aware Regime Switching,654,-0.24184085978329972
Risk-Aware Regime Switching,655,-0.20308676028446704
Risk-Aware Regime Switching,656,-0.10474079099220568
Risk-Aware Regime Switching,657,-0.26883079154641387
Risk-Aware Regime Switching,658,-0.10462455920270941
Risk-Aware Regime Switching,659,-0.4165691173579148
Risk-Aware Regime Switching,660,-0.23952451012722087
Risk-Aware Regime Switching,661,-0.33117045327613437
Risk-Aware Regime Switching,662,-0.17654925113136866
Risk-Aware Regime Switching,663,-0.2320762128724202
Risk-Aware Regime Switching,664,-0.4602347993305257
Risk-Aware Regime Switching,665,-0.23012612719210157
Risk-Aware Regime Switching,666,-0.15554052633928783
Risk-Aware Regime Switching,667,-0.13279702790452785
Risk-Aware Regime Switching,668,-0.1799792401020076
Risk-Aware Regime Switching,669,-0.28697122194979785
Risk-Aware Regime Switching,670,-0.24627008278106932
Risk-Aware Regime Switching,671,-0.12740699972546676
Risk-Aware Regime Switching,672,-0.15799565149469896
Risk-Aware Regime Switching,673,-0.302686824785234
Risk-Aware Regime Switching,674,-0.1457472000144593
Risk-Aware Regime Switching,675,-0.426916826940844
Risk-Aware Regime Switching,676,-0.3010538958677472
Risk-Aware Regime Switching,677,-0.4494082148079729
Risk-Aware Regime Switching,678,-0.18816462500423947
Risk-Aware Regime Switching,679,-0.31310139789049873
Risk-Aware Regime Switching,680,-0.1522665454670551
Risk-Aware Regime Switching,681,-0.30485088992904563
Risk-Aware Regime Switching,682,-0.33125415437578654
Risk-Aware Regime Switching,683,-0.12279223586945953
Risk-Aware Regime Switching,684,-0.2158107757246347
Risk-Aware Regime Switching,685,-0.1630364224717722
Risk-Aware Regime Switching,686,-0.29807197877718994
Risk-Aware Regime Switching,687,-0.33803217665686147
Risk-Aware Regime Switching,688,-0.2555572215588934
Risk-Aware Regime Switching,689,-0.39284287791030015
Risk-Aware Regime Switching,690,-0.4220659456682425
Risk-Aware Regime Switching,691,-0.2355127291254464
Risk-Aware Regime Switching,692,-0.15012764430813164
Risk-Aware Regime Switching,693,-0.35746078263661174
Risk-Aware Regime Switching,694,-0.2103660231239618
Risk-Aware Regime Switching,695,-0.17764843916574524
Risk-Aware Regime Switching,696,-0.222107601093797
Risk-Aware Regime Switching,697,-0.27393290650852264
Risk-Aware Regime Switching,698,-0.2625914423367338
Risk-Aware Regime Switching,699,-0.166930853376969
Risk-Aware Regime Switching,700,-0.39401174029064556
Risk-Aware Regime Switching,701,-0.4634347488194972
Risk-Aware Regime Switching,702,-0.14295780310634287
Risk-Aware Regime Switching,703,-0.12182998949478197
Risk-Aware Regime Switching,704,-0.2945218909876881
Risk-Aware Regime Switching,705,-0.28098768395193097
Risk-Aware Regime Switching,706,-0.22711437488464903
Risk-Aware Regime Switching,707,-0.3100149349006145
Risk-Aware Regime Switching,708,-0.2031398494522645
Risk-Aware Regime Switching,709,-0.2964933990423556
Risk-Aware Regime Switching,710,-0.23360921044569183
Risk-Aware Regime Switching,711,-0.36951338284962365
Risk-Aware Regime Switching,712,-0.23643278336621454
Risk-Aware Regime Switching,713,-0.3172264910388123
Risk-Aware Regime Switching,714,-0.35905922682302416
Risk-Aware Regime Switching,715,-0.3860187735466778
Risk-Aware Regime Switching,716,-0.29644216938047707
Risk-Aware Regime Switching,717,-0.29655084045625857
Risk-Aware Regime Switching,718,-0.15593862926972502
Risk-Aware Regime Switching,719,-0.24294143667409118
Risk-Aware Regime Switching,720,-0.29044956378824305
Risk-Aware Regime Switching,721,-0.30269340827118985
Risk-Aware Regime Switching,722,-0.1945345492174395
Risk-Aware Regime Switching,723,-0.2742128691049692
Risk-Aware Regime Switching,724,-0.21778444806222308
Risk-Aware Regime Switching,725,-0.255298569043348
Risk-Aware Regime Switching,726,-0.29659161106548104
Risk-Aware Regime Switching,727,-0.33849614931642336
Risk-Aware Regime Switching,728,-0.2934084964458288
Risk-Aware Regime Switching,729,-0.2644104097679114
Risk-Aware Regime Switching,730,-0.24048069987907406
Risk-Aware Regime Switching,731,-0.14111930900962122
Risk-Aware Regime Switching,732,-0.2134191388892649
Risk-Aware Regime Switching,733,-0.4667544349303838
Risk-Aware Regime Switching,734,-0.2089947444949669
Risk-Aware Regime Switching,735,-0.14703936300062903
Risk-Aware Regime Switching,736,-0.27073901779689336
Risk-Aware Regime Switching,737,-0.2510002107163445
Risk-Aware Regime Switching,738,-0.208507100921699
Risk-Aware Regime Switching,739,-0.30683681340212177
Risk-Aware Regime Switching,740,-0.25782419478432805
Risk-Aware Regime Switching,741,-0.29634091998995116
Risk-Aware Regime Switching,742,-0.22245927517581454
Risk-Aware Regime Switching,743,-0.14167736848655998
Risk-Aware Regime Switching,744,-0.2045574373396024
Risk-Aware Regime Switching,745,-0.1904632203324529
Risk-Aware Regime Switching,746,-0.16547010839090592
Risk-Aware Regime Switching,747,-0.18633183150194688
Risk-Aware Regime Switching,748,-0.3227350072687607
Risk-Aware Regime Switching,749,-0.26192192169458006
Risk-Aware Regime Switching,750,-0.2786361819446389
Risk-Aware Regime Switching,751,-0.09015560958345092
Risk-Aware Regime Switching,752,-0.23811358678980354
Risk-Aware Regime Switching,753,-0.2117126368860769
Risk-Aware Regime Switching,754,-0.21902364088153337
Risk-Aware Regime Switching,755,-0.21831108378152597
Risk-Aware Regime Switching,756,-0.2787643876007212
Risk-Aware Regime Switching,757,-0.29911723521149125
Risk-Aware Regime Switching,758,-0.36784180417163803
Risk-Aware Regime Switching,759,-0.3789242978730568
Risk-Aware Regime Switching,760,-0.29573832796020383
Risk-Aware Regime Switching,761,-0.23829393182073522
Risk-Aware Regime Switching,762,-0.23469327431308173
Risk-Aware Regime Switching,763,-0.2194522151728362
Risk-Aware Regime Switching,764,-0.23904987340417316
Risk-Aware Regime Switching,765,-0.31090059686428584
Risk-Aware Regime Switching,766,-0.36447380749793423
Risk-Aware Regime Switching,767,-0.3355472374680879
Risk-Aware Regime Switching,768,-0.2924681649750758
Risk-Aware Regime Switching,769,-0.4661733388923087
Risk-Aware Regime Switching,770,-0.2554501153616231
Risk-Aware Regime Switching,771,-0.29860412135326264
Risk-Aware Regime Switching,772,-0.19083092655561074
Risk-Aware Regime Switching,773,-0.2449791202386259
Risk-Aware Regime Switching,774,-0.1646150085856135
Risk-Aware Regime Switching,775,-0.16765271215666921
Risk-Aware Regime Switching,776,-0.23767782219238165
Risk-Aware Regime Switching,777,-0.36523183041827134
Risk-Aware Regime Switching,778,-0.1900660532166878
Risk-Aware Regime Switching,779,-0.1324093577019414
Risk-Aware Regime Switching,780,-0.25903560519956603
Risk-Aware Regime Switching,781,-0.1392815230671468
Risk-Aware Regime Switching,782,-0.2512277880612761
Risk-Aware Regime Switching,783,-0.22369410550722846
Risk-Aware Regime Switching,784,-0.29364798373274603
Risk-Aware Regime Switching,785,-0.17416096255733804
Risk-Aware Regime Switching,786,-0.29560988343715644
Risk-Aware Regime Switching,787,-0.2716480850577363
Risk-Aware Regime Switching,788,-0.1742416886872986
Risk-Aware Regime Switching,789,-0.4027922531625252
Risk-Aware Regime Switching,790,-0.3421312566118031
Risk-Aware Regime Switching,791,-0.3868678945617895
Risk-Aware Regime Switching,792,-0.14678919828972448
Risk-Aware Regime Switching,793,-0.23544026206129554
Risk-Aware Regime Switching,794,-0.174037089295753
Risk-Aware Regime Switching,795,-0.3011945469408456
Risk-Aware Regime Switching,796,-0.23718369379876103
Risk-Aware Regime Switching,797,-0.3081328016775724
Risk-Aware Regime Switching,798,-0.32976471159324083
Risk-Aware Regime Switching,799,-0.15044932138639944
Risk-Aware Regime Switching,800,-0.1260703390081288
Risk-Aware Regime Switching,801,-0.2920871135189107
Risk-Aware Regime Switching,802,-0.21970412952254936
Risk-Aware Regime Switching,803,-0.17800845192640768
Risk-Aware Regime Switching,804,-0.17117061652906718
Risk-Aware Regime Switching,805,-0.23422241891839335
Risk-Aware Regime Switching,806,-0.17487419577695673
Risk-Aware Regime Switching,807,-0.15094077910514714
Risk-Aware Regime Switching,808,-0.3532190121328731
Risk-Aware Regime Switching,809,-0.34487004266833066
Risk-Aware Regime Switching,810,-0.1577977354759521
Risk-Aware Regime Switching,811,-0.27958354131297747
Risk-Aware Regime Switching,812,-0.32010641831816156
Risk-Aware Regime Switching,813,-0.16078557893455903
Risk-Aware Regime Switching,814,-0.3358489288518498
Risk-Aware Regime Switching,815,-0.1869647182888835
Risk-Aware Regime Switching,816,-0.17096111980609996
Risk-Aware Regime Switching,817,-0.2981033647430378
Risk-Aware Regime Switching,818,-0.25289382732206955
Risk-Aware Regime Switching,819,-0.18165211162992734
Risk-Aware Regime Switching,820,-0.34167711036514525
Risk-Aware Regime Switching,821,-0.259012127207642
Risk-Aware Regime Switching,822,-0.1273611935083414
Risk-Aware Regime Switching,823,-0.21483398234000894
Risk-Aware Regime Switching,824,-0.15021102624173022
Risk-Aware Regime Switching,825,-0.34043353185448155
Risk-Aware Regime Switching,826,-0.22433854319728352
Risk-Aware Regime Switching,827,-0.23087658957494417
Risk-Aware Regime Switching,828,-0.29415083485674554
Risk-Aware Regime Switching,829,-0.2958792094180702
Risk-Aware Regime Switching,830,-0.20514583242606865
Risk-Aware Regime Switching,831,-0.1212915803969209
Risk-Aware Regime Switching,832,-0.12611461214185138
Risk-Aware Regime Switching,833,-0.11600803319083186
Risk-Aware Regime Switching,834,-0.1252147905836407
Risk-Aware Regime Switching,835,-0.2797193651418043
Risk-Aware Regime Switching,836,-0.2799004798293081
Risk-Aware Regime Switching,837,-0.36694053218825784
Risk-Aware Regime Switching,838,-0.26110505170736364
Risk-Aware Regime Switching,839,-0.12365450581275172
Risk-Aware Regime Switching,840,-0.16986187204051184
Risk-Aware Regime Switching,841,-0.21836788344679403
Risk-Aware Regime Switching,842,-0.23036949666955409
Risk-Aware Regime Switching,843,-0.11213517641615722
Risk-Aware Regime Switching,844,-0.38653106045815533
Risk-Aware Regime Switching,845,-0.2542884752347895
Risk-Aware Regime Switching,846,-0.16711409730507365
Risk-Aware Regime Switching,847,-0.3482763830352954
Risk-Aware Regime Switching,848,-0.17982011790061958
Risk-Aware Regime Switching,849,-0.29882211546413906
Risk-Aware Regime Switching,850,-0.19389053015086077
Risk-Aware Regime Switching,851,-0.17153008331620645
Risk-Aware Regime Switching,852,-0.22840937988447385
Risk-Aware Regime Switching,853,-0.1968696493906239
Risk-Aware Regime Switching,854,-0.17964694725381136
Risk-Aware Regime Switching,855,-0.22453892297793243
Risk-Aware Regime Switching,856,-0.1787052256652275
Risk-Aware Regime Switching,857,-0.3136694969986311
Risk-Aware Regime Switching,858,-0.34805394327748596
Risk-Aware Regime Switching,859,-0.25052470320499387
Risk-Aware Regime Switching,860,-0.3570785504785019
Risk-Aware Regime Switching,861,-0.14919108926654345
Risk-Aware Regime Switching,862,-0.29998908189506135
Risk-Aware Regime Switching,863,-0.4001807574344015
Risk-Aware Regime Switching,864,-0.17598639054438447
Risk-Aware Regime Switching,865,-0.2746046807842991
Risk-Aware Regime Switching,866,-0.1647893141923843
Risk-Aware Regime Switching,867,-0.2638371015420976
Risk-Aware Regime Switching,868,-0.33184556128028286
Risk-Aware Regime Switching,869,-0.3106738733569888
Risk-Aware Regime Switching,870,-0.21769284488694862
Risk-Aware Regime Switching,871,-0.15630606000219582
Risk-Aware Regime Switching,872,-0.14583700791775922
Risk-Aware Regime Switching,873,-0.33220365654660455
Risk-Aware Regime Switching,874,-0.17976745958074247
Risk-Aware Regime Switching,875,-0.12764820909530405
Risk-Aware Regime Switching,876,-0.2783554260371375
Risk-Aware Regime Switching,877,-0.2365367666809376
Risk-Aware Regime Switching,878,-0.28411713704378383
Risk-Aware Regime Switching,879,-0.3927282940414917
Risk-Aware Regime Switching,880,-0.1066550902684188
Risk-Aware Regime Switching,881,-0.1581265683428894
Risk-Aware Regime Switching,882,-0.2633890585133264
Risk-Aware Regime Switching,883,-0.22736215934436887
Risk-Aware Regime Switching,884,-0.40339175834611907
Risk-Aware Regime Switching,885,-0.2198169586584403
Risk-Aware Regime Switching,886,-0.19212852465799424
Risk-Aware Regime Switching,887,-0.1416328435207339
Risk-Aware Regime Switching,888,-0.17955723974875026
Risk-Aware Regime Switching,889,-0.11581046736805756
Risk-Aware Regime Switching,890,-0.23095929256664238
Risk-Aware Regime Switching,891,-0.13697183597076357
Risk-Aware Regime Switching,892,-0.4206094347715137
Risk-Aware Regime Switching,893,-0.19668840446592828
Risk-Aware Regime Switching,894,-0.17963222401002488
Risk-Aware Regime Switching,895,-0.1997451172154252
Risk-Aware Regime Switching,896,-0.38021329637483026
Risk-Aware Regime Switching,897,-0.2545122381822823
Risk-Aware Regime Switching,898,-0.23492527385910267
Risk-Aware Regime Switching,899,-0.1803254487676016
Risk-Aware Regime Switching,900,-0.43239787908336835
Risk-Aware Regime Switching,901,-0.31259857263321744
Risk-Aware Regime Switching,902,-0.2278665177296756
Risk-Aware Regime Switching,903,-0.15190317781506868
Risk-Aware Regime Switching,904,-0.19971848093172995
Risk-Aware Regime Switching,905,-0.09614434491480905
Risk-Aware Regime Switching,906,-0.15200511368094316
Risk-Aware Regime Switching,907,-0.1571665488486239
Risk-Aware Regime Switching,908,-0.423949845525062
Risk-Aware Regime Switching,909,-0.23329237945353332
Risk-Aware Regime Switching,910,-0.19558788784066838
Risk-Aware Regime Switching,911,-0.22229617156950443
Risk-Aware Regime Switching,912,-0.13465302579180816
Risk-Aware Regime Switching,913,-0.299127762150878
Risk-Aware Regime Switching,914,-0.2194707020947846
Risk-Aware Regime Switching,915,-0.35329417245491856
Risk-Aware Regime Switching,916,-0.4102268955968327
Risk-Aware Regime Switching,917,-0.2419090842762196
Risk-Aware Regime Switching,918,-0.26757904024713697
Risk-Aware Regime Switching,919,-0.28859240952977905
Risk-Aware Regime Switching,920,-0.10352640028717264
Risk-Aware Regime Switching,921,-0.17363344722410334
Risk-Aware Regime Switching,922,-0.2466586413801376
Risk-Aware Regime Switching,923,-0.13467311856885533
Risk-Aware Regime Switching,924,-0.2352398358701746
Risk-Aware Regime Switching,925,-0.3002228183495609
Risk-Aware Regime Switching,926,-0.18153172602353085
Risk-Aware Regime Switching,927,-0.2322607314105748
Risk-Aware Regime Switching,928,-0.22662728975782864
Risk-Aware Regime Switching,929,-0.20213853731716847
Risk-Aware Regime Switching,930,-0.150746992196637
Risk-Aware Regime Switching,931,-0.12117032016769935
Risk-Aware Regime Switching,932,-0.1431495172105557
Risk-Aware Regime Switching,933,-0.18122492526180267
Risk-Aware Regime Switching,934,-0.30457148292217506
Risk-Aware Regime Switching,935,-0.19799321421559535
Risk-Aware Regime Switching,936,-0.23992563144551404
Risk-Aware Regime Switching,937,-0.15855345831544965
Risk-Aware Regime Switching,938,-0.43241944091491324
Risk-Aware Regime Switching,939,-0.18312895929565542
Risk-Aware Regime Switching,940,-0.29000989489151296
Risk-Aware Regime Switching,941,-0.1681924945120522
Risk-Aware Regime Switching,942,-0.1933649038526506
Risk-Aware Regime Switching,943,-0.2876790868855532
Risk-Aware Regime Switching,944,-0.22474108190140918
Risk-Aware Regime Switching,945,-0.3462466266723645
Risk-Aware Regime Switching,946,-0.19852455721585072
Risk-Aware Regime Switching,947,-0.3110474436711914
Risk-Aware Regime Switching,948,-0.3127017054538399
Risk-Aware Regime Switching,949,-0.18835381394787087
Risk-Aware Regime Switching,950,-0.1182680680865551
Risk-Aware Regime Switching,951,-0.20791052325074855
Risk-Aware Regime Switching,952,-0.17704995427864167
Risk-Aware Regime Switching,953,-0.1566903444904575
Risk-Aware Regime Switching,954,-0.1693244877164125
Risk-Aware Regime Switching,955,-0.15257547190729437
Risk-Aware Regime Switching,956,-0.21346573098793975
Risk-Aware Regime Switching,957,-0.29108588203803865
Risk-Aware Regime Switching,958,-0.23232644336822184
Risk-Aware Regime Switching,959,-0.1227713856571565
Risk-Aware Regime Switching,960,-0.14998629626966875
Risk-Aware Regime Switching,961,-0.27132466471378947
Risk-Aware Regime Switching,962,-0.46344671621199096
Risk-Aware Regime Switching,963,-0.2815791306785975
Risk-Aware Regime Switching,964,-0.2403527244985567
Risk-Aware Regime Switching,965,-0.1291000283292315
Risk-Aware Regime Switching,966,-0.1025484346851433
Risk-Aware Regime Switching,967,-0.21932222465382767
Risk-Aware Regime Switching,968,-0.225594962595692
Risk-Aware Regime Switching,969,-0.567249208981839
Risk-Aware Regime Switching,970,-0.3303545532472081
Risk-Aware Regime Switching,971,-0.2699116459149439
Risk-Aware Regime Switching,972,-0.24623090970678752
Risk-Aware Regime Switching,973,-0.23672035562440596
Risk-Aware Regime Switching,974,-0.3021743738359103
Risk-Aware Regime Switching,975,-0.3552305431582061
Risk-Aware Regime Switching,976,-0.16457421076446488
Risk-Aware Regime Switching,977,-0.1344878538759422
Risk-Aware Regime Switching,978,-0.28002019426472946
Risk-Aware Regime Switching,979,-0.3509108775564238
Risk-Aware Regime Switching,980,-0.12413943411673434
Risk-Aware Regime Switching,981,-0.22187616647343777
Risk-Aware Regime Switching,982,-0.19793407757254722
Risk-Aware Regime Switching,983,-0.14707713177530635
Risk-Aware Regime Switching,984,-0.3051301096489467
Risk-Aware Regime Switching,985,-0.15651646706886935
Risk-Aware Regime Switching,986,-0.23359026952592854
Risk-Aware Regime Switching,987,-0.28255667885678415
Risk-Aware Regime Switching,988,-0.1701006944521284
Risk-Aware Regime Switching,989,-0.3255417663232968
Risk-Aware Regime Switching,990,-0.19911034446381326
Risk-Aware Regime Switching,991,-0.28385537345571654
Risk-Aware Regime Switching,992,-0.28130075682878897
Risk-Aware Regime Switching,993,-0.4219467710204937
Risk-Aware Regime Switching,994,-0.12485635588013277
Risk-Aware Regime Switching,995,-0.23234258088516624
Risk-Aware Regime Switching,996,-0.2049727608613151
Risk-Aware Regime Switching,997,-0.23950237688308162
Risk-Aware Regime Switching,998,-0.16895824715114727
Risk-Aware Regime Switching,999,-0.31589470604710335
Risk-Aware Regime Switching,1000,-0.12072714740277013
Risk-Aware Regime Switching,1001,-0.34062731966030113
Risk-Aware Regime Switching,1002,-0.15766166614620347
Risk-Aware Regime Switching,1003,-0.3179707454444073
Risk-Aware Regime Switching,1004,-0.3037686958762139
Risk-Aware Regime Switching,1005,-0.1249292251829851
Risk-Aware Regime Switching,1006,-0.38430809091605334
Risk-Aware Regime Switching,1007,-0.16207190126734328
Risk-Aware Regime Switching,1008,-0.1793671655607897
Risk-Aware Regime Switching,1009,-0.22649897970326405
Risk-Aware Regime Switching,1010,-0.2513734079959258
Risk-Aware Regime Switching,1011,-0.4180716900446855
Risk-Aware Regime Switching,1012,-0.27305681586305286
Risk-Aware Regime Switching,1013,-0.19498250086683266
Risk-Aware Regime Switching,1014,-0.23673714470054008
Risk-Aware Regime Switching,1015,-0.3056769325538681
Risk-Aware Regime Switching,1016,-0.3651743089546029
Risk-Aware Regime Switching,1017,-0.1613811476323399
Risk-Aware Regime Switching,1018,-0.3809242361275692
Risk-Aware Regime Switching,1019,-0.09673742917776018
Risk-Aware Regime Switching,1020,-0.12772976852627493
Risk-Aware Regime Switching,1021,-0.33563300968389986
Risk-Aware Regime Switching,1022,-0.22169652139439922
Risk-Aware Regime Switching,1023,-0.13863589143530752
Risk-Aware Regime Switching,1024,-0.17192806547294126
Risk-Aware Regime Switching,1025,-0.19099432012660034
Risk-Aware Regime Switching,1026,-0.37810394280972814
Risk-Aware Regime Switching,1027,-0.33901839751313667
Risk-Aware Regime Switching,1028,-0.12641033564204307
Risk-Aware Regime Switching,1029,-0.21305002609232726
Risk-Aware Regime Switching,1030,-0.18127125091817586
Risk-Aware Regime Switching,1031,-0.2677756170520683
Risk-Aware Regime Switching,1032,-0.21852268500734395
Risk-Aware Regime Switching,1033,-0.2387610597260742
Risk-Aware Regime Switching,1034,-0.3245779107933019
Risk-Aware Regime Switching,1035,-0.41198768166652644
Risk-Aware Regime Switching,1036,-0.10525776095310047
Risk-Aware Regime Switching,1037,-0.19634693134830217
Risk-Aware Regime Switching,1038,-0.33900299442922044
Risk-Aware Regime Switching,1039,-0.2940855454979169
Risk-Aware Regime Switching,1040,-0.1468455260861783
Risk-Aware Regime Switching,1041,-0.12079225352824219
Risk-Aware Regime Switching,1042,-0.19736178485589517
Risk-Aware Regime Switching,1043,-0.2450321749319362
Risk-Aware Regime Switching,1044,-0.1603634893194692
Risk-Aware Regime Switching,1045,-0.3650507677752943
Risk-Aware Regime Switching,1046,-0.21481831938138995
Risk-Aware Regime Switching,1047,-0.3004331825667793
Risk-Aware Regime Switching,1048,-0.13343064468120736
Risk-Aware Regime Switching,1049,-0.16378555288168617
Risk-Aware Regime Switching,1050,-0.22251997861363737
Risk-Aware Regime Switching,1051,-0.2259427800537367
Risk-Aware Regime Switching,1052,-0.19607302180274577
Risk-Aware Regime Switching,1053,-0.12204553771707605
Risk-Aware Regime Switching,1054,-0.21709128184852022
Risk-Aware Regime Switching,1055,-0.2216471886304181
Risk-Aware Regime Switching,1056,-0.09885532707585765
Risk-Aware Regime Switching,1057,-0.17930181109313315
Risk-Aware Regime Switching,1058,-0.4999313948049937
Risk-Aware Regime Switching,1059,-0.17535084201877327
Risk-Aware Regime Switching,1060,-0.2539562992937806
Risk-Aware Regime Switching,1061,-0.34049138761463216
Risk-Aware Regime Switching,1062,-0.19798292540902196
Risk-Aware Regime Switching,1063,-0.10317025993584683
Risk-Aware Regime Switching,1064,-0.2521362270371825
Risk-Aware Regime Switching,1065,-0.09026736218367981
Risk-Aware Regime Switching,1066,-0.44149431027517605
Risk-Aware Regime Switching,1067,-0.46748982069103806
Risk-Aware Regime Switching,1068,-0.3474896488251089
Risk-Aware Regime Switching,1069,-0.17261889361129734
Risk-Aware Regime Switching,1070,-0.2056002065143272
Risk-Aware Regime Switching,1071,-0.3177037567817438
Risk-Aware Regime Switching,1072,-0.38414718578515683
Risk-Aware Regime Switching,1073,-0.21492897127816502
Risk-Aware Regime Switching,1074,-0.21164268580804468
Risk-Aware Regime Switching,1075,-0.4654720321638818
Risk-Aware Regime Switching,1076,-0.3441225661162548
Risk-Aware Regime Switching,1077,-0.29432177164363105
Risk-Aware Regime Switching,1078,-0.17323048128506713
Risk-Aware Regime Switching,1079,-0.16348526985094214
Risk-Aware Regime Switching,1080,-0.17239262777967057
Risk-Aware Regime Switching,1081,-0.3854890334418086
Risk-Aware Regime Switching,1082,-0.2994196984007029
Risk-Aware Regime Switching,1083,-0.3397407538807441
Risk-Aware Regime Switching,1084,-0.16729989070924334
Risk-Aware Regime Switching,1085,-0.23386842562341215
Risk-Aware Regime Switching,1086,-0.2963348958122146
Risk-Aware Regime Switching,1087,-0.23953615930714467
Risk-Aware Regime Switching,1088,-0.1652481148633157
Risk-Aware Regime Switching,1089,-0.2717481171491979
Risk-Aware Regime Switching,1090,-0.343239081246716
Risk-Aware Regime Switching,1091,-0.1545553070831318
Risk-Aware Regime Switching,1092,-0.16695573890552562
Risk-Aware Regime Switching,1093,-0.17877819575205045
Risk-Aware Regime Switching,1094,-0.24490326517235916
Risk-Aware Regime Switching,1095,-0.13954300162916167
Risk-Aware Regime Switching,1096,-0.20293745714120248
Risk-Aware Regime Switching,1097,-0.3474090289668713
Risk-Aware Regime Switching,1098,-0.1502176019036109
Risk-Aware Regime Switching,1099,-0.2171477463678877
Risk-Aware Regime Switching,1100,-0.29788583949446024
Risk-Aware Regime Switching,1101,-0.2094637719142003
Risk-Aware Regime Switching,1102,-0.3287060633241433
Risk-Aware Regime Switching,1103,-0.15931803869121197
Risk-Aware Regime Switching,1104,-0.20974193766916138
Risk-Aware Regime Switching,1105,-0.17225934157634182
Risk-Aware Regime Switching,1106,-0.19610843710978032
Risk-Aware Regime Switching,1107,-0.26268433623507625
Risk-Aware Regime Switching,1108,-0.3347156676453398
Risk-Aware Regime Switching,1109,-0.38846126687923255
Risk-Aware Regime Switching,1110,-0.1810864912519381
Risk-Aware Regime Switching,1111,-0.2022513158558582
Risk-Aware Regime Switching,1112,-0.39041393621180076
Risk-Aware Regime Switching,1113,-0.18336273420591254
Risk-Aware Regime Switching,1114,-0.18669129083928637
Risk-Aware Regime Switching,1115,-0.10073127834030737
Risk-Aware Regime Switching,1116,-0.1938724449358168
Risk-Aware Regime Switching,1117,-0.4588466127815425
Risk-Aware Regime Switching,1118,-0.1940536722510372
Risk-Aware Regime Switching,1119,-0.48281781242053945
Risk-Aware Regime Switching,1120,-0.10911677677864207
Risk-Aware Regime Switching,1121,-0.14935083135916005
Risk-Aware Regime Switching,1122,-0.2018724035680085
Risk-Aware Regime Switching,1123,-0.21576763217112382
Risk-Aware Regime Switching,1124,-0.17225314857507434
Risk-Aware Regime Switching,1125,-0.1402792018098299
Risk-Aware Regime Switching,1126,-0.16905410923087116
Risk-Aware Regime Switching,1127,-0.14523695995899077
Risk-Aware Regime Switching,1128,-0.40003063725240073
Risk-Aware Regime Switching,1129,-0.1773364437574887
Risk-Aware Regime Switching,1130,-0.13766218286236975
Risk-Aware Regime Switching,1131,-0.2270957550823729
Risk-Aware Regime Switching,1132,-0.29019146423214026
Risk-Aware Regime Switching,1133,-0.22322337900993672
Risk-Aware Regime Switching,1134,-0.22870240453663404
Risk-Aware Regime Switching,1135,-0.16132858720771026
Risk-Aware Regime Switching,1136,-0.17331557888689597
Risk-Aware Regime Switching,1137,-0.2373300321077868
Risk-Aware Regime Switching,1138,-0.2577446800943838
Risk-Aware Regime Switching,1139,-0.10319969933242246
Risk-Aware Regime Switching,1140,-0.3493829625998449
Risk-Aware Regime Switching,1141,-0.2136849193756204
Risk-Aware Regime Switching,1142,-0.23031639520436498
Risk-Aware Regime Switching,1143,-0.31092602181755413
Risk-Aware Regime Switching,1144,-0.30132352082066516
Risk-Aware Regime Switching,1145,-0.27416991271770486
Risk-Aware Regime Switching,1146,-0.17818873696375004
Risk-Aware Regime Switching,1147,-0.24917053081306773
Risk-Aware Regime Switching,1148,-0.18825919653085366
Risk-Aware Regime Switching,1149,-0.21824014705245776
Risk-Aware Regime Switching,1150,-0.16550919024383848
Risk-Aware Regime Switching,1151,-0.14225887176691476
Risk-Aware Regime Switching,1152,-0.12141408516143704
Risk-Aware Regime Switching,1153,-0.21354849930455833
Risk-Aware Regime Switching,1154,-0.34365380313082716
Risk-Aware Regime Switching,1155,-0.1642969875822058
Risk-Aware Regime Switching,1156,-0.37350671945637925
Risk-Aware Regime Switching,1157,-0.3284848900728661
Risk-Aware Regime Switching,1158,-0.30224081733289654
Risk-Aware Regime Switching,1159,-0.2595249142212299
Risk-Aware Regime Switching,1160,-0.1999626527912819
Risk-Aware Regime Switching,1161,-0.10375421767123882
Risk-Aware Regime Switching,1162,-0.3232939918562009
Risk-Aware Regime Switching,1163,-0.2786510197360975
Risk-Aware Regime Switching,1164,-0.2724972393087076
Risk-Aware Regime Switching,1165,-0.25430709449231803
Risk-Aware Regime Switching,1166,-0.2880409658788716
Risk-Aware Regime Switching,1167,-0.2664025357263927
Risk-Aware Regime Switching,1168,-0.30657067001751415
Risk-Aware Regime Switching,1169,-0.3435851847354249
Risk-Aware Regime Switching,1170,-0.19096370379624528
Risk-Aware Regime Switching,1171,-0.21764123732058893
Risk-Aware Regime Switching,1172,-0.12806628237710949
Risk-Aware Regime Switching,1173,-0.14707409050716058
Risk-Aware Regime Switching,1174,-0.17730368964789456
Risk-Aware Regime Switching,1175,-0.23244017010309992
Risk-Aware Regime Switching,1176,-0.2330504955960817
Risk-Aware Regime Switching,1177,-0.38076151323423624
Risk-Aware Regime Switching,1178,-0.13636127763856953
Risk-Aware Regime Switching,1179,-0.19087856621886745
Risk-Aware Regime Switching,1180,-0.20539142261811028
Risk-Aware Regime Switching,1181,-0.20394935580462958
Risk-Aware Regime Switching,1182,-0.2469791775025343
Risk-Aware Regime Switching,1183,-0.29613292410469894
Risk-Aware Regime Switching,1184,-0.27556297466972934
Risk-Aware Regime Switching,1185,-0.24116657132206187
Risk-Aware Regime Switching,1186,-0.20660812165245435
Risk-Aware Regime Switching,1187,-0.2538346502683544
Risk-Aware Regime Switching,1188,-0.2524718424347411
Risk-Aware Regime Switching,1189,-0.3493181650580013
Risk-Aware Regime Switching,1190,-0.27777168355713333
Risk-Aware Regime Switching,1191,-0.25041166298684214
Risk-Aware Regime Switching,1192,-0.12966123042194466
Risk-Aware Regime Switching,1193,-0.2333343814588743
Risk-Aware Regime Switching,1194,-0.43500250226605996
Risk-Aware Regime Switching,1195,-0.27632702069710313
Risk-Aware Regime Switching,1196,-0.1717187482358743
Risk-Aware Regime Switching,1197,-0.40889966573808434
Risk-Aware Regime Switching,1198,-0.3992456680913995
Risk-Aware Regime Switching,1199,-0.25113772713888005
Risk-Aware Regime Switching,1200,-0.26003604856052465
Risk-Aware Regime Switching,1201,-0.20312029675585397
Risk-Aware Regime Switching,1202,-0.20709865120891846
Risk-Aware Regime Switching,1203,-0.14299736698734888
Risk-Aware Regime Switching,1204,-0.17993311072527818
Risk-Aware Regime Switching,1205,-0.15510620305222322
Risk-Aware Regime Switching,1206,-0.1914697952714507
Risk-Aware Regime Switching,1207,-0.1901174009513188
Risk-Aware Regime Switching,1208,-0.2161960778712344
Risk-Aware Regime Switching,1209,-0.21278939345099146
Risk-Aware Regime Switching,1210,-0.2654750943901377
Risk-Aware Regime Switching,1211,-0.1971054723323713
Risk-Aware Regime Switching,1212,-0.39906564804906697
Risk-Aware Regime Switching,1213,-0.281503335102542
Risk-Aware Regime Switching,1214,-0.30579150006562983
Risk-Aware Regime Switching,1215,-0.19142522469651635
Risk-Aware Regime Switching,1216,-0.16924687736236732
Risk-Aware Regime Switching,1217,-0.1756665195249837
Risk-Aware Regime Switching,1218,-0.21218454435373113
Risk-Aware Regime Switching,1219,-0.1506539057119315
Risk-Aware Regime Switching,1220,-0.3409682884165801
Risk-Aware Regime Switching,1221,-0.22173077506251648
Risk-Aware Regime Switching,1222,-0.3299082376730288
Risk-Aware Regime Switching,1223,-0.33477301566966244
Risk-Aware Regime Switching,1224,-0.2854230650138364
Risk-Aware Regime Switching,1225,-0.13213099823931684
Risk-Aware Regime Switching,1226,-0.50346810161454
Risk-Aware Regime Switching,1227,-0.14678370464486235
Risk-Aware Regime Switching,1228,-0.15515356593019525
Risk-Aware Regime Switching,1229,-0.19111463966583597
Risk-Aware Regime Switching,1230,-0.15552842724816962
Risk-Aware Regime Switching,1231,-0.3433386209335394
Risk-Aware Regime Switching,1232,-0.1909267574646467
Risk-Aware Regime Switching,1233,-0.3883639426913358
Risk-Aware Regime Switching,1234,-0.1473291324020578
Risk-Aware Regime Switching,1235,-0.262966819185397
Risk-Aware Regime Switching,1236,-0.15327067083183954
Risk-Aware Regime Switching,1237,-0.2056978177735478
Risk-Aware Regime Switching,1238,-0.20187992485994977
Risk-Aware Regime Switching,1239,-0.3908405515655824
Risk-Aware Regime Switching,1240,-0.32009888880873816
Risk-Aware Regime Switching,1241,-0.22943785479355716
Risk-Aware Regime Switching,1242,-0.34778188454867687
Risk-Aware Regime Switching,1243,-0.39137206818154113
Risk-Aware Regime Switching,1244,-0.4552538457388198
Risk-Aware Regime Switching,1245,-0.31472554690784393
Risk-Aware Regime Switching,1246,-0.20437785165081923
Risk-Aware Regime Switching,1247,-0.1538452510835433
Risk-Aware Regime Switching,1248,-0.11528750076027561
Risk-Aware Regime Switching,1249,-0.19412056569531477
Risk-Aware Regime Switching,1250,-0.10257276415549665
Risk-Aware Regime Switching,1251,-0.3392527241599693
Risk-Aware Regime Switching,1252,-0.12132369676922572
Risk-Aware Regime Switching,1253,-0.4067962889790463
Risk-Aware Regime Switching,1254,-0.3856126192641286
Risk-Aware Regime Switching,1255,-0.124556135094402
Risk-Aware Regime Switching,1256,-0.40499697745069585
Risk-Aware Regime Switching,1257,-0.31835278841723436
Risk-Aware Regime Switching,1258,-0.24348558676115473
Risk-Aware Regime Switching,1259,-0.4003974143310416
Risk-Aware Regime Switching,1260,-0.48028606725551715
Risk-Aware Regime Switching,1261,-0.18187154320872478
Risk-Aware Regime Switching,1262,-0.40850193025131976
Risk-Aware Regime Switching,1263,-0.14597555043296484
Risk-Aware Regime Switching,1264,-0.2540063562587046
Risk-Aware Regime Switching,1265,-0.2555033169231472
Risk-Aware Regime Switching,1266,-0.3908262236997596
Risk-Aware Regime Switching,1267,-0.23090033990504277
Risk-Aware Regime Switching,1268,-0.13732350518257475
Risk-Aware Regime Switching,1269,-0.34043309423502455
Risk-Aware Regime Switching,1270,-0.246393993411685
Risk-Aware Regime Switching,1271,-0.16828814285504856
Risk-Aware Regime Switching,1272,-0.2833348026411172
Risk-Aware Regime Switching,1273,-0.2433343369185501
Risk-Aware Regime Switching,1274,-0.3878937828423964
Risk-Aware Regime Switching,1275,-0.4877478129927032
Risk-Aware Regime Switching,1276,-0.2819187854318208
Risk-Aware Regime Switching,1277,-0.1817919151853694
Risk-Aware Regime Switching,1278,-0.16586725700921257
Risk-Aware Regime Switching,1279,-0.1793259439333451
Risk-Aware Regime Switching,1280,-0.19185832936161307
Risk-Aware Regime Switching,1281,-0.4289525389480967
Risk-Aware Regime Switching,1282,-0.23509932584234672
Risk-Aware Regime Switching,1283,-0.3210337135781137
Risk-Aware Regime Switching,1284,-0.1284939016712756
Risk-Aware Regime Switching,1285,-0.14674354737945772
Risk-Aware Regime Switching,1286,-0.21576030632575893
Risk-Aware Regime Switching,1287,-0.19208983755495956
Risk-Aware Regime Switching,1288,-0.19524671577703445
Risk-Aware Regime Switching,1289,-0.15098170355605678
Risk-Aware Regime Switching,1290,-0.10864475130306017
Risk-Aware Regime Switching,1291,-0.3226950806122979
Risk-Aware Regime Switching,1292,-0.18604145593709276
Risk-Aware Regime Switching,1293,-0.34774606831364274
Risk-Aware Regime Switching,1294,-0.24329484629064746
Risk-Aware Regime Switching,1295,-0.12125951591529371
Risk-Aware Regime Switching,1296,-0.2729534237352318
Risk-Aware Regime Switching,1297,-0.26771596595222646
Risk-Aware Regime Switching,1298,-0.33757683814171746
Risk-Aware Regime Switching,1299,-0.190195069177179
Risk-Aware Regime Switching,1300,-0.3053787107159117
Risk-Aware Regime Switching,1301,-0.2563897773118897
Risk-Aware Regime Switching,1302,-0.3684782827189854
Risk-Aware Regime Switching,1303,-0.22266023811911084
Risk-Aware Regime Switching,1304,-0.31148975500832243
Risk-Aware Regime Switching,1305,-0.38537204571099004
Risk-Aware Regime Switching,1306,-0.21084351796638923
Risk-Aware Regime Switching,1307,-0.20940378779837543
Risk-Aware Regime Switching,1308,-0.30241960583637495
Risk-Aware Regime Switching,1309,-0.3820383477514354
Risk-Aware Regime Switching,1310,-0.2070992412187187
Risk-Aware Regime Switching,1311,-0.29867922785557044
Risk-Aware Regime Switching,1312,-0.21782216960839051
Risk-Aware Regime Switching,1313,-0.21714106443783354
Risk-Aware Regime Switching,1314,-0.19261455739848743
Risk-Aware Regime Switching,1315,-0.18041442123019846
Risk-Aware Regime Switching,1316,-0.3299551177741983
Risk-Aware Regime Switching,1317,-0.21159631406372403
Risk-Aware Regime Switching,1318,-0.13096368361960653
Risk-Aware Regime Switching,1319,-0.14923751667418084
Risk-Aware Regime Switching,1320,-0.3035367373208253
Risk-Aware Regime Switching,1321,-0.2873305901834119
Risk-Aware Regime Switching,1322,-0.27665139673890005
Risk-Aware Regime Switching,1323,-0.1294760162460471
Risk-Aware Regime Switching,1324,-0.32335318015811665
Risk-Aware Regime Switching,1325,-0.2809598247237629
Risk-Aware Regime Switching,1326,-0.10785956452145096
Risk-Aware Regime Switching,1327,-0.27392668212625215
Risk-Aware Regime Switching,1328,-0.15424968282909912
Risk-Aware Regime Switching,1329,-0.13266186505647237
Risk-Aware Regime Switching,1330,-0.16210495436935535
Risk-Aware Regime Switching,1331,-0.25257525079710796
Risk-Aware Regime Switching,1332,-0.2373486057097477
Risk-Aware Regime Switching,1333,-0.25815893650592425
Risk-Aware Regime Switching,1334,-0.32775849347198815
Risk-Aware Regime Switching,1335,-0.2640119343898465
Risk-Aware Regime Switching,1336,-0.18598410542320354
Risk-Aware Regime Switching,1337,-0.27768991100218154
Risk-Aware Regime Switching,1338,-0.20325882856942135
Risk-Aware Regime Switching,1339,-0.2678199406923246
Risk-Aware Regime Switching,1340,-0.15421903401438952
Risk-Aware Regime Switching,1341,-0.3862486928703286
Risk-Aware Regime Switching,1342,-0.1857704745684432
Risk-Aware Regime Switching,1343,-0.14834669259196143
Risk-Aware Regime Switching,1344,-0.15642921370848517
Risk-Aware Regime Switching,1345,-0.2835453356802978
Risk-Aware Regime Switching,1346,-0.2339322331907171
Risk-Aware Regime Switching,1347,-0.3724230683610463
Risk-Aware Regime Switching,1348,-0.15480254978155683
Risk-Aware Regime Switching,1349,-0.35477061996685044
Risk-Aware Regime Switching,1350,-0.1937220963235584
Risk-Aware Regime Switching,1351,-0.2758950883164296
Risk-Aware Regime Switching,1352,-0.28124849646714156
Risk-Aware Regime Switching,1353,-0.15124941714491547
Risk-Aware Regime Switching,1354,-0.12149320632055638
Risk-Aware Regime Switching,1355,-0.1677585660207963
Risk-Aware Regime Switching,1356,-0.26006632892395043
Risk-Aware Regime Switching,1357,-0.2737939989192756
Risk-Aware Regime Switching,1358,-0.22591085627004726
Risk-Aware Regime Switching,1359,-0.16877647298951237
Risk-Aware Regime Switching,1360,-0.1741465011679868
Risk-Aware Regime Switching,1361,-0.233775564056932
Risk-Aware Regime Switching,1362,-0.17869011013795966
Risk-Aware Regime Switching,1363,-0.32388952341761934
Risk-Aware Regime Switching,1364,-0.27353420704567644
Risk-Aware Regime Switching,1365,-0.2814065690439138
Risk-Aware Regime Switching,1366,-0.18795518160880365
Risk-Aware Regime Switching,1367,-0.26023221164702304
Risk-Aware Regime Switching,1368,-0.15857783259183322
Risk-Aware Regime Switching,1369,-0.2143577270784155
Risk-Aware Regime Switching,1370,-0.28349403049547983
Risk-Aware Regime Switching,1371,-0.3296243109850341
Risk-Aware Regime Switching,1372,-0.42764141702998326
Risk-Aware Regime Switching,1373,-0.21499562321586763
Risk-Aware Regime Switching,1374,-0.1434761935678951
Risk-Aware Regime Switching,1375,-0.2457556732533661
Risk-Aware Regime Switching,1376,-0.14705665532931733
Risk-Aware Regime Switching,1377,-0.22338684155267607
Risk-Aware Regime Switching,1378,-0.20341271621882728
Risk-Aware Regime Switching,1379,-0.1975209284715096
Risk-Aware Regime Switching,1380,-0.28518202959369
Risk-Aware Regime Switching,1381,-0.3531376319656283
Risk-Aware Regime Switching,1382,-0.25155589005643075
Risk-Aware Regime Switching,1383,-0.15828724926323434
Risk-Aware Regime Switching,1384,-0.19578737851013484
Risk-Aware Regime Switching,1385,-0.33418409282815853
Risk-Aware Regime Switching,1386,-0.3355546629237488
Risk-Aware Regime Switching,1387,-0.326412994654692
Risk-Aware Regime Switching,1388,-0.18170496219707033
Risk-Aware Regime Switching,1389,-0.25469864674919473
Risk-Aware Regime Switching,1390,-0.22835620870201834
Risk-Aware Regime Switching,1391,-0.22459684684010828
Risk-Aware Regime Switching,1392,-0.3342344313100861
Risk-Aware Regime Switching,1393,-0.26494397046990914
Risk-Aware Regime Switching,1394,-0.4259811544089013
Risk-Aware Regime Switching,1395,-0.24477935699126374
Risk-Aware Regime Switching,1396,-0.12292609377584429
Risk-Aware Regime Switching,1397,-0.14218099946807883
Risk-Aware Regime Switching,1398,-0.4091454081027862
Risk-Aware Regime Switching,1399,-0.20364760423580663
Risk-Aware Regime Switching,1400,-0.2271684177295492
Risk-Aware Regime Switching,1401,-0.12524080371792268
Risk-Aware Regime Switching,1402,-0.2113571330193783
Risk-Aware Regime Switching,1403,-0.3494756045444093
Risk-Aware Regime Switching,1404,-0.2664840435078716
Risk-Aware Regime Switching,1405,-0.28530844996515503
Risk-Aware Regime Switching,1406,-0.22642564352965244
Risk-Aware Regime Switching,1407,-0.24912651563377652
Risk-Aware Regime Switching,1408,-0.2774419898211461
Risk-Aware Regime Switching,1409,-0.25914420736234667
Risk-Aware Regime Switching,1410,-0.42243590825088184
Risk-Aware Regime Switching,1411,-0.2585231074211993
Risk-Aware Regime Switching,1412,-0.3030743829661102
Risk-Aware Regime Switching,1413,-0.14216239806487718
Risk-Aware Regime Switching,1414,-0.3278277181563164
Risk-Aware Regime Switching,1415,-0.15849868290687263
Risk-Aware Regime Switching,1416,-0.12656950875489004
Risk-Aware Regime Switching,1417,-0.41046778357314495
Risk-Aware Regime Switching,1418,-0.22974819691731452
Risk-Aware Regime Switching,1419,-0.27468975605402723
Risk-Aware Regime Switching,1420,-0.24713759253400847
Risk-Aware Regime Switching,1421,-0.14575315929101607
Risk-Aware Regime Switching,1422,-0.3795378976102064
Risk-Aware Regime Switching,1423,-0.46448569167766973
Risk-Aware Regime Switching,1424,-0.2290479217389645
Risk-Aware Regime Switching,1425,-0.22617843183845454
Risk-Aware Regime Switching,1426,-0.15247426291112298
Risk-Aware Regime Switching,1427,-0.38885250056355314
Risk-Aware Regime Switching,1428,-0.20977099778758312
Risk-Aware Regime Switching,1429,-0.2044423099145386
Risk-Aware Regime Switching,1430,-0.4555488712117739
Risk-Aware Regime Switching,1431,-0.3663861209343594
Risk-Aware Regime Switching,1432,-0.2901013750122421
Risk-Aware Regime Switching,1433,-0.11505726063760191
Risk-Aware Regime Switching,1434,-0.22792026561277012
Risk-Aware Regime Switching,1435,-0.13365497073988675
Risk-Aware Regime Switching,1436,-0.1341238900606535
Risk-Aware Regime Switching,1437,-0.2164628992779586
Risk-Aware Regime Switching,1438,-0.26078676042963644
Risk-Aware Regime Switching,1439,-0.16923735752964886
Risk-Aware Regime Switching,1440,-0.41526500033869307
Risk-Aware Regime Switching,1441,-0.12968017488250783
Risk-Aware Regime Switching,1442,-0.1859720971674056
Risk-Aware Regime Switching,1443,-0.5153235301101196
Risk-Aware Regime Switching,1444,-0.2759706130461467
Risk-Aware Regime Switching,1445,-0.10664680438109497
Risk-Aware Regime Switching,1446,-0.2691801888720772
Risk-Aware Regime Switching,1447,-0.16098532304517055
Risk-Aware Regime Switching,1448,-0.3217701395411704
Risk-Aware Regime Switching,1449,-0.23032393992210587
Risk-Aware Regime Switching,1450,-0.4165661343050866
Risk-Aware Regime Switching,1451,-0.28676403252560745
Risk-Aware Regime Switching,1452,-0.22973193406368564
Risk-Aware Regime Switching,1453,-0.2599853641018366
Risk-Aware Regime Switching,1454,-0.157771951958673
Risk-Aware Regime Switching,1455,-0.38128282521631773
Risk-Aware Regime Switching,1456,-0.21340155358070234
Risk-Aware Regime Switching,1457,-0.19990300134551486
Risk-Aware Regime Switching,1458,-0.34363225007660614
Risk-Aware Regime Switching,1459,-0.16996565103923167
Risk-Aware Regime Switching,1460,-0.3351678153049725
Risk-Aware Regime Switching,1461,-0.29089002361582494
Risk-Aware Regime Switching,1462,-0.14956259327631183
Risk-Aware Regime Switching,1463,-0.31364407489999024
Risk-Aware Regime Switching,1464,-0.25871252459372396
Risk-Aware Regime Switching,1465,-0.20961860985831193
Risk-Aware Regime Switching,1466,-0.1496625280388827
Risk-Aware Regime Switching,1467,-0.24998937783808095
Risk-Aware Regime Switching,1468,-0.3505515854821052
Risk-Aware Regime Switching,1469,-0.36154046571102305
Risk-Aware Regime Switching,1470,-0.23288033422613363
Risk-Aware Regime Switching,1471,-0.10543285805682512
Risk-Aware Regime Switching,1472,-0.1937774657551824
Risk-Aware Regime Switching,1473,-0.3755395236219954
Risk-Aware Regime Switching,1474,-0.1486297377321677
Risk-Aware Regime Switching,1475,-0.21629525216900325
Risk-Aware Regime Switching,1476,-0.3828940548344544
Risk-Aware Regime Switching,1477,-0.14345295506311306
Risk-Aware Regime Switching,1478,-0.2708029075100782
Risk-Aware Regime Switching,1479,-0.35794584299738796
Risk-Aware Regime Switching,1480,-0.2541931847022717
Risk-Aware Regime Switching,1481,-0.21433650612052668
Risk-Aware Regime Switching,1482,-0.10834300031730226
Risk-Aware Regime Switching,1483,-0.24785385107494518
Risk-Aware Regime Switching,1484,-0.17592584807397704
Risk-Aware Regime Switching,1485,-0.18641040088932626
Risk-Aware Regime Switching,1486,-0.3477643368830504
Risk-Aware Regime Switching,1487,-0.32912696497020255
Risk-Aware Regime Switching,1488,-0.21489598770840745
Risk-Aware Regime Switching,1489,-0.28869298605472515
Risk-Aware Regime Switching,1490,-0.3816958859302826
Risk-Aware Regime Switching,1491,-0.1881345694043972
Risk-Aware Regime Switching,1492,-0.21330211863321735
Risk-Aware Regime Switching,1493,-0.20265829170074912
Risk-Aware Regime Switching,1494,-0.2322261116761004
Risk-Aware Regime Switching,1495,-0.21429103787350767
Risk-Aware Regime Switching,1496,-0.4026261511081607
Risk-Aware Regime Switching,1497,-0.19429695484665999
Risk-Aware Regime Switching,1498,-0.41676147933833596
Risk-Aware Regime Switching,1499,-0.2904177153090126
Risk-Aware Regime Switching,1500,-0.18421452883776468
Risk-Aware Regime Switching,1501,-0.2535664819348965
Risk-Aware Regime Switching,1502,-0.2952378926396756
Risk-Aware Regime Switching,1503,-0.2208424844063872
Risk-Aware Regime Switching,1504,-0.16331384096725632
Risk-Aware Regime Switching,1505,-0.2994410843366271
Risk-Aware Regime Switching,1506,-0.26414076953281707
Risk-Aware Regime Switching,1507,-0.26242999308794956
Risk-Aware Regime Switching,1508,-0.28538619495986284
Risk-Aware Regime Switching,1509,-0.22041087281237826
Risk-Aware Regime Switching,1510,-0.23275218152326504
Risk-Aware Regime Switching,1511,-0.19850565836224043
Risk-Aware Regime Switching,1512,-0.19387705938384936
Risk-Aware Regime Switching,1513,-0.267755659326561
Risk-Aware Regime Switching,1514,-0.16916290626878283
Risk-Aware Regime Switching,1515,-0.4522283393009593
Risk-Aware Regime Switching,1516,-0.11641704510727158
Risk-Aware Regime Switching,1517,-0.22742502136788068
Risk-Aware Regime Switching,1518,-0.21684124867985655
Risk-Aware Regime Switching,1519,-0.3068716370975143
Risk-Aware Regime Switching,1520,-0.24165854056997127
Risk-Aware Regime Switching,1521,-0.127689275113388
Risk-Aware Regime Switching,1522,-0.1292792010013002
Risk-Aware Regime Switching,1523,-0.3921260465699413
Risk-Aware Regime Switching,1524,-0.18290497046870857
Risk-Aware Regime Switching,1525,-0.2311723800813994
Risk-Aware Regime Switching,1526,-0.26188136880945334
Risk-Aware Regime Switching,1527,-0.21784670952139873
Risk-Aware Regime Switching,1528,-0.3370807581338017
Risk-Aware Regime Switching,1529,-0.2642732943570575
Risk-Aware Regime Switching,1530,-0.1572985974109744
Risk-Aware Regime Switching,1531,-0.24047923656791514
Risk-Aware Regime Switching,1532,-0.19790455377379146
Risk-Aware Regime Switching,1533,-0.42623308614818334
Risk-Aware Regime Switching,1534,-0.11704457849279648
Risk-Aware Regime Switching,1535,-0.2508930049533662
Risk-Aware Regime Switching,1536,-0.2198928672819186
Risk-Aware Regime Switching,1537,-0.327007409182391
Risk-Aware Regime Switching,1538,-0.3409577778845593
Risk-Aware Regime Switching,1539,-0.16302533216191883
Risk-Aware Regime Switching,1540,-0.3328050971254052
Risk-Aware Regime Switching,1541,-0.14095728713264188
Risk-Aware Regime Switching,1542,-0.17510204043129451
Risk-Aware Regime Switching,1543,-0.17338500735713158
Risk-Aware Regime Switching,1544,-0.25377504055295896
Risk-Aware Regime Switching,1545,-0.25765955075689484
Risk-Aware Regime Switching,1546,-0.39868926480924594
Risk-Aware Regime Switching,1547,-0.38445566797218433
Risk-Aware Regime Switching,1548,-0.26631733117010303
Risk-Aware Regime Switching,1549,-0.38696321500877884
Risk-Aware Regime Switching,1550,-0.3174379806400517
Risk-Aware Regime Switching,1551,-0.21248097717158188
Risk-Aware Regime Switching,1552,-0.23969986562362977
Risk-Aware Regime Switching,1553,-0.24612419810126884
Risk-Aware Regime Switching,1554,-0.19836547558273354
Risk-Aware Regime Switching,1555,-0.29414869343449734
Risk-Aware Regime Switching,1556,-0.22059953363140083
Risk-Aware Regime Switching,1557,-0.1365920105114502
Risk-Aware Regime Switching,1558,-0.3477966482621836
Risk-Aware Regime Switching,1559,-0.20033322110801444
Risk-Aware Regime Switching,1560,-0.14549972814394752
Risk-Aware Regime Switching,1561,-0.2454335644170067
Risk-Aware Regime Switching,1562,-0.4125696746141071
Risk-Aware Regime Switching,1563,-0.210689615860288
Risk-Aware Regime Switching,1564,-0.2069483128367534
Risk-Aware Regime Switching,1565,-0.11964394384410504
Risk-Aware Regime Switching,1566,-0.38710303040308847
Risk-Aware Regime Switching,1567,-0.3799613095281352
Risk-Aware Regime Switching,1568,-0.3350216391658849
Risk-Aware Regime Switching,1569,-0.13158053029497174
Risk-Aware Regime Switching,1570,-0.1621976677072422
Risk-Aware Regime Switching,1571,-0.15827503121155895
Risk-Aware Regime Switching,1572,-0.16353348375995902
Risk-Aware Regime Switching,1573,-0.21756071555291412
Risk-Aware Regime Switching,1574,-0.3518821263141152
Risk-Aware Regime Switching,1575,-0.5702005726048587
Risk-Aware Regime Switching,1576,-0.36102388201971336
Risk-Aware Regime Switching,1577,-0.3239079277757797
Risk-Aware Regime Switching,1578,-0.22618522907862904
Risk-Aware Regime Switching,1579,-0.1160513796800976
Risk-Aware Regime Switching,1580,-0.22973306462781506
Risk-Aware Regime Switching,1581,-0.08067763200163569
Risk-Aware Regime Switching,1582,-0.30458210816495124
Risk-Aware Regime Switching,1583,-0.2145213360342536
Risk-Aware Regime Switching,1584,-0.1071435377269443
Risk-Aware Regime Switching,1585,-0.17937348035911715
Risk-Aware Regime Switching,1586,-0.21566978262455028
Risk-Aware Regime Switching,1587,-0.28863915767254156
Risk-Aware Regime Switching,1588,-0.2660063485140468
Risk-Aware Regime Switching,1589,-0.31589241271885693
Risk-Aware Regime Switching,1590,-0.2923159136054133
Risk-Aware Regime Switching,1591,-0.2713123979441162
Risk-Aware Regime Switching,1592,-0.43742799078925754
Risk-Aware Regime Switching,1593,-0.10371298300630605
Risk-Aware Regime Switching,1594,-0.33984803133121744
Risk-Aware Regime Switching,1595,-0.18735366507272355
Risk-Aware Regime Switching,1596,-0.17988332212261215
Risk-Aware Regime Switching,1597,-0.2812358832666729
Risk-Aware Regime Switching,1598,-0.20414379569844587
Risk-Aware Regime Switching,1599,-0.21991757538668022
Risk-Aware Regime Switching,1600,-0.2544005831213254
Risk-Aware Regime Switching,1601,-0.14178152815559797
Risk-Aware Regime Switching,1602,-0.24934043941716766
Risk-Aware Regime Switching,1603,-0.20235432294079336
Risk-Aware Regime Switching,1604,-0.23830356585342205
Risk-Aware Regime Switching,1605,-0.2938146247445963
Risk-Aware Regime Switching,1606,-0.14225659042383876
Risk-Aware Regime Switching,1607,-0.18862567791142337
Risk-Aware Regime Switching,1608,-0.18490979459965817
Risk-Aware Regime Switching,1609,-0.16513606986130047
Risk-Aware Regime Switching,1610,-0.27538734497623263
Risk-Aware Regime Switching,1611,-0.18574442586399864
Risk-Aware Regime Switching,1612,-0.21497389388034127
Risk-Aware Regime Switching,1613,-0.09937112293826744
Risk-Aware Regime Switching,1614,-0.17311047791145628
Risk-Aware Regime Switching,1615,-0.2705071096237487
Risk-Aware Regime Switching,1616,-0.1681744399137327
Risk-Aware Regime Switching,1617,-0.22486695113274213
Risk-Aware Regime Switching,1618,-0.16880628174322376
Risk-Aware Regime Switching,1619,-0.2856448593490849
Risk-Aware Regime Switching,1620,-0.4451161940302465
Risk-Aware Regime Switching,1621,-0.24311337015097922
Risk-Aware Regime Switching,1622,-0.10586826346201739
Risk-Aware Regime Switching,1623,-0.3396114211002107
Risk-Aware Regime Switching,1624,-0.30567809132133017
Risk-Aware Regime Switching,1625,-0.14353194116281265
Risk-Aware Regime Switching,1626,-0.3573099348016644
Risk-Aware Regime Switching,1627,-0.22732479349380874
Risk-Aware Regime Switching,1628,-0.14601860764572006
Risk-Aware Regime Switching,1629,-0.1386974751902985
Risk-Aware Regime Switching,1630,-0.1951881650001781
Risk-Aware Regime Switching,1631,-0.1720924000521079
Risk-Aware Regime Switching,1632,-0.2913987328536335
Risk-Aware Regime Switching,1633,-0.17551382983038843
Risk-Aware Regime Switching,1634,-0.2639918191865134
Risk-Aware Regime Switching,1635,-0.37093567675421957
Risk-Aware Regime Switching,1636,-0.1830693699428977
Risk-Aware Regime Switching,1637,-0.163273351797118
Risk-Aware Regime Switching,1638,-0.15167210137690268
Risk-Aware Regime Switching,1639,-0.17464916534389585
Risk-Aware Regime Switching,1640,-0.12448678270078917
Risk-Aware Regime Switching,1641,-0.33660570041684035
Risk-Aware Regime Switching,1642,-0.14086701318919426
Risk-Aware Regime Switching,1643,-0.3318308942818251
Risk-Aware Regime Switching,1644,-0.4582750360084332
Risk-Aware Regime Switching,1645,-0.18488139190473574
Risk-Aware Regime Switching,1646,-0.1451298955214113
Risk-Aware Regime Switching,1647,-0.1385351476076826
Risk-Aware Regime Switching,1648,-0.17666073250816694
Risk-Aware Regime Switching,1649,-0.18436183806787843
Risk-Aware Regime Switching,1650,-0.14535103902451996
Risk-Aware Regime Switching,1651,-0.4653480821638287
Risk-Aware Regime Switching,1652,-0.3294130001239206
Risk-Aware Regime Switching,1653,-0.22084924604109524
Risk-Aware Regime Switching,1654,-0.22302795209180482
Risk-Aware Regime Switching,1655,-0.25950409864573076
Risk-Aware Regime Switching,1656,-0.15566025371219516
Risk-Aware Regime Switching,1657,-0.24832482441991266
Risk-Aware Regime Switching,1658,-0.13655827821390953
Risk-Aware Regime Switching,1659,-0.259631428771538
Risk-Aware Regime Switching,1660,-0.2716626252801353
Risk-Aware Regime Switching,1661,-0.24697332146264406
Risk-Aware Regime Switching,1662,-0.19836103767362967
Risk-Aware Regime Switching,1663,-0.3066649521067841
Risk-Aware Regime Switching,1664,-0.2621679546613179
Risk-Aware Regime Switching,1665,-0.2867677757205237
Risk-Aware Regime Switching,1666,-0.3931315991009121
Risk-Aware Regime Switching,1667,-0.27860159095089865
Risk-Aware Regime Switching,1668,-0.16135747942852574
Risk-Aware Regime Switching,1669,-0.18754199148203232
Risk-Aware Regime Switching,1670,-0.47515921903317293
Risk-Aware Regime Switching,1671,-0.14983466806730739
Risk-Aware Regime Switching,1672,-0.14240668328968398
Risk-Aware Regime Switching,1673,-0.2136209623554377
Risk-Aware Regime Switching,1674,-0.23317282073629997
Risk-Aware Regime Switching,1675,-0.07275029071531336
Risk-Aware Regime Switching,1676,-0.20701795802703604
Risk-Aware Regime Switching,1677,-0.13705777922527862
Risk-Aware Regime Switching,1678,-0.1464010844693766
Risk-Aware Regime Switching,1679,-0.26283542536703774
Risk-Aware Regime Switching,1680,-0.21807919902821593
Risk-Aware Regime Switching,1681,-0.20163426662921513
Risk-Aware Regime Switching,1682,-0.17900809837852305
Risk-Aware Regime Switching,1683,-0.20629055655540307
Risk-Aware Regime Switching,1684,-0.1641112734707748
Risk-Aware Regime Switching,1685,-0.3308261662705685
Risk-Aware Regime Switching,1686,-0.26513156863418297
Risk-Aware Regime Switching,1687,-0.24335920900213226
Risk-Aware Regime Switching,1688,-0.18782618292867026
Risk-Aware Regime Switching,1689,-0.2634160628567167
Risk-Aware Regime Switching,1690,-0.32035605719373716
Risk-Aware Regime Switching,1691,-0.2021315547998993
Risk-Aware Regime Switching,1692,-0.22545786414313984
Risk-Aware Regime Switching,1693,-0.18492396454583881
Risk-Aware Regime Switching,1694,-0.16169358555475444
Risk-Aware Regime Switching,1695,-0.31887457914697703
Risk-Aware Regime Switching,1696,-0.39680101638018217
Risk-Aware Regime Switching,1697,-0.22764416296629952
Risk-Aware Regime Switching,1698,-0.12265870650161226
Risk-Aware Regime Switching,1699,-0.350227856284795
Risk-Aware Regime Switching,1700,-0.2534503714146912
Risk-Aware Regime Switching,1701,-0.14008881993818334
Risk-Aware Regime Switching,1702,-0.2373538575549602
Risk-Aware Regime Switching,1703,-0.1372558866735606
Risk-Aware Regime Switching,1704,-0.20304412414060624
Risk-Aware Regime Switching,1705,-0.2177449187254875
Risk-Aware Regime Switching,1706,-0.11757336564029652
Risk-Aware Regime Switching,1707,-0.1544761588537552
Risk-Aware Regime Switching,1708,-0.2063223677869005
Risk-Aware Regime Switching,1709,-0.20521184294100692
Risk-Aware Regime Switching,1710,-0.23452847791736864
Risk-Aware Regime Switching,1711,-0.19403411256884218
Risk-Aware Regime Switching,1712,-0.3498894346412691
Risk-Aware Regime Switching,1713,-0.25744634710389036
Risk-Aware Regime Switching,1714,-0.29836366888990495
Risk-Aware Regime Switching,1715,-0.438032518341404
Risk-Aware Regime Switching,1716,-0.23347766641631706
Risk-Aware Regime Switching,1717,-0.13751323210714372
Risk-Aware Regime Switching,1718,-0.15601988739626904
Risk-Aware Regime Switching,1719,-0.44195522584814806
Risk-Aware Regime Switching,1720,-0.2004433947011922
Risk-Aware Regime Switching,1721,-0.17063548206346146
Risk-Aware Regime Switching,1722,-0.13769336419772693
Risk-Aware Regime Switching,1723,-0.1862379317344337
Risk-Aware Regime Switching,1724,-0.3971399365096754
Risk-Aware Regime Switching,1725,-0.14947411555949175
Risk-Aware Regime Switching,1726,-0.21332226233430018
Risk-Aware Regime Switching,1727,-0.34433082132689186
Risk-Aware Regime Switching,1728,-0.2966479506229033
Risk-Aware Regime Switching,1729,-0.10641576742127301
Risk-Aware Regime Switching,1730,-0.20179396314166786
Risk-Aware Regime Switching,1731,-0.15495541933076573
Risk-Aware Regime Switching,1732,-0.3791491451117256
Risk-Aware Regime Switching,1733,-0.16470338197493106
Risk-Aware Regime Switching,1734,-0.1749089903513863
Risk-Aware Regime Switching,1735,-0.1867308562008344
Risk-Aware Regime Switching,1736,-0.2911879882233691
Risk-Aware Regime Switching,1737,-0.34177744043211056
Risk-Aware Regime Switching,1738,-0.18184043940394612
Risk-Aware Regime Switching,1739,-0.1619459527139836
Risk-Aware Regime Switching,1740,-0.19194864043632576
Risk-Aware Regime Switching,1741,-0.22655440763707946
Risk-Aware Regime Switching,1742,-0.1977968489780303
Risk-Aware Regime Switching,1743,-0.2414010228053144
Risk-Aware Regime Switching,1744,-0.16883920600952673
Risk-Aware Regime Switching,1745,-0.3754283901062946
Risk-Aware Regime Switching,1746,-0.43088739079754645
Risk-Aware Regime Switching,1747,-0.40193749101385123
Risk-Aware Regime Switching,1748,-0.1546090818058128
Risk-Aware Regime Switching,1749,-0.16330201164424185
Risk-Aware Regime Switching,1750,-0.369960147073251
Risk-Aware Regime Switching,1751,-0.14729088360032838
Risk-Aware Regime Switching,1752,-0.25072002089572365
Risk-Aware Regime Switching,1753,-0.34937930692989927
Risk-Aware Regime Switching,1754,-0.38472674660137385
Risk-Aware Regime Switching,1755,-0.26945702446188546
Risk-Aware Regime Switching,1756,-0.21977324257048803
Risk-Aware Regime Switching,1757,-0.3014668745350523
Risk-Aware Regime Switching,1758,-0.3790117205361797
Risk-Aware Regime Switching,1759,-0.34074540757828864
Risk-Aware Regime Switching,1760,-0.28613704711011734
Risk-Aware Regime Switching,1761,-0.13046343196535537
Risk-Aware Regime Switching,1762,-0.28777757016046024
Risk-Aware Regime Switching,1763,-0.16066089585155108
Risk-Aware Regime Switching,1764,-0.15399882720914548
Risk-Aware Regime Switching,1765,-0.14885330181345346
Risk-Aware Regime Switching,1766,-0.33374405308394983
Risk-Aware Regime Switching,1767,-0.15942153966582961
Risk-Aware Regime Switching,1768,-0.28611120205193474
Risk-Aware Regime Switching,1769,-0.09708717929553723
Risk-Aware Regime Switching,1770,-0.20964047222164406
Risk-Aware Regime Switching,1771,-0.40066214382457555
Risk-Aware Regime Switching,1772,-0.09561125903604895
Risk-Aware Regime Switching,1773,-0.266696876152125
Risk-Aware Regime Switching,1774,-0.11398062742025705
Risk-Aware Regime Switching,1775,-0.23136108097161323
Risk-Aware Regime Switching,1776,-0.1157917737177171
Risk-Aware Regime Switching,1777,-0.17440422130828492
Risk-Aware Regime Switching,1778,-0.16317937347297973
Risk-Aware Regime Switching,1779,-0.37365915586842946
Risk-Aware Regime Switching,1780,-0.3090625551245183
Risk-Aware Regime Switching,1781,-0.23296686630420416
Risk-Aware Regime Switching,1782,-0.31210548616009814
Risk-Aware Regime Switching,1783,-0.2908369840166657
Risk-Aware Regime Switching,1784,-0.21368157616111372
Risk-Aware Regime Switching,1785,-0.3183981920577462
Risk-Aware Regime Switching,1786,-0.1535609241212108
Risk-Aware Regime Switching,1787,-0.3113818934103736
Risk-Aware Regime Switching,1788,-0.3104261131216013
Risk-Aware Regime Switching,1789,-0.24544284332130017
Risk-Aware Regime Switching,1790,-0.15564983410773514
Risk-Aware Regime Switching,1791,-0.30254284671077125
Risk-Aware Regime Switching,1792,-0.15428081522134185
Risk-Aware Regime Switching,1793,-0.3294787405656674
Risk-Aware Regime Switching,1794,-0.2377870002657413
Risk-Aware Regime Switching,1795,-0.31306225160711776
Risk-Aware Regime Switching,1796,-0.10465650328250842
Risk-Aware Regime Switching,1797,-0.11797060005754267
Risk-Aware Regime Switching,1798,-0.36897451307051143
Risk-Aware Regime Switching,1799,-0.2402168497494851
Risk-Aware Regime Switching,1800,-0.24126629076427453
Risk-Aware Regime Switching,1801,-0.265014360418905
Risk-Aware Regime Switching,1802,-0.34672194071672224
Risk-Aware Regime Switching,1803,-0.13570533851112254
Risk-Aware Regime Switching,1804,-0.26705025246106917
Risk-Aware Regime Switching,1805,-0.3450801065797545
Risk-Aware Regime Switching,1806,-0.20088047946079035
Risk-Aware Regime Switching,1807,-0.0894991795602903
Risk-Aware Regime Switching,1808,-0.13631267755392595
Risk-Aware Regime Switching,1809,-0.15569056814986615
Risk-Aware Regime Switching,1810,-0.31749290635068583
Risk-Aware Regime Switching,1811,-0.13684073664446317
Risk-Aware Regime Switching,1812,-0.31340607913538143
Risk-Aware Regime Switching,1813,-0.14898289356782146
Risk-Aware Regime Switching,1814,-0.38395559565955373
Risk-Aware Regime Switching,1815,-0.1798691487317452
Risk-Aware Regime Switching,1816,-0.1285589844424737
Risk-Aware Regime Switching,1817,-0.3071645038379003
Risk-Aware Regime Switching,1818,-0.14404020224396352
Risk-Aware Regime Switching,1819,-0.17718214078027927
Risk-Aware Regime Switching,1820,-0.23029620551884755
Risk-Aware Regime Switching,1821,-0.21039568316735036
Risk-Aware Regime Switching,1822,-0.11618166109529249
Risk-Aware Regime Switching,1823,-0.1275242310576793
Risk-Aware Regime Switching,1824,-0.33052550065254427
Risk-Aware Regime Switching,1825,-0.27223986024575975
Risk-Aware Regime Switching,1826,-0.3010932127248075
Risk-Aware Regime Switching,1827,-0.34820159592111644
Risk-Aware Regime Switching,1828,-0.39109224797480546
Risk-Aware Regime Switching,1829,-0.4188968769747946
Risk-Aware Regime Switching,1830,-0.4644572346355075
Risk-Aware Regime Switching,1831,-0.15175450330621132
Risk-Aware Regime Switching,1832,-0.2840899729340727
Risk-Aware Regime Switching,1833,-0.1803721979615024
Risk-Aware Regime Switching,1834,-0.20102841232699942
Risk-Aware Regime Switching,1835,-0.17765261316987135
Risk-Aware Regime Switching,1836,-0.2876917815730877
Risk-Aware Regime Switching,1837,-0.12794501494065813
Risk-Aware Regime Switching,1838,-0.300448249668413
Risk-Aware Regime Switching,1839,-0.24437678010063146
Risk-Aware Regime Switching,1840,-0.3265492548298472
Risk-Aware Regime Switching,1841,-0.26265846840290075
Risk-Aware Regime Switching,1842,-0.37645511124045916
Risk-Aware Regime Switching,1843,-0.268651096167566
Risk-Aware Regime Switching,1844,-0.2946738798323377
Risk-Aware Regime Switching,1845,-0.2805074005467444
Risk-Aware Regime Switching,1846,-0.23444252553230516
Risk-Aware Regime Switching,1847,-0.25527047643442147
Risk-Aware Regime Switching,1848,-0.22535350884944372
Risk-Aware Regime Switching,1849,-0.32262646907848114
Risk-Aware Regime Switching,1850,-0.18754758942442562
Risk-Aware Regime Switching,1851,-0.37665441497287855
Risk-Aware Regime Switching,1852,-0.12123144394875451
Risk-Aware Regime Switching,1853,-0.2992159316088895
Risk-Aware Regime Switching,1854,-0.28966295820564814
Risk-Aware Regime Switching,1855,-0.2306559234637724
Risk-Aware Regime Switching,1856,-0.17751112195740448
Risk-Aware Regime Switching,1857,-0.1727586727262196
Risk-Aware Regime Switching,1858,-0.2206626058870681
Risk-Aware Regime Switching,1859,-0.2242348443744745
Risk-Aware Regime Switching,1860,-0.19445129935912275
Risk-Aware Regime Switching,1861,-0.231898149235377
Risk-Aware Regime Switching,1862,-0.22376194700521346
Risk-Aware Regime Switching,1863,-0.3681931540169997
Risk-Aware Regime Switching,1864,-0.2686184284924441
Risk-Aware Regime Switching,1865,-0.3755184367441261
Risk-Aware Regime Switching,1866,-0.1561239036317037
Risk-Aware Regime Switching,1867,-0.412417348954622
Risk-Aware Regime Switching,1868,-0.13040984969842662
Risk-Aware Regime Switching,1869,-0.12497293356068195
Risk-Aware Regime Switching,1870,-0.1137864337782496
Risk-Aware Regime Switching,1871,-0.4191630354221886
Risk-Aware Regime Switching,1872,-0.12778283911038424
Risk-Aware Regime Switching,1873,-0.14306061215092503
Risk-Aware Regime Switching,1874,-0.12455468512725743
Risk-Aware Regime Switching,1875,-0.201174743384266
Risk-Aware Regime Switching,1876,-0.16392738581753363
Risk-Aware Regime Switching,1877,-0.17567633677768857
Risk-Aware Regime Switching,1878,-0.4430756251396556
Risk-Aware Regime Switching,1879,-0.17550682604987833
Risk-Aware Regime Switching,1880,-0.3286585541946916
Risk-Aware Regime Switching,1881,-0.20274302836085156
Risk-Aware Regime Switching,1882,-0.18606350065390376
Risk-Aware Regime Switching,1883,-0.24257088013012584
Risk-Aware Regime Switching,1884,-0.26869313986378596
Risk-Aware Regime Switching,1885,-0.16740390345799616
Risk-Aware Regime Switching,1886,-0.1031787570630357
Risk-Aware Regime Switching,1887,-0.23350509807502007
Risk-Aware Regime Switching,1888,-0.33182786562627176
Risk-Aware Regime Switching,1889,-0.38897578435082925
Risk-Aware Regime Switching,1890,-0.3365486256304665
Risk-Aware Regime Switching,1891,-0.19036278152327712
Risk-Aware Regime Switching,1892,-0.2019553827766869
Risk-Aware Regime Switching,1893,-0.3770461085239517
Risk-Aware Regime Switching,1894,-0.34634636161474697
Risk-Aware Regime Switching,1895,-0.2531866377033496
Risk-Aware Regime Switching,1896,-0.32335223673221114
Risk-Aware Regime Switching,1897,-0.4184047823940372
Risk-Aware Regime Switching,1898,-0.26960059439122197
Risk-Aware Regime Switching,1899,-0.2851410766751209
Risk-Aware Regime Switching,1900,-0.21142027949996778
Risk-Aware Regime Switching,1901,-0.2802633192797398
Risk-Aware Regime Switching,1902,-0.45921755906906203
Risk-Aware Regime Switching,1903,-0.17300862565328856
Risk-Aware Regime Switching,1904,-0.13937022703477597
Risk-Aware Regime Switching,1905,-0.3824226515387552
Risk-Aware Regime Switching,1906,-0.3235452271560608
Risk-Aware Regime Switching,1907,-0.15058648489575932
Risk-Aware Regime Switching,1908,-0.20445246120738725
Risk-Aware Regime Switching,1909,-0.2016106881591314
Risk-Aware Regime Switching,1910,-0.21837751867761923
Risk-Aware Regime Switching,1911,-0.15071945460607217
Risk-Aware Regime Switching,1912,-0.21437919977135345
Risk-Aware Regime Switching,1913,-0.30646696349474967
Risk-Aware Regime Switching,1914,-0.20603493211507828
Risk-Aware Regime Switching,1915,-0.13640305473142245
Risk-Aware Regime Switching,1916,-0.2613828316906438
Risk-Aware Regime Switching,1917,-0.2823856328659121
Risk-Aware Regime Switching,1918,-0.38110520644896695
Risk-Aware Regime Switching,1919,-0.3143619514517484
Risk-Aware Regime Switching,1920,-0.19431970351085537
Risk-Aware Regime Switching,1921,-0.3453135898910519
Risk-Aware Regime Switching,1922,-0.506253790079622
Risk-Aware Regime Switching,1923,-0.3574597628483732
Risk-Aware Regime Switching,1924,-0.1745495862408114
Risk-Aware Regime Switching,1925,-0.18922145051447603
Risk-Aware Regime Switching,1926,-0.1629224946647213
Risk-Aware Regime Switching,1927,-0.10556740025379818
Risk-Aware Regime Switching,1928,-0.25323786667984505
Risk-Aware Regime Switching,1929,-0.3554339302283409
Risk-Aware Regime Switching,1930,-0.20324408865207866
Risk-Aware Regime Switching,1931,-0.14828030414243132
Risk-Aware Regime Switching,1932,-0.1037064208636379
Risk-Aware Regime Switching,1933,-0.15150222681593895
Risk-Aware Regime Switching,1934,-0.2532830061997595
Risk-Aware Regime Switching,1935,-0.15895583855041706
Risk-Aware Regime Switching,1936,-0.12069000188810919
Risk-Aware Regime Switching,1937,-0.12219695575500189
Risk-Aware Regime Switching,1938,-0.20511021752547154
Risk-Aware Regime Switching,1939,-0.23855478792913487
Risk-Aware Regime Switching,1940,-0.29112537235307756
Risk-Aware Regime Switching,1941,-0.14875176030208725
Risk-Aware Regime Switching,1942,-0.134750534791655
Risk-Aware Regime Switching,1943,-0.2827339088256646
Risk-Aware Regime Switching,1944,-0.19156418337446846
Risk-Aware Regime Switching,1945,-0.3363363064645094
Risk-Aware Regime Switching,1946,-0.25664464329679537
Risk-Aware Regime Switching,1947,-0.1667250098411176
Risk-Aware Regime Switching,1948,-0.20107709332793755
Risk-Aware Regime Switching,1949,-0.2594613686092706
Risk-Aware Regime Switching,1950,-0.14072613342788365
Risk-Aware Regime Switching,1951,-0.15192500513045237
Risk-Aware Regime Switching,1952,-0.17089732571840788
Risk-Aware Regime Switching,1953,-0.11932298507855421
Risk-Aware Regime Switching,1954,-0.5448873736764714
Risk-Aware Regime Switching,1955,-0.11506420717401156
Risk-Aware Regime Switching,1956,-0.2545991071637612
Risk-Aware Regime Switching,1957,-0.09525260232538835
Risk-Aware Regime Switching,1958,-0.45489486424012215
Risk-Aware Regime Switching,1959,-0.41624996782172563
Risk-Aware Regime Switching,1960,-0.2363742449447931
Risk-Aware Regime Switching,1961,-0.14194129318089266
Risk-Aware Regime Switching,1962,-0.2258273013767822
Risk-Aware Regime Switching,1963,-0.3584484667967148
Risk-Aware Regime Switching,1964,-0.29803924322216435
Risk-Aware Regime Switching,1965,-0.33143716004245916
Risk-Aware Regime Switching,1966,-0.25822701548042315
Risk-Aware Regime Switching,1967,-0.15827235472173418
Risk-Aware Regime Switching,1968,-0.20260098194293263
Risk-Aware Regime Switching,1969,-0.261535061539387
Risk-Aware Regime Switching,1970,-0.15517301298021946
Risk-Aware Regime Switching,1971,-0.26672303766646277
Risk-Aware Regime Switching,1972,-0.14587106729912425
Risk-Aware Regime Switching,1973,-0.27555690198004945
Risk-Aware Regime Switching,1974,-0.13494750591522575
Risk-Aware Regime Switching,1975,-0.26091300591880007
Risk-Aware Regime Switching,1976,-0.34382551803133965
Risk-Aware Regime Switching,1977,-0.2287551416352469
Risk-Aware Regime Switching,1978,-0.2555558998288531
Risk-Aware Regime Switching,1979,-0.1210663402495521
Risk-Aware Regime Switching,1980,-0.41151585835124505
Risk-Aware Regime Switching,1981,-0.21309632731255201
Risk-Aware Regime Switching,1982,-0.27395209583237745
Risk-Aware Regime Switching,1983,-0.09851935757499852
Risk-Aware Regime Switching,1984,-0.23650760855172026
Risk-Aware Regime Switching,1985,-0.2221547506451016
Risk-Aware Regime Switching,1986,-0.1378853326238083
Risk-Aware Regime Switching,1987,-0.20532540798409438
Risk-Aware Regime Switching,1988,-0.19723582789655736
Risk-Aware Regime Switching,1989,-0.15193330314748033
Risk-Aware Regime Switching,1990,-0.2704216504727873
Risk-Aware Regime Switching,1991,-0.24660451860999177
Risk-Aware Regime Switching,1992,-0.1110628621189309
Risk-Aware Regime Switching,1993,-0.128689700411738
Risk-Aware Regime Switching,1994,-0.46463009521125764
Risk-Aware Regime Switching,1995,-0.18126491610906592
Risk-Aware Regime Switching,1996,-0.2131892128459758
Risk-Aware Regime Switching,1997,-0.32798343773991645
Risk-Aware Regime Switching,1998,-0.1936099288111599
Risk-Aware Regime Switching,1999,-0.22142479270340465
Risk-Aware Regime Switching,2000,-0.1470664830808236
Risk-Aware Regime Switching,2001,-0.22607931816467752
Risk-Aware Regime Switching,2002,-0.4008199777667373
Risk-Aware Regime Switching,2003,-0.200805093682893
Risk-Aware Regime Switching,2004,-0.12282373921127199
Risk-Aware Regime Switching,2005,-0.1849568063548549
Risk-Aware Regime Switching,2006,-0.25872509991098924
Risk-Aware Regime Switching,2007,-0.2969290778304765
Risk-Aware Regime Switching,2008,-0.12052101436047413
Risk-Aware Regime Switching,2009,-0.3238436399274459
Risk-Aware Regime Switching,2010,-0.27500381779070693
Risk-Aware Regime Switching,2011,-0.1568572508457564
Risk-Aware Regime Switching,2012,-0.18842544928432292
Risk-Aware Regime Switching,2013,-0.31009566869616856
Risk-Aware Regime Switching,2014,-0.2012346232634762
Risk-Aware Regime Switching,2015,-0.40196131126302515
Risk-Aware Regime Switching,2016,-0.18335657175446507
Risk-Aware Regime Switching,2017,-0.36473797319948476
Risk-Aware Regime Switching,2018,-0.2537586271534712
Risk-Aware Regime Switching,2019,-0.18105310820709342
Risk-Aware Regime Switching,2020,-0.15998143378616547
Risk-Aware Regime Switching,2021,-0.10823214072386034
Risk-Aware Regime Switching,2022,-0.4229996226746401
Risk-Aware Regime Switching,2023,-0.4277509933852346
Risk-Aware Regime Switching,2024,-0.3152970172786267
Risk-Aware Regime Switching,2025,-0.07618165197140936
Risk-Aware Regime Switching,2026,-0.39707601870584786
Risk-Aware Regime Switching,2027,-0.2725476607638698
Risk-Aware Regime Switching,2028,-0.35326716235610733
Risk-Aware Regime Switching,2029,-0.2631270483893696
Risk-Aware Regime Switching,2030,-0.43549892473506613
Risk-Aware Regime Switching,2031,-0.13039281812093206
Risk-Aware Regime Switching,2032,-0.2638764149999785
Risk-Aware Regime Switching,2033,-0.16881227695829115
Risk-Aware Regime Switching,2034,-0.32356484331017876
Risk-Aware Regime Switching,2035,-0.357859542553289
Risk-Aware Regime Switching,2036,-0.29010999376669244
Risk-Aware Regime Switching,2037,-0.3465986844451149
Risk-Aware Regime Switching,2038,-0.21249859738247312
Risk-Aware Regime Switching,2039,-0.23662223197705512
Risk-Aware Regime Switching,2040,-0.16607748273943768
Risk-Aware Regime Switching,2041,-0.16738219891913664
Risk-Aware Regime Switching,2042,-0.3924667415611135
Risk-Aware Regime Switching,2043,-0.3961695351989295
Risk-Aware Regime Switching,2044,-0.3251546518935595
Risk-Aware Regime Switching,2045,-0.21668925785630333
Risk-Aware Regime Switching,2046,-0.21136053175639613
Risk-Aware Regime Switching,2047,-0.20904263336750262
Risk-Aware Regime Switching,2048,-0.4125401776079711
Risk-Aware Regime Switching,2049,-0.23317683466986217
Risk-Aware Regime Switching,2050,-0.13454131338372943
Risk-Aware Regime Switching,2051,-0.4942399533380828
Risk-Aware Regime Switching,2052,-0.1623744129292597
Risk-Aware Regime Switching,2053,-0.325017879642467
Risk-Aware Regime Switching,2054,-0.26125372235492905
Risk-Aware Regime Switching,2055,-0.19167214848698866
Risk-Aware Regime Switching,2056,-0.21766508774627114
Risk-Aware Regime Switching,2057,-0.2512852032761719
Risk-Aware Regime Switching,2058,-0.33279641699689755
Risk-Aware Regime Switching,2059,-0.25020790241946567
Risk-Aware Regime Switching,2060,-0.09369052142492362
Risk-Aware Regime Switching,2061,-0.22834770553042838
Risk-Aware Regime Switching,2062,-0.2004639519675978
Risk-Aware Regime Switching,2063,-0.30260864014902467
Risk-Aware Regime Switching,2064,-0.10599332011917073
Risk-Aware Regime Switching,2065,-0.1800198763275893
Risk-Aware Regime Switching,2066,-0.2538868825799633
Risk-Aware Regime Switching,2067,-0.48835912842402085
Risk-Aware Regime Switching,2068,-0.1698390964618096
Risk-Aware Regime Switching,2069,-0.3483502815296353
Risk-Aware Regime Switching,2070,-0.15154123771054462
Risk-Aware Regime Switching,2071,-0.1468612510891174
Risk-Aware Regime Switching,2072,-0.23401667627246237
Risk-Aware Regime Switching,2073,-0.1570920375083148
Risk-Aware Regime Switching,2074,-0.15954429810092108
Risk-Aware Regime Switching,2075,-0.21750919262767854
Risk-Aware Regime Switching,2076,-0.09425211031849612
Risk-Aware Regime Switching,2077,-0.3818920780203976
Risk-Aware Regime Switching,2078,-0.20007060436001245
Risk-Aware Regime Switching,2079,-0.27071467859049647
Risk-Aware Regime Switching,2080,-0.1384147396033104
Risk-Aware Regime Switching,2081,-0.28990184133407904
Risk-Aware Regime Switching,2082,-0.15734927483938943
Risk-Aware Regime Switching,2083,-0.13463704816318722
Risk-Aware Regime Switching,2084,-0.37035134129298775
Risk-Aware Regime Switching,2085,-0.4495044403087931
Risk-Aware Regime Switching,2086,-0.14044679059036247
Risk-Aware Regime Switching,2087,-0.3844828708844188
Risk-Aware Regime Switching,2088,-0.22419826228612094
Risk-Aware Regime Switching,2089,-0.22960762795577017
Risk-Aware Regime Switching,2090,-0.28057175675528556
Risk-Aware Regime Switching,2091,-0.45365708576633645
Risk-Aware Regime Switching,2092,-0.25407008812505205
Risk-Aware Regime Switching,2093,-0.28868646911578033
Risk-Aware Regime Switching,2094,-0.17476706308139034
Risk-Aware Regime Switching,2095,-0.274413492009122
Risk-Aware Regime Switching,2096,-0.2748924855853181
Risk-Aware Regime Switching,2097,-0.3596970357508932
Risk-Aware Regime Switching,2098,-0.15368177886091194
Risk-Aware Regime Switching,2099,-0.1919003877437333
Risk-Aware Regime Switching,2100,-0.23162763536401354
Risk-Aware Regime Switching,2101,-0.31633439281455744
Risk-Aware Regime Switching,2102,-0.24159432382482382
Risk-Aware Regime Switching,2103,-0.1639240646897956
Risk-Aware Regime Switching,2104,-0.14358132812018454
Risk-Aware Regime Switching,2105,-0.2218248640564655
Risk-Aware Regime Switching,2106,-0.15345480041050052
Risk-Aware Regime Switching,2107,-0.365167302556234
Risk-Aware Regime Switching,2108,-0.3975888323367016
Risk-Aware Regime Switching,2109,-0.1603582610265547
Risk-Aware Regime Switching,2110,-0.2431199860424622
Risk-Aware Regime Switching,2111,-0.25544271590375545
Risk-Aware Regime Switching,2112,-0.18697584164146386
Risk-Aware Regime Switching,2113,-0.21617858829060177
Risk-Aware Regime Switching,2114,-0.3227835163512164
Risk-Aware Regime Switching,2115,-0.2225178580991628
Risk-Aware Regime Switching,2116,-0.1998085487147646
Risk-Aware Regime Switching,2117,-0.22739759019187167
Risk-Aware Regime Switching,2118,-0.28042525337486324
Risk-Aware Regime Switching,2119,-0.3393944055685856
Risk-Aware Regime Switching,2120,-0.2172538471691976
Risk-Aware Regime Switching,2121,-0.15614311456199592
Risk-Aware Regime Switching,2122,-0.12156715518101546
Risk-Aware Regime Switching,2123,-0.2224096283306869
Risk-Aware Regime Switching,2124,-0.37678924472563147
Risk-Aware Regime Switching,2125,-0.2349484279352413
Risk-Aware Regime Switching,2126,-0.3904543249399909
Risk-Aware Regime Switching,2127,-0.3262815529672709
Risk-Aware Regime Switching,2128,-0.48425581630120973
Risk-Aware Regime Switching,2129,-0.30723993649582026
Risk-Aware Regime Switching,2130,-0.2622832670541282
Risk-Aware Regime Switching,2131,-0.16989995014694692
Risk-Aware Regime Switching,2132,-0.24932399864130894
Risk-Aware Regime Switching,2133,-0.14224790768054196
Risk-Aware Regime Switching,2134,-0.1595218776372187
Risk-Aware Regime Switching,2135,-0.1639486927482655
Risk-Aware Regime Switching,2136,-0.12446240740434822
Risk-Aware Regime Switching,2137,-0.18720171815858877
Risk-Aware Regime Switching,2138,-0.22033030562037303
Risk-Aware Regime Switching,2139,-0.15057532279896246
Risk-Aware Regime Switching,2140,-0.21967532755675323
Risk-Aware Regime Switching,2141,-0.15719771326672238
Risk-Aware Regime Switching,2142,-0.0840304575100812
Risk-Aware Regime Switching,2143,-0.16552015249892882
Risk-Aware Regime Switching,2144,-0.30480970660720397
Risk-Aware Regime Switching,2145,-0.23038154644977227
Risk-Aware Regime Switching,2146,-0.22322247760928882
Risk-Aware Regime Switching,2147,-0.23983910841769973
Risk-Aware Regime Switching,2148,-0.14897410530566524
Risk-Aware Regime Switching,2149,-0.2405791028833355
Risk-Aware Regime Switching,2150,-0.2664564721818935
Risk-Aware Regime Switching,2151,-0.23997425903907943
Risk-Aware Regime Switching,2152,-0.10724609528470241
Risk-Aware Regime Switching,2153,-0.18239389054250676
Risk-Aware Regime Switching,2154,-0.4046197131030155
Risk-Aware Regime Switching,2155,-0.2326403282460885
Risk-Aware Regime Switching,2156,-0.34059878770484997
Risk-Aware Regime Switching,2157,-0.38154536932501815
Risk-Aware Regime Switching,2158,-0.1491189343560747
Risk-Aware Regime Switching,2159,-0.2969847944647328
Risk-Aware Regime Switching,2160,-0.22807878388807357
Risk-Aware Regime Switching,2161,-0.24422493260914446
Risk-Aware Regime Switching,2162,-0.23728975044334955
Risk-Aware Regime Switching,2163,-0.20658769166292779
Risk-Aware Regime Switching,2164,-0.10423934911645338
Risk-Aware Regime Switching,2165,-0.25661131128175163
Risk-Aware Regime Switching,2166,-0.23321383345722224
Risk-Aware Regime Switching,2167,-0.08085399321535047
Risk-Aware Regime Switching,2168,-0.37798723948546964
Risk-Aware Regime Switching,2169,-0.23374678823921347
Risk-Aware Regime Switching,2170,-0.2393364368029427
Risk-Aware Regime Switching,2171,-0.1041957151557863
Risk-Aware Regime Switching,2172,-0.17366580445181967
Risk-Aware Regime Switching,2173,-0.38477514474780095
Risk-Aware Regime Switching,2174,-0.11285017133270137
Risk-Aware Regime Switching,2175,-0.27555834607315366
Risk-Aware Regime Switching,2176,-0.21906922986452704
Risk-Aware Regime Switching,2177,-0.39294783783885046
Risk-Aware Regime Switching,2178,-0.19044128648992986
Risk-Aware Regime Switching,2179,-0.19810406842967265
Risk-Aware Regime Switching,2180,-0.1825687905374166
Risk-Aware Regime Switching,2181,-0.4855595433382971
Risk-Aware Regime Switching,2182,-0.19184608287037708
Risk-Aware Regime Switching,2183,-0.29259886816185365
Risk-Aware Regime Switching,2184,-0.4381350751001545
Risk-Aware Regime Switching,2185,-0.27411362708303655
Risk-Aware Regime Switching,2186,-0.33868573442785754
Risk-Aware Regime Switching,2187,-0.32949035710156105
Risk-Aware Regime Switching,2188,-0.18533197212120467
Risk-Aware Regime Switching,2189,-0.17076226234168268
Risk-Aware Regime Switching,2190,-0.21269649715342887
Risk-Aware Regime Switching,2191,-0.28833891107678467
Risk-Aware Regime Switching,2192,-0.2552470322333319
Risk-Aware Regime Switching,2193,-0.25063050354203265
Risk-Aware Regime Switching,2194,-0.2284570224733936
Risk-Aware Regime Switching,2195,-0.31096837384790044
Risk-Aware Regime Switching,2196,-0.11839852075029644
Risk-Aware Regime Switching,2197,-0.21826322303611478
Risk-Aware Regime Switching,2198,-0.17510139239213351
Risk-Aware Regime Switching,2199,-0.11892357619951976
Risk-Aware Regime Switching,2200,-0.36250944711077504
Risk-Aware Regime Switching,2201,-0.190736513384403
Risk-Aware Regime Switching,2202,-0.40973076613542947
Risk-Aware Regime Switching,2203,-0.07398700128638114
Risk-Aware Regime Switching,2204,-0.16667715609009282
Risk-Aware Regime Switching,2205,-0.3739825500354794
Risk-Aware Regime Switching,2206,-0.23305006170515297
Risk-Aware Regime Switching,2207,-0.27471577709270867
Risk-Aware Regime Switching,2208,-0.19306549523406646
Risk-Aware Regime Switching,2209,-0.43319234239136417
Risk-Aware Regime Switching,2210,-0.40451196600013406
Risk-Aware Regime Switching,2211,-0.3667496656729595
Risk-Aware Regime Switching,2212,-0.2640035831229861
Risk-Aware Regime Switching,2213,-0.3432327988154753
Risk-Aware Regime Switching,2214,-0.11045661824786435
Risk-Aware Regime Switching,2215,-0.23306799774332565
Risk-Aware Regime Switching,2216,-0.2717725887423017
Risk-Aware Regime Switching,2217,-0.22661988625964657
Risk-Aware Regime Switching,2218,-0.3072034867628898
Risk-Aware Regime Switching,2219,-0.26881187066369316
Risk-Aware Regime Switching,2220,-0.26399689413798955
Risk-Aware Regime Switching,2221,-0.1822622407095278
Risk-Aware Regime Switching,2222,-0.20555577340771958
Risk-Aware Regime Switching,2223,-0.4866986548922231
Risk-Aware Regime Switching,2224,-0.24389511458684365
Risk-Aware Regime Switching,2225,-0.2161927162297007
Risk-Aware Regime Switching,2226,-0.13741799361862983
Risk-Aware Regime Switching,2227,-0.282194769127155
Risk-Aware Regime Switching,2228,-0.3390280303983306
Risk-Aware Regime Switching,2229,-0.1600582002377452
Risk-Aware Regime Switching,2230,-0.17416911889459674
Risk-Aware Regime Switching,2231,-0.3846001946740273
Risk-Aware Regime Switching,2232,-0.17720786013301393
Risk-Aware Regime Switching,2233,-0.25621822978912234
Risk-Aware Regime Switching,2234,-0.30389570319265835
Risk-Aware Regime Switching,2235,-0.24023379223874375
Risk-Aware Regime Switching,2236,-0.38355309523185743
Risk-Aware Regime Switching,2237,-0.10245136112386122
Risk-Aware Regime Switching,2238,-0.30226909037112115
Risk-Aware Regime Switching,2239,-0.3307713681717105
Risk-Aware Regime Switching,2240,-0.2552405801691976
Risk-Aware Regime Switching,2241,-0.26518435109245997
Risk-Aware Regime Switching,2242,-0.2867900667662019
Risk-Aware Regime Switching,2243,-0.25084207436869743
Risk-Aware Regime Switching,2244,-0.2878587975237138
Risk-Aware Regime Switching,2245,-0.1470574476233617
Risk-Aware Regime Switching,2246,-0.496008464568617
Risk-Aware Regime Switching,2247,-0.21339388830693973
Risk-Aware Regime Switching,2248,-0.3017868120869105
Risk-Aware Regime Switching,2249,-0.37435009664386454
Risk-Aware Regime Switching,2250,-0.1319574433070434
Risk-Aware Regime Switching,2251,-0.32496421203896053
Risk-Aware Regime Switching,2252,-0.157968368017271
Risk-Aware Regime Switching,2253,-0.4801555196043763
Risk-Aware Regime Switching,2254,-0.23243363474013
Risk-Aware Regime Switching,2255,-0.3307480772107053
Risk-Aware Regime Switching,2256,-0.22208168324221889
Risk-Aware Regime Switching,2257,-0.15997176252462864
Risk-Aware Regime Switching,2258,-0.14512924996913534
Risk-Aware Regime Switching,2259,-0.17821581078483528
Risk-Aware Regime Switching,2260,-0.14313218441907039
Risk-Aware Regime Switching,2261,-0.22549961218971526
Risk-Aware Regime Switching,2262,-0.2460242121356222
Risk-Aware Regime Switching,2263,-0.25659073390763487
Risk-Aware Regime Switching,2264,-0.25003945458858323
Risk-Aware Regime Switching,2265,-0.24983984547544869
Risk-Aware Regime Switching,2266,-0.1552544757234281
Risk-Aware Regime Switching,2267,-0.11225250241725593
Risk-Aware Regime Switching,2268,-0.15071134179532997
Risk-Aware Regime Switching,2269,-0.302263879805467
Risk-Aware Regime Switching,2270,-0.29692774800148036
Risk-Aware Regime Switching,2271,-0.3291154982590566
Risk-Aware Regime Switching,2272,-0.17030025528792403
Risk-Aware Regime Switching,2273,-0.1848286049711214
Risk-Aware Regime Switching,2274,-0.2719802358133456
Risk-Aware Regime Switching,2275,-0.132966355408909
Risk-Aware Regime Switching,2276,-0.31017351135321714
Risk-Aware Regime Switching,2277,-0.14209892572896599
Risk-Aware Regime Switching,2278,-0.3418602051605042
Risk-Aware Regime Switching,2279,-0.17425358563447124
Risk-Aware Regime Switching,2280,-0.3207543183337743
Risk-Aware Regime Switching,2281,-0.3465977602608229
Risk-Aware Regime Switching,2282,-0.34668143890926995
Risk-Aware Regime Switching,2283,-0.29715538357642035
Risk-Aware Regime Switching,2284,-0.2747538150555271
Risk-Aware Regime Switching,2285,-0.4539776079745603
Risk-Aware Regime Switching,2286,-0.19307941408527818
Risk-Aware Regime Switching,2287,-0.13739272617652765
Risk-Aware Regime Switching,2288,-0.25907482453872743
Risk-Aware Regime Switching,2289,-0.34865155870953757
Risk-Aware Regime Switching,2290,-0.20291533802298978
Risk-Aware Regime Switching,2291,-0.19536026026864184
Risk-Aware Regime Switching,2292,-0.3069031484429352
Risk-Aware Regime Switching,2293,-0.29283408705857594
Risk-Aware Regime Switching,2294,-0.28825172684325717
Risk-Aware Regime Switching,2295,-0.15989112542931505
Risk-Aware Regime Switching,2296,-0.11465638147138935
Risk-Aware Regime Switching,2297,-0.23638304159210322
Risk-Aware Regime Switching,2298,-0.2613188670960438
Risk-Aware Regime Switching,2299,-0.3208960227361125
Risk-Aware Regime Switching,2300,-0.21701015976013105
Risk-Aware Regime Switching,2301,-0.34596898607990656
Risk-Aware Regime Switching,2302,-0.30905657156524013
Risk-Aware Regime Switching,2303,-0.1838246292137642
Risk-Aware Regime Switching,2304,-0.3705854924148495
Risk-Aware Regime Switching,2305,-0.19684721212464962
Risk-Aware Regime Switching,2306,-0.25135473355142635
Risk-Aware Regime Switching,2307,-0.4191164637938418
Risk-Aware Regime Switching,2308,-0.3927592398815497
Risk-Aware Regime Switching,2309,-0.3107436502405526
Risk-Aware Regime Switching,2310,-0.35087753443133707
Risk-Aware Regime Switching,2311,-0.30001832073439694
Risk-Aware Regime Switching,2312,-0.16370181155362762
Risk-Aware Regime Switching,2313,-0.4024640073650012
Risk-Aware Regime Switching,2314,-0.19049871780905814
Risk-Aware Regime Switching,2315,-0.262781440624953
Risk-Aware Regime Switching,2316,-0.11991120105623587
Risk-Aware Regime Switching,2317,-0.19551660705847063
Risk-Aware Regime Switching,2318,-0.23949157794949005
Risk-Aware Regime Switching,2319,-0.16029571397178977
Risk-Aware Regime Switching,2320,-0.12466741706242734
Risk-Aware Regime Switching,2321,-0.2182651385459421
Risk-Aware Regime Switching,2322,-0.18022410328839245
Risk-Aware Regime Switching,2323,-0.20482442212012708
Risk-Aware Regime Switching,2324,-0.21477274882143182
Risk-Aware Regime Switching,2325,-0.1864749162850835
Risk-Aware Regime Switching,2326,-0.18911604477084998
Risk-Aware Regime Switching,2327,-0.3652595095597523
Risk-Aware Regime Switching,2328,-0.1888726194290642
Risk-Aware Regime Switching,2329,-0.2014954700504834
Risk-Aware Regime Switching,2330,-0.22135315421989687
Risk-Aware Regime Switching,2331,-0.16635560041490283
Risk-Aware Regime Switching,2332,-0.2843917890380184
Risk-Aware Regime Switching,2333,-0.3451130477947768
Risk-Aware Regime Switching,2334,-0.2897272974700438
Risk-Aware Regime Switching,2335,-0.18977838977901773
Risk-Aware Regime Switching,2336,-0.295199345911464
Risk-Aware Regime Switching,2337,-0.31776794380402895
Risk-Aware Regime Switching,2338,-0.26558026982097227
Risk-Aware Regime Switching,2339,-0.18734742037466956
Risk-Aware Regime Switching,2340,-0.42729892441395056
Risk-Aware Regime Switching,2341,-0.4208751772241577
Risk-Aware Regime Switching,2342,-0.3235179055391484
Risk-Aware Regime Switching,2343,-0.32356363248377806
Risk-Aware Regime Switching,2344,-0.2357295716228367
Risk-Aware Regime Switching,2345,-0.14903104328124583
Risk-Aware Regime Switching,2346,-0.3780060532227565
Risk-Aware Regime Switching,2347,-0.21772130413218294
Risk-Aware Regime Switching,2348,-0.3502622020328936
Risk-Aware Regime Switching,2349,-0.3220339080878617
Risk-Aware Regime Switching,2350,-0.23437087806817525
Risk-Aware Regime Switching,2351,-0.15857285521374742
Risk-Aware Regime Switching,2352,-0.21736832185063748
Risk-Aware Regime Switching,2353,-0.16147958081251879
Risk-Aware Regime Switching,2354,-0.35444680849961174
Risk-Aware Regime Switching,2355,-0.3566677390187045
Risk-Aware Regime Switching,2356,-0.28920556057162505
Risk-Aware Regime Switching,2357,-0.18669292990476538
Risk-Aware Regime Switching,2358,-0.22299063805934283
Risk-Aware Regime Switching,2359,-0.20673927635992884
Risk-Aware Regime Switching,2360,-0.23356550071987847
Risk-Aware Regime Switching,2361,-0.2931672356220171
Risk-Aware Regime Switching,2362,-0.35448945709720814
Risk-Aware Regime Switching,2363,-0.4452583916767213
Risk-Aware Regime Switching,2364,-0.15442510343086124
Risk-Aware Regime Switching,2365,-0.46891397256127876
Risk-Aware Regime Switching,2366,-0.44877463044517063
Risk-Aware Regime Switching,2367,-0.13912996149725487
Risk-Aware Regime Switching,2368,-0.21724284414632922
Risk-Aware Regime Switching,2369,-0.4051278761032657
Risk-Aware Regime Switching,2370,-0.15065887481084117
Risk-Aware Regime Switching,2371,-0.25452758822326926
Risk-Aware Regime Switching,2372,-0.38063908472022845
Risk-Aware Regime Switching,2373,-0.2478940760249847
Risk-Aware Regime Switching,2374,-0.19632493704535037
Risk-Aware Regime Switching,2375,-0.27851106083766497
Risk-Aware Regime Switching,2376,-0.1661269116400852
Risk-Aware Regime Switching,2377,-0.29264806424803913
Risk-Aware Regime Switching,2378,-0.17891048688230304
Risk-Aware Regime Switching,2379,-0.2114750848694612
Risk-Aware Regime Switching,2380,-0.18680689027321362
Risk-Aware Regime Switching,2381,-0.169980261448744
Risk-Aware Regime Switching,2382,-0.29310448038227965
Risk-Aware Regime Switching,2383,-0.10859442302910383
Risk-Aware Regime Switching,2384,-0.23886143478667254
Risk-Aware Regime Switching,2385,-0.1319258483179303
Risk-Aware Regime Switching,2386,-0.35423575459003964
Risk-Aware Regime Switching,2387,-0.19201152531022347
Risk-Aware Regime Switching,2388,-0.20474189920659314
Risk-Aware Regime Switching,2389,-0.3288485950925113
Risk-Aware Regime Switching,2390,-0.3155999408961566
Risk-Aware Regime Switching,2391,-0.13420600106854774
Risk-Aware Regime Switching,2392,-0.2493600834705585
Risk-Aware Regime Switching,2393,-0.2790624333760523
Risk-Aware Regime Switching,2394,-0.16141650545424058
Risk-Aware Regime Switching,2395,-0.19060972109972285
Risk-Aware Regime Switching,2396,-0.28112020381735026
Risk-Aware Regime Switching,2397,-0.16144786391875687
Risk-Aware Regime Switching,2398,-0.17953253763717258
Risk-Aware Regime Switching,2399,-0.304725951711422
Risk-Aware Regime Switching,2400,-0.2231534800261913
Risk-Aware Regime Switching,2401,-0.25261068246510265
Risk-Aware Regime Switching,2402,-0.15161295373486483
Risk-Aware Regime Switching,2403,-0.21566562743718465
Risk-Aware Regime Switching,2404,-0.19048394565721127
Risk-Aware Regime Switching,2405,-0.24298758288523115
Risk-Aware Regime Switching,2406,-0.2146921129308027
Risk-Aware Regime Switching,2407,-0.21522125216877475
Risk-Aware Regime Switching,2408,-0.3620351063874284
Risk-Aware Regime Switching,2409,-0.30351198519379563
Risk-Aware Regime Switching,2410,-0.32779686899881744
Risk-Aware Regime Switching,2411,-0.21136799802050144
Risk-Aware Regime Switching,2412,-0.22689949423159583
Risk-Aware Regime Switching,2413,-0.20414796171409633
Risk-Aware Regime Switching,2414,-0.15744004852545235
Risk-Aware Regime Switching,2415,-0.19679276990007644
Risk-Aware Regime Switching,2416,-0.16379180807553406
Risk-Aware Regime Switching,2417,-0.17423359637902336
Risk-Aware Regime Switching,2418,-0.23321152914844812
Risk-Aware Regime Switching,2419,-0.1473521538806808
Risk-Aware Regime Switching,2420,-0.364311437243926
Risk-Aware Regime Switching,2421,-0.19100490817123006
Risk-Aware Regime Switching,2422,-0.19788369557535346
Risk-Aware Regime Switching,2423,-0.42852441842477884
Risk-Aware Regime Switching,2424,-0.2515727783272699
Risk-Aware Regime Switching,2425,-0.42647347956378134
Risk-Aware Regime Switching,2426,-0.3835882861124167
Risk-Aware Regime Switching,2427,-0.289985308475629
Risk-Aware Regime Switching,2428,-0.21286854162145552
Risk-Aware Regime Switching,2429,-0.3269657724406252
Risk-Aware Regime Switching,2430,-0.16518447080354282
Risk-Aware Regime Switching,2431,-0.37103200849742235
Risk-Aware Regime Switching,2432,-0.2876297115966998
Risk-Aware Regime Switching,2433,-0.411715438688267
Risk-Aware Regime Switching,2434,-0.28072143361117996
Risk-Aware Regime Switching,2435,-0.19140284199514668
Risk-Aware Regime Switching,2436,-0.14400941732816086
Risk-Aware Regime Switching,2437,-0.162066564896161
Risk-Aware Regime Switching,2438,-0.23450269559388703
Risk-Aware Regime Switching,2439,-0.1613172629954448
Risk-Aware Regime Switching,2440,-0.14266195249130675
Risk-Aware Regime Switching,2441,-0.23315948057319935
Risk-Aware Regime Switching,2442,-0.1352027980020436
Risk-Aware Regime Switching,2443,-0.15823881577947374
Risk-Aware Regime Switching,2444,-0.36065695217282323
Risk-Aware Regime Switching,2445,-0.2044983642741004
Risk-Aware Regime Switching,2446,-0.13020218436313702
Risk-Aware Regime Switching,2447,-0.2233948741439441
Risk-Aware Regime Switching,2448,-0.19340490388239473
Risk-Aware Regime Switching,2449,-0.2811938354287076
Risk-Aware Regime Switching,2450,-0.145855518228028
Risk-Aware Regime Switching,2451,-0.1561372795731637
Risk-Aware Regime Switching,2452,-0.17665662463759668
Risk-Aware Regime Switching,2453,-0.3265315681676607
Risk-Aware Regime Switching,2454,-0.28089567324100173
Risk-Aware Regime Switching,2455,-0.4445666679785867
Risk-Aware Regime Switching,2456,-0.15847123704561705
Risk-Aware Regime Switching,2457,-0.5233535225177306
Risk-Aware Regime Switching,2458,-0.21743598781092854
Risk-Aware Regime Switching,2459,-0.2578453405021969
Risk-Aware Regime Switching,2460,-0.36364905733195696
Risk-Aware Regime Switching,2461,-0.32478240879069586
Risk-Aware Regime Switching,2462,-0.1606887413249083
Risk-Aware Regime Switching,2463,-0.31881221079301625
Risk-Aware Regime Switching,2464,-0.27926097089500335
Risk-Aware Regime Switching,2465,-0.14191154271615292
Risk-Aware Regime Switching,2466,-0.271534868757909
Risk-Aware Regime Switching,2467,-0.4056101486899133
Risk-Aware Regime Switching,2468,-0.3119698324947786
Risk-Aware Regime Switching,2469,-0.19651263953528597
Risk-Aware Regime Switching,2470,-0.24152123517405244
Risk-Aware Regime Switching,2471,-0.08349790398267842
Risk-Aware Regime Switching,2472,-0.19293815308605555
Risk-Aware Regime Switching,2473,-0.11545721134116516
Risk-Aware Regime Switching,2474,-0.08830399960100543
Risk-Aware Regime Switching,2475,-0.20721235423830286
Risk-Aware Regime Switching,2476,-0.15610859737998806
Risk-Aware Regime Switching,2477,-0.1541605499355586
Risk-Aware Regime Switching,2478,-0.18445308896084267
Risk-Aware Regime Switching,2479,-0.4169642852770131
Risk-Aware Regime Switching,2480,-0.2728395203647874
Risk-Aware Regime Switching,2481,-0.11908257120030186
Risk-Aware Regime Switching,2482,-0.12655704881859942
Risk-Aware Regime Switching,2483,-0.16865269346294032
Risk-Aware Regime Switching,2484,-0.1936016178237856
Risk-Aware Regime Switching,2485,-0.17451010068031003
Risk-Aware Regime Switching,2486,-0.28000694192956166
Risk-Aware Regime Switching,2487,-0.15076660319220392
Risk-Aware Regime Switching,2488,-0.3254837921209288
Risk-Aware Regime Switching,2489,-0.2676213245672201
Risk-Aware Regime Switching,2490,-0.15480299990380153
Risk-Aware Regime Switching,2491,-0.13176602372149593
Risk-Aware Regime Switching,2492,-0.15249420931518776
Risk-Aware Regime Switching,2493,-0.2902654273547275
Risk-Aware Regime Switching,2494,-0.513970148959757
Risk-Aware Regime Switching,2495,-0.37138042859784115
Risk-Aware Regime Switching,2496,-0.14886513832607096
Risk-Aware Regime Switching,2497,-0.25588186558029025
Risk-Aware Regime Switching,2498,-0.23890825794034476
Risk-Aware Regime Switching,2499,-0.29731222408551305
Risk-Aware Regime Switching,2500,-0.10811120219045289
Risk-Aware Regime Switching,2501,-0.11299304219771145
Risk-Aware Regime Switching,2502,-0.2470461798484529
Risk-Aware Regime Switching,2503,-0.3068845486648689
Risk-Aware Regime Switching,2504,-0.4224984047047654
Risk-Aware Regime Switching,2505,-0.19647571476654357
Risk-Aware Regime Switching,2506,-0.2569791114284834
Risk-Aware Regime Switching,2507,-0.24637215553965908
Risk-Aware Regime Switching,2508,-0.1424108270695038
Risk-Aware Regime Switching,2509,-0.3445405885067918
Risk-Aware Regime Switching,2510,-0.23822223887005134
Risk-Aware Regime Switching,2511,-0.22290762503580475
Risk-Aware Regime Switching,2512,-0.17670483572618445
Risk-Aware Regime Switching,2513,-0.13532865529905247
Risk-Aware Regime Switching,2514,-0.2133313334697422
Risk-Aware Regime Switching,2515,-0.18048701243432397
Risk-Aware Regime Switching,2516,-0.16242351077014683
Risk-Aware Regime Switching,2517,-0.19806923302356005
Risk-Aware Regime Switching,2518,-0.47426609566156563
Risk-Aware Regime Switching,2519,-0.21644838451076032
Risk-Aware Regime Switching,2520,-0.3244704338904376
Risk-Aware Regime Switching,2521,-0.2830583675220064
Risk-Aware Regime Switching,2522,-0.10908043322884853
Risk-Aware Regime Switching,2523,-0.18389266596026044
Risk-Aware Regime Switching,2524,-0.18736872724936116
Risk-Aware Regime Switching,2525,-0.3036227847015879
Risk-Aware Regime Switching,2526,-0.18564784432855186
Risk-Aware Regime Switching,2527,-0.14647181097807027
Risk-Aware Regime Switching,2528,-0.3451005250969934
Risk-Aware Regime Switching,2529,-0.2892581710241118
Risk-Aware Regime Switching,2530,-0.2978138056669202
Risk-Aware Regime Switching,2531,-0.20321940800800697
Risk-Aware Regime Switching,2532,-0.16386713795800656
Risk-Aware Regime Switching,2533,-0.1492053536961172
Risk-Aware Regime Switching,2534,-0.20271728202966577
Risk-Aware Regime Switching,2535,-0.4711946189716346
Risk-Aware Regime Switching,2536,-0.2935496641472535
Risk-Aware Regime Switching,2537,-0.2005773659813841
Risk-Aware Regime Switching,2538,-0.34739911153306824
Risk-Aware Regime Switching,2539,-0.26067778087570515
Risk-Aware Regime Switching,2540,-0.1287004490267909
Risk-Aware Regime Switching,2541,-0.27243622083204666
Risk-Aware Regime Switching,2542,-0.3503501312682137
Risk-Aware Regime Switching,2543,-0.3255872117220714
Risk-Aware Regime Switching,2544,-0.28125787982497696
Risk-Aware Regime Switching,2545,-0.1203785296054607
Risk-Aware Regime Switching,2546,-0.2597785761004777
Risk-Aware Regime Switching,2547,-0.2622597632287146
Risk-Aware Regime Switching,2548,-0.1612602555353344
Risk-Aware Regime Switching,2549,-0.25194990247828564
Risk-Aware Regime Switching,2550,-0.4251355709101896
Risk-Aware Regime Switching,2551,-0.2176978438660202
Risk-Aware Regime Switching,2552,-0.3244362598838023
Risk-Aware Regime Switching,2553,-0.27332954834863343
Risk-Aware Regime Switching,2554,-0.16743355758045342
Risk-Aware Regime Switching,2555,-0.2676894769409235
Risk-Aware Regime Switching,2556,-0.22180493755933517
Risk-Aware Regime Switching,2557,-0.1508451309726463
Risk-Aware Regime Switching,2558,-0.13735800509216756
Risk-Aware Regime Switching,2559,-0.14207809858461673
Risk-Aware Regime Switching,2560,-0.2127906479548799
Risk-Aware Regime Switching,2561,-0.25589672551722775
Risk-Aware Regime Switching,2562,-0.44353970702863843
Risk-Aware Regime Switching,2563,-0.29076480347783495
Risk-Aware Regime Switching,2564,-0.15408245576470336
Risk-Aware Regime Switching,2565,-0.2352605413161114
Risk-Aware Regime Switching,2566,-0.1553449994119046
Risk-Aware Regime Switching,2567,-0.2253409281597485
Risk-Aware Regime Switching,2568,-0.13409937797691274
Risk-Aware Regime Switching,2569,-0.19279629624780958
Risk-Aware Regime Switching,2570,-0.43617410970784376
Risk-Aware Regime Switching,2571,-0.2356560003288133
Risk-Aware Regime Switching,2572,-0.2140084421289714
Risk-Aware Regime Switching,2573,-0.1489115221669325
Risk-Aware Regime Switching,2574,-0.3647436384714339
Risk-Aware Regime Switching,2575,-0.15151856003298259
Risk-Aware Regime Switching,2576,-0.17110526590759667
Risk-Aware Regime Switching,2577,-0.2766182341846558
Risk-Aware Regime Switching,2578,-0.22069306232141317
Risk-Aware Regime Switching,2579,-0.2926414855350138
Risk-Aware Regime Switching,2580,-0.13055548129503336
Risk-Aware Regime Switching,2581,-0.2757453516907138
Risk-Aware Regime Switching,2582,-0.18328965146402487
Risk-Aware Regime Switching,2583,-0.2548241681625055
Risk-Aware Regime Switching,2584,-0.21890027941819967
Risk-Aware Regime Switching,2585,-0.12330245136647666
Risk-Aware Regime Switching,2586,-0.2888756426192247
Risk-Aware Regime Switching,2587,-0.34533066877938434
Risk-Aware Regime Switching,2588,-0.1434583560438668
Risk-Aware Regime Switching,2589,-0.18590440171523748
Risk-Aware Regime Switching,2590,-0.33772436611404877
Risk-Aware Regime Switching,2591,-0.15118183450973
Risk-Aware Regime Switching,2592,-0.2345995703625513
Risk-Aware Regime Switching,2593,-0.38718677510270527
Risk-Aware Regime Switching,2594,-0.3751836871040586
Risk-Aware Regime Switching,2595,-0.15323940601055552
Risk-Aware Regime Switching,2596,-0.28483684095478057
Risk-Aware Regime Switching,2597,-0.38338633331601735
Risk-Aware Regime Switching,2598,-0.5244968689960937
Risk-Aware Regime Switching,2599,-0.16770463039465466
Risk-Aware Regime Switching,2600,-0.2424210947571902
Risk-Aware Regime Switching,2601,-0.2015209867378026
Risk-Aware Regime Switching,2602,-0.34067683941093185
Risk-Aware Regime Switching,2603,-0.33436754252406975
Risk-Aware Regime Switching,2604,-0.3436847174379344
Risk-Aware Regime Switching,2605,-0.3999932803593399
Risk-Aware Regime Switching,2606,-0.21740540951864207
Risk-Aware Regime Switching,2607,-0.3024305891051092
Risk-Aware Regime Switching,2608,-0.21028080487200984
Risk-Aware Regime Switching,2609,-0.25541802331240027
Risk-Aware Regime Switching,2610,-0.1489907045331349
Risk-Aware Regime Switching,2611,-0.33830774851565726
Risk-Aware Regime Switching,2612,-0.35775203002035105
Risk-Aware Regime Switching,2613,-0.1077452357046873
Risk-Aware Regime Switching,2614,-0.2848805644625031
Risk-Aware Regime Switching,2615,-0.3843702125876226
Risk-Aware Regime Switching,2616,-0.21083797019975703
Risk-Aware Regime Switching,2617,-0.3143080025319902
Risk-Aware Regime Switching,2618,-0.1779014733821629
Risk-Aware Regime Switching,2619,-0.2657528450297074
Risk-Aware Regime Switching,2620,-0.1715801871604148
Risk-Aware Regime Switching,2621,-0.20937824452187592
Risk-Aware Regime Switching,2622,-0.16022432236435868
Risk-Aware Regime Switching,2623,-0.19295197581705692
Risk-Aware Regime Switching,2624,-0.12069080457980796
Risk-Aware Regime Switching,2625,-0.2658404596338202
Risk-Aware Regime Switching,2626,-0.11420915336550963
Risk-Aware Regime Switching,2627,-0.35123899192000163
Risk-Aware Regime Switching,2628,-0.2164746425129369
Risk-Aware Regime Switching,2629,-0.17406129049077568
Risk-Aware Regime Switching,2630,-0.31760407913347144
Risk-Aware Regime Switching,2631,-0.22246959413677725
Risk-Aware Regime Switching,2632,-0.19417416117733766
Risk-Aware Regime Switching,2633,-0.3044094209098279
Risk-Aware Regime Switching,2634,-0.13430302005799055
Risk-Aware Regime Switching,2635,-0.23738303042375464
Risk-Aware Regime Switching,2636,-0.2146570616471707
Risk-Aware Regime Switching,2637,-0.19202973907375098
Risk-Aware Regime Switching,2638,-0.5639882246092011
Risk-Aware Regime Switching,2639,-0.10500028199923384
Risk-Aware Regime Switching,2640,-0.15180464483749345
Risk-Aware Regime Switching,2641,-0.31591043683163833
Risk-Aware Regime Switching,2642,-0.21597452036993037
Risk-Aware Regime Switching,2643,-0.26807721285077346
Risk-Aware Regime Switching,2644,-0.20720036143572707
Risk-Aware Regime Switching,2645,-0.3002333368504294
Risk-Aware Regime Switching,2646,-0.13547884469935645
Risk-Aware Regime Switching,2647,-0.14067825673810153
Risk-Aware Regime Switching,2648,-0.27202134060129357
Risk-Aware Regime Switching,2649,-0.11149635240813238
Risk-Aware Regime Switching,2650,-0.17691763749740097
Risk-Aware Regime Switching,2651,-0.182796145169151
Risk-Aware Regime Switching,2652,-0.29029796197312263
Risk-Aware Regime Switching,2653,-0.2845094360082423
Risk-Aware Regime Switching,2654,-0.12798071348448647
Risk-Aware Regime Switching,2655,-0.26093829732610496
Risk-Aware Regime Switching,2656,-0.19006296149984547
Risk-Aware Regime Switching,2657,-0.23045885040333458
Risk-Aware Regime Switching,2658,-0.14125387013329982
Risk-Aware Regime Switching,2659,-0.2942608873711944
Risk-Aware Regime Switching,2660,-0.25923226459691073
Risk-Aware Regime Switching,2661,-0.14227115261290246
Risk-Aware Regime Switching,2662,-0.290045833590835
Risk-Aware Regime Switching,2663,-0.1812873007681417
Risk-Aware Regime Switching,2664,-0.25887514797381617
Risk-Aware Regime Switching,2665,-0.23655425688237175
Risk-Aware Regime Switching,2666,-0.3422040486595974
Risk-Aware Regime Switching,2667,-0.3565687541089496
Risk-Aware Regime Switching,2668,-0.285038014008294
Risk-Aware Regime Switching,2669,-0.1942850566334271
Risk-Aware Regime Switching,2670,-0.5876806527179428
Risk-Aware Regime Switching,2671,-0.34490169534567927
Risk-Aware Regime Switching,2672,-0.3476837599284185
Risk-Aware Regime Switching,2673,-0.1529396192320217
Risk-Aware Regime Switching,2674,-0.3646866883025075
Risk-Aware Regime Switching,2675,-0.27760421384041023
Risk-Aware Regime Switching,2676,-0.3181662570470829
Risk-Aware Regime Switching,2677,-0.1406914224663115
Risk-Aware Regime Switching,2678,-0.11236575863824239
Risk-Aware Regime Switching,2679,-0.18053002323519085
Risk-Aware Regime Switching,2680,-0.48347203423818474
Risk-Aware Regime Switching,2681,-0.3429014278902327
Risk-Aware Regime Switching,2682,-0.2876955615140171
Risk-Aware Regime Switching,2683,-0.3598719959440405
Risk-Aware Regime Switching,2684,-0.3077190594631001
Risk-Aware Regime Switching,2685,-0.1613822447011286
Risk-Aware Regime Switching,2686,-0.25797573354189574
Risk-Aware Regime Switching,2687,-0.3140197842255861
Risk-Aware Regime Switching,2688,-0.2577785190880666
Risk-Aware Regime Switching,2689,-0.12782034228628247
Risk-Aware Regime Switching,2690,-0.2908310330892566
Risk-Aware Regime Switching,2691,-0.1522454141423798
Risk-Aware Regime Switching,2692,-0.1572834061622359
Risk-Aware Regime Switching,2693,-0.20478009739290515
Risk-Aware Regime Switching,2694,-0.22507789997723793
Risk-Aware Regime Switching,2695,-0.18485214592115817
Risk-Aware Regime Switching,2696,-0.3176655845866756
Risk-Aware Regime Switching,2697,-0.20183838382700436
Risk-Aware Regime Switching,2698,-0.2745367587196512
Risk-Aware Regime Switching,2699,-0.12403839917292814
Risk-Aware Regime Switching,2700,-0.44940413890320685
Risk-Aware Regime Switching,2701,-0.3814109202654157
Risk-Aware Regime Switching,2702,-0.1615067660877686
Risk-Aware Regime Switching,2703,-0.14163708627660954
Risk-Aware Regime Switching,2704,-0.1911169700687756
Risk-Aware Regime Switching,2705,-0.31165972449406754
Risk-Aware Regime Switching,2706,-0.1711188596080765
Risk-Aware Regime Switching,2707,-0.26409303548378926
Risk-Aware Regime Switching,2708,-0.3200163976982483
Risk-Aware Regime Switching,2709,-0.34332577156364064
Risk-Aware Regime Switching,2710,-0.1788220711397216
Risk-Aware Regime Switching,2711,-0.17973474907295117
Risk-Aware Regime Switching,2712,-0.49258422392496415
Risk-Aware Regime Switching,2713,-0.27592177322492206
Risk-Aware Regime Switching,2714,-0.2539990397662574
Risk-Aware Regime Switching,2715,-0.32861066651784254
Risk-Aware Regime Switching,2716,-0.2841808362462491
Risk-Aware Regime Switching,2717,-0.16698752657845495
Risk-Aware Regime Switching,2718,-0.35554366712083174
Risk-Aware Regime Switching,2719,-0.19519887095768818
Risk-Aware Regime Switching,2720,-0.3241748007934888
Risk-Aware Regime Switching,2721,-0.22154271045289342
Risk-Aware Regime Switching,2722,-0.3343023759562025
Risk-Aware Regime Switching,2723,-0.23959217297826252
Risk-Aware Regime Switching,2724,-0.14496829248943333
Risk-Aware Regime Switching,2725,-0.17016435300940957
Risk-Aware Regime Switching,2726,-0.1522423348798676
Risk-Aware Regime Switching,2727,-0.15298606760436773
Risk-Aware Regime Switching,2728,-0.15937084385072975
Risk-Aware Regime Switching,2729,-0.16132464354085452
Risk-Aware Regime Switching,2730,-0.14140884021882738
Risk-Aware Regime Switching,2731,-0.254421247045331
Risk-Aware Regime Switching,2732,-0.14427974919061004
Risk-Aware Regime Switching,2733,-0.09706638208112917
Risk-Aware Regime Switching,2734,-0.14445043091941845
Risk-Aware Regime Switching,2735,-0.14957853646430197
Risk-Aware Regime Switching,2736,-0.19539139520498017
Risk-Aware Regime Switching,2737,-0.15183294593163565
Risk-Aware Regime Switching,2738,-0.20619681431181636
Risk-Aware Regime Switching,2739,-0.15384842166270618
Risk-Aware Regime Switching,2740,-0.14406178726242602
Risk-Aware Regime Switching,2741,-0.5025932073807462
Risk-Aware Regime Switching,2742,-0.23487945689870382
Risk-Aware Regime Switching,2743,-0.1801769452205807
Risk-Aware Regime Switching,2744,-0.22182506850122463
Risk-Aware Regime Switching,2745,-0.32732806721431174
Risk-Aware Regime Switching,2746,-0.2857970481842671
Risk-Aware Regime Switching,2747,-0.20578275314812333
Risk-Aware Regime Switching,2748,-0.26291939080199334
Risk-Aware Regime Switching,2749,-0.2246884056368219
Risk-Aware Regime Switching,2750,-0.1774708647223161
Risk-Aware Regime Switching,2751,-0.2678724207301403
Risk-Aware Regime Switching,2752,-0.2900518625331603
Risk-Aware Regime Switching,2753,-0.3069539441844312
Risk-Aware Regime Switching,2754,-0.355457545959312
Risk-Aware Regime Switching,2755,-0.17328172187871338
Risk-Aware Regime Switching,2756,-0.23347117701512277
Risk-Aware Regime Switching,2757,-0.18145841129443274
Risk-Aware Regime Switching,2758,-0.2621575590139972
Risk-Aware Regime Switching,2759,-0.1534692257041248
Risk-Aware Regime Switching,2760,-0.2506870122023751
Risk-Aware Regime Switching,2761,-0.1550745796097165
Risk-Aware Regime Switching,2762,-0.10633752461135304
Risk-Aware Regime Switching,2763,-0.20180401088464084
Risk-Aware Regime Switching,2764,-0.29499930332163793
Risk-Aware Regime Switching,2765,-0.3316560499470298
Risk-Aware Regime Switching,2766,-0.3644606782694543
Risk-Aware Regime Switching,2767,-0.3574752327352728
Risk-Aware Regime Switching,2768,-0.22456813189384728
Risk-Aware Regime Switching,2769,-0.22748777012451493
Risk-Aware Regime Switching,2770,-0.29180883308623795
Risk-Aware Regime Switching,2771,-0.27026121078283505
Risk-Aware Regime Switching,2772,-0.1663923157346665
Risk-Aware Regime Switching,2773,-0.25287473622795287
Risk-Aware Regime Switching,2774,-0.1789850983734117
Risk-Aware Regime Switching,2775,-0.18385582699261305
Risk-Aware Regime Switching,2776,-0.29742110285184287
Risk-Aware Regime Switching,2777,-0.3525498448115334
Risk-Aware Regime Switching,2778,-0.24390809640347177
Risk-Aware Regime Switching,2779,-0.3011962207154275
Risk-Aware Regime Switching,2780,-0.10051969856846255
Risk-Aware Regime Switching,2781,-0.17764709357441943
Risk-Aware Regime Switching,2782,-0.2532179938379405
Risk-Aware Regime Switching,2783,-0.17140281297478477
Risk-Aware Regime Switching,2784,-0.3353551781566474
Risk-Aware Regime Switching,2785,-0.18556877567848518
Risk-Aware Regime Switching,2786,-0.3679315154864552
Risk-Aware Regime Switching,2787,-0.13746414834851628
Risk-Aware Regime Switching,2788,-0.2583083964739864
Risk-Aware Regime Switching,2789,-0.15784217388055033
Risk-Aware Regime Switching,2790,-0.23220953422333646
Risk-Aware Regime Switching,2791,-0.2221537879760287
Risk-Aware Regime Switching,2792,-0.24973165640892359
Risk-Aware Regime Switching,2793,-0.19970586565473258
Risk-Aware Regime Switching,2794,-0.20425557235977088
Risk-Aware Regime Switching,2795,-0.32191379993063785
Risk-Aware Regime Switching,2796,-0.3607293503137009
Risk-Aware Regime Switching,2797,-0.41690992634989577
Risk-Aware Regime Switching,2798,-0.23657277184684156
Risk-Aware Regime Switching,2799,-0.3679583819868967
Risk-Aware Regime Switching,2800,-0.16584689541724107
Risk-Aware Regime Switching,2801,-0.34488591905490407
Risk-Aware Regime Switching,2802,-0.34909952768658004
Risk-Aware Regime Switching,2803,-0.26236531812450803
Risk-Aware Regime Switching,2804,-0.2819728230925779
Risk-Aware Regime Switching,2805,-0.3961758809972754
Risk-Aware Regime Switching,2806,-0.22455627988385396
Risk-Aware Regime Switching,2807,-0.241990661860484
Risk-Aware Regime Switching,2808,-0.11138709276467162
Risk-Aware Regime Switching,2809,-0.414730844189103
Risk-Aware Regime Switching,2810,-0.2086427931685323
Risk-Aware Regime Switching,2811,-0.2834430879265323
Risk-Aware Regime Switching,2812,-0.21569103977167503
Risk-Aware Regime Switching,2813,-0.30423621235523457
Risk-Aware Regime Switching,2814,-0.2874393534277091
Risk-Aware Regime Switching,2815,-0.1707535044571018
Risk-Aware Regime Switching,2816,-0.14775616633672262
Risk-Aware Regime Switching,2817,-0.1480215301802712
Risk-Aware Regime Switching,2818,-0.3347518774741839
Risk-Aware Regime Switching,2819,-0.27345898312665706
Risk-Aware Regime Switching,2820,-0.12851367420487225
Risk-Aware Regime Switching,2821,-0.3264263974152639
Risk-Aware Regime Switching,2822,-0.2638193245630469
Risk-Aware Regime Switching,2823,-0.23541279296042605
Risk-Aware Regime Switching,2824,-0.2740540396493235
Risk-Aware Regime Switching,2825,-0.1999846963225964
Risk-Aware Regime Switching,2826,-0.27360153850991586
Risk-Aware Regime Switching,2827,-0.20803114353401841
Risk-Aware Regime Switching,2828,-0.11842458841342351
Risk-Aware Regime Switching,2829,-0.34520680466446374
Risk-Aware Regime Switching,2830,-0.14433147037879612
Risk-Aware Regime Switching,2831,-0.2295673256824221
Risk-Aware Regime Switching,2832,-0.165048670116821
Risk-Aware Regime Switching,2833,-0.266113598914533
Risk-Aware Regime Switching,2834,-0.37534857325551607
Risk-Aware Regime Switching,2835,-0.27318984377214117
Risk-Aware Regime Switching,2836,-0.34743782073902796
Risk-Aware Regime Switching,2837,-0.4282296587541089
Risk-Aware Regime Switching,2838,-0.28851862156609054
Risk-Aware Regime Switching,2839,-0.22746074722331056
Risk-Aware Regime Switching,2840,-0.18599124330745065
Risk-Aware Regime Switching,2841,-0.2659037522226376
Risk-Aware Regime Switching,2842,-0.14124488914949063
Risk-Aware Regime Switching,2843,-0.24064386019439554
Risk-Aware Regime Switching,2844,-0.16310801878624015
Risk-Aware Regime Switching,2845,-0.3986937752097466
Risk-Aware Regime Switching,2846,-0.2942355689695353
Risk-Aware Regime Switching,2847,-0.26884389880056603
Risk-Aware Regime Switching,2848,-0.14143980202333228
Risk-Aware Regime Switching,2849,-0.21985846515473506
Risk-Aware Regime Switching,2850,-0.12528864155686092
Risk-Aware Regime Switching,2851,-0.28021411600642243
Risk-Aware Regime Switching,2852,-0.3464119738242707
Risk-Aware Regime Switching,2853,-0.17505335624119533
Risk-Aware Regime Switching,2854,-0.40677229529528536
Risk-Aware Regime Switching,2855,-0.22631081411881182
Risk-Aware Regime Switching,2856,-0.2565215144453188
Risk-Aware Regime Switching,2857,-0.1848950025852465
Risk-Aware Regime Switching,2858,-0.38496081526960124
Risk-Aware Regime Switching,2859,-0.15516952380395233
Risk-Aware Regime Switching,2860,-0.22919108934614907
Risk-Aware Regime Switching,2861,-0.1905432892965454
Risk-Aware Regime Switching,2862,-0.16073202645884943
Risk-Aware Regime Switching,2863,-0.2172763019294457
Risk-Aware Regime Switching,2864,-0.1304309345402349
Risk-Aware Regime Switching,2865,-0.1486634878119235
Risk-Aware Regime Switching,2866,-0.25760433009149497
Risk-Aware Regime Switching,2867,-0.29013338518108256
Risk-Aware Regime Switching,2868,-0.3676504033266381
Risk-Aware Regime Switching,2869,-0.19430603772731603
Risk-Aware Regime Switching,2870,-0.20028322825431932
Risk-Aware Regime Switching,2871,-0.22852827619482807
Risk-Aware Regime Switching,2872,-0.38660488928930636
Risk-Aware Regime Switching,2873,-0.16577903506532643
Risk-Aware Regime Switching,2874,-0.1298034372025323
Risk-Aware Regime Switching,2875,-0.21217225257318906
Risk-Aware Regime Switching,2876,-0.26436478642786787
Risk-Aware Regime Switching,2877,-0.17552261584564666
Risk-Aware Regime Switching,2878,-0.20363004120672956
Risk-Aware Regime Switching,2879,-0.2287488609789745
Risk-Aware Regime Switching,2880,-0.40572031157412947
Risk-Aware Regime Switching,2881,-0.2900082280621672
Risk-Aware Regime Switching,2882,-0.17218799580678823
Risk-Aware Regime Switching,2883,-0.10940708216207584
Risk-Aware Regime Switching,2884,-0.19554452647698317
Risk-Aware Regime Switching,2885,-0.36868923847636437
Risk-Aware Regime Switching,2886,-0.31713256184974614
Risk-Aware Regime Switching,2887,-0.32446404027389164
Risk-Aware Regime Switching,2888,-0.13930436672406554
Risk-Aware Regime Switching,2889,-0.2778321271750622
Risk-Aware Regime Switching,2890,-0.22473276736280912
Risk-Aware Regime Switching,2891,-0.19563518407179836
Risk-Aware Regime Switching,2892,-0.36150533768203696
Risk-Aware Regime Switching,2893,-0.2572207750043046
Risk-Aware Regime Switching,2894,-0.4572732708279297
Risk-Aware Regime Switching,2895,-0.2613517723493628
Risk-Aware Regime Switching,2896,-0.24279618649964185
Risk-Aware Regime Switching,2897,-0.37969980154946914
Risk-Aware Regime Switching,2898,-0.21173986608966133
Risk-Aware Regime Switching,2899,-0.31627290398006114
Risk-Aware Regime Switching,2900,-0.3087343064424892
Risk-Aware Regime Switching,2901,-0.22235196857866435
Risk-Aware Regime Switching,2902,-0.3086825910613924
Risk-Aware Regime Switching,2903,-0.1743275014505581
Risk-Aware Regime Switching,2904,-0.37107900195619103
Risk-Aware Regime Switching,2905,-0.25353750958484267
Risk-Aware Regime Switching,2906,-0.18226063671411386
Risk-Aware Regime Switching,2907,-0.17627184089027215
Risk-Aware Regime Switching,2908,-0.10328099952472602
Risk-Aware Regime Switching,2909,-0.2308550077497432
Risk-Aware Regime Switching,2910,-0.26220682644730753
Risk-Aware Regime Switching,2911,-0.24808337451723528
Risk-Aware Regime Switching,2912,-0.3006699271351807
Risk-Aware Regime Switching,2913,-0.13074927949629023
Risk-Aware Regime Switching,2914,-0.23264832473560437
Risk-Aware Regime Switching,2915,-0.22824260919979544
Risk-Aware Regime Switching,2916,-0.32408493189710885
Risk-Aware Regime Switching,2917,-0.08855472363557904
Risk-Aware Regime Switching,2918,-0.21857945846313964
Risk-Aware Regime Switching,2919,-0.13276182278635518
Risk-Aware Regime Switching,2920,-0.43285636332388056
Risk-Aware Regime Switching,2921,-0.19622607093445654
Risk-Aware Regime Switching,2922,-0.27692051674929485
Risk-Aware Regime Switching,2923,-0.23882132789001065
Risk-Aware Regime Switching,2924,-0.2087854836966152
Risk-Aware Regime Switching,2925,-0.35145934623445774
Risk-Aware Regime Switching,2926,-0.1985605326639116
Risk-Aware Regime Switching,2927,-0.2665293935001667
Risk-Aware Regime Switching,2928,-0.37240212070208045
Risk-Aware Regime Switching,2929,-0.1980248406984998
Risk-Aware Regime Switching,2930,-0.24132023053198937
Risk-Aware Regime Switching,2931,-0.34253244740469835
Risk-Aware Regime Switching,2932,-0.179646396500297
Risk-Aware Regime Switching,2933,-0.09462552129101254
Risk-Aware Regime Switching,2934,-0.2653657475845067
Risk-Aware Regime Switching,2935,-0.19446651843023655
Risk-Aware Regime Switching,2936,-0.11842118773680521
Risk-Aware Regime Switching,2937,-0.16709009535128438
Risk-Aware Regime Switching,2938,-0.20034719570664317
Risk-Aware Regime Switching,2939,-0.2754567488677917
Risk-Aware Regime Switching,2940,-0.17294574782639938
Risk-Aware Regime Switching,2941,-0.3367757623237403
Risk-Aware Regime Switching,2942,-0.24536391796651613
Risk-Aware Regime Switching,2943,-0.29990679891482186
Risk-Aware Regime Switching,2944,-0.3190601729343562
Risk-Aware Regime Switching,2945,-0.22864803280416923
Risk-Aware Regime Switching,2946,-0.40637865922380134
Risk-Aware Regime Switching,2947,-0.2759850743499832
Risk-Aware Regime Switching,2948,-0.18296509472677835
Risk-Aware Regime Switching,2949,-0.23068010101271497
Risk-Aware Regime Switching,2950,-0.22494572750881447
Risk-Aware Regime Switching,2951,-0.1105359147276963
Risk-Aware Regime Switching,2952,-0.20307531330956952
Risk-Aware Regime Switching,2953,-0.37550609837711035
Risk-Aware Regime Switching,2954,-0.31250301764301225
Risk-Aware Regime Switching,2955,-0.20074089198977574
Risk-Aware Regime Switching,2956,-0.2770343250890549
Risk-Aware Regime Switching,2957,-0.18651237503037654
Risk-Aware Regime Switching,2958,-0.13480862733569876
Risk-Aware Regime Switching,2959,-0.21804205207064675
Risk-Aware Regime Switching,2960,-0.3260652831290445
Risk-Aware Regime Switching,2961,-0.2184651929278103
Risk-Aware Regime Switching,2962,-0.23465098964703957
Risk-Aware Regime Switching,2963,-0.26032331542326115
Risk-Aware Regime Switching,2964,-0.15600143815884138
Risk-Aware Regime Switching,2965,-0.28723187257297345
Risk-Aware Regime Switching,2966,-0.23014863867342705
Risk-Aware Regime Switching,2967,-0.37642283934741316
Risk-Aware Regime Switching,2968,-0.21578618624647095
Risk-Aware Regime Switching,2969,-0.41091062630581787
Risk-Aware Regime Switching,2970,-0.24561680342611503
Risk-Aware Regime Switching,2971,-0.09500912054264454
Risk-Aware Regime Switching,2972,-0.21825787277106878
Risk-Aware Regime Switching,2973,-0.12394164068676972
Risk-Aware Regime Switching,2974,-0.21034028425361484
Risk-Aware Regime Switching,2975,-0.19729609013547533
Risk-Aware Regime Switching,2976,-0.1553340287035766
Risk-Aware Regime Switching,2977,-0.31885147871127917
Risk-Aware Regime Switching,2978,-0.19103425510373184
Risk-Aware Regime Switching,2979,-0.18358508699661513
Risk-Aware Regime Switching,2980,-0.27623904136888877
Risk-Aware Regime Switching,2981,-0.18627340346422816
Risk-Aware Regime Switching,2982,-0.10430637796609155
Risk-Aware Regime Switching,2983,-0.1593421810296115
Risk-Aware Regime Switching,2984,-0.16283266630791438
Risk-Aware Regime Switching,2985,-0.09366866953632802
Risk-Aware Regime Switching,2986,-0.18846876110172517
Risk-Aware Regime Switching,2987,-0.2110309546101361
Risk-Aware Regime Switching,2988,-0.11000925381166049
Risk-Aware Regime Switching,2989,-0.36800284104044656
Risk-Aware Regime Switching,2990,-0.1567283742194311
Risk-Aware Regime Switching,2991,-0.5544019158765199
Risk-Aware Regime Switching,2992,-0.15493440234235178
Risk-Aware Regime Switching,2993,-0.17548520460587824
Risk-Aware Regime Switching,2994,-0.31645662982555456
Risk-Aware Regime Switching,2995,-0.3095235362665243
Risk-Aware Regime Switching,2996,-0.2873891934888735
Risk-Aware Regime Switching,2997,-0.36126067329285727
Risk-Aware Regime Switching,2998,-0.4456934928052907
Risk-Aware Regime Switching,2999,-0.2585014224908434
Risk-Aware Regime Switching,3000,-0.2006894872835595
Risk-Aware Regime Switching,3001,-0.35128244754085114
Risk-Aware Regime Switching,3002,-0.20038305467284212
Risk-Aware Regime Switching,3003,-0.3076182608436562
Risk-Aware Regime Switching,3004,-0.39650478963889857
Risk-Aware Regime Switching,3005,-0.16389756673285716
Risk-Aware Regime Switching,3006,-0.18622040106697246
Risk-Aware Regime Switching,3007,-0.24066963341871017
Risk-Aware Regime Switching,3008,-0.30018878367310275
Risk-Aware Regime Switching,3009,-0.4064830820959511
Risk-Aware Regime Switching,3010,-0.2590680915536
Risk-Aware Regime Switching,3011,-0.16297291006024472
Risk-Aware Regime Switching,3012,-0.2130928917756031
Risk-Aware Regime Switching,3013,-0.1906101609281079
Risk-Aware Regime Switching,3014,-0.1796631285309186
Risk-Aware Regime Switching,3015,-0.24777979539757145
Risk-Aware Regime Switching,3016,-0.19368831610657888
Risk-Aware Regime Switching,3017,-0.19487862245100074
Risk-Aware Regime Switching,3018,-0.2560598609821928
Risk-Aware Regime Switching,3019,-0.3622718483567813
Risk-Aware Regime Switching,3020,-0.14393485437711595
Risk-Aware Regime Switching,3021,-0.1059141425003951
Risk-Aware Regime Switching,3022,-0.1538464948987458
Risk-Aware Regime Switching,3023,-0.2037847459144475
Risk-Aware Regime Switching,3024,-0.2239182800738425
Risk-Aware Regime Switching,3025,-0.37727980557525254
Risk-Aware Regime Switching,3026,-0.2863003117767957
Risk-Aware Regime Switching,3027,-0.2820406782976391
Risk-Aware Regime Switching,3028,-0.22631680340867033
Risk-Aware Regime Switching,3029,-0.13856468959564572
Risk-Aware Regime Switching,3030,-0.29848341277675094
Risk-Aware Regime Switching,3031,-0.1843183848942178
Risk-Aware Regime Switching,3032,-0.23865257048414146
Risk-Aware Regime Switching,3033,-0.2479445038719179
Risk-Aware Regime Switching,3034,-0.35382038468347365
Risk-Aware Regime Switching,3035,-0.1535935026554548
Risk-Aware Regime Switching,3036,-0.414743281094209
Risk-Aware Regime Switching,3037,-0.07546687657764006
Risk-Aware Regime Switching,3038,-0.22956673527563032
Risk-Aware Regime Switching,3039,-0.24255845170620416
Risk-Aware Regime Switching,3040,-0.4406023366590375
Risk-Aware Regime Switching,3041,-0.2071772806537584
Risk-Aware Regime Switching,3042,-0.24829829693233418
Risk-Aware Regime Switching,3043,-0.25947709355457127
Risk-Aware Regime Switching,3044,-0.2414543254943904
Risk-Aware Regime Switching,3045,-0.28227363380412596
Risk-Aware Regime Switching,3046,-0.3434714257814333
Risk-Aware Regime Switching,3047,-0.1915804335366874
Risk-Aware Regime Switching,3048,-0.27204960616845475
Risk-Aware Regime Switching,3049,-0.13149969884398627
Risk-Aware Regime Switching,3050,-0.22657769388062055
Risk-Aware Regime Switching,3051,-0.2562991381478058
Risk-Aware Regime Switching,3052,-0.17546692669695307
Risk-Aware Regime Switching,3053,-0.1933742420567639
Risk-Aware Regime Switching,3054,-0.23045115217308298
Risk-Aware Regime Switching,3055,-0.20534084310328526
Risk-Aware Regime Switching,3056,-0.20111442334085383
Risk-Aware Regime Switching,3057,-0.27118335338384303
Risk-Aware Regime Switching,3058,-0.5392232507129979
Risk-Aware Regime Switching,3059,-0.28656201661147085
Risk-Aware Regime Switching,3060,-0.42232367628460155
Risk-Aware Regime Switching,3061,-0.2893255944532923
Risk-Aware Regime Switching,3062,-0.2795863346188199
Risk-Aware Regime Switching,3063,-0.16282646310356197
Risk-Aware Regime Switching,3064,-0.1541831438139739
Risk-Aware Regime Switching,3065,-0.45722773117482474
Risk-Aware Regime Switching,3066,-0.19896736542153348
Risk-Aware Regime Switching,3067,-0.47966078383149424
Risk-Aware Regime Switching,3068,-0.14267782530498674
Risk-Aware Regime Switching,3069,-0.2049327783503495
Risk-Aware Regime Switching,3070,-0.25366416469094655
Risk-Aware Regime Switching,3071,-0.35772761178956847
Risk-Aware Regime Switching,3072,-0.2527401518446797
Risk-Aware Regime Switching,3073,-0.3438260114011764
Risk-Aware Regime Switching,3074,-0.13755746145420122
Risk-Aware Regime Switching,3075,-0.19084053187786476
Risk-Aware Regime Switching,3076,-0.25448163594643336
Risk-Aware Regime Switching,3077,-0.3468963583113589
Risk-Aware Regime Switching,3078,-0.3715718226893794
Risk-Aware Regime Switching,3079,-0.1740148006264618
Risk-Aware Regime Switching,3080,-0.33572873372988843
Risk-Aware Regime Switching,3081,-0.14907831425986107
Risk-Aware Regime Switching,3082,-0.17025722469742832
Risk-Aware Regime Switching,3083,-0.2800470750331111
Risk-Aware Regime Switching,3084,-0.21947814154362855
Risk-Aware Regime Switching,3085,-0.15747141733547043
Risk-Aware Regime Switching,3086,-0.45921188280800107
Risk-Aware Regime Switching,3087,-0.29570071753069416
Risk-Aware Regime Switching,3088,-0.25105422775700315
Risk-Aware Regime Switching,3089,-0.23660926054961462
Risk-Aware Regime Switching,3090,-0.41009432031862836
Risk-Aware Regime Switching,3091,-0.16881192784026655
Risk-Aware Regime Switching,3092,-0.22932798293679035
Risk-Aware Regime Switching,3093,-0.40115798677799763
Risk-Aware Regime Switching,3094,-0.10605048132082373
Risk-Aware Regime Switching,3095,-0.33726261538860103
Risk-Aware Regime Switching,3096,-0.16536961252687588
Risk-Aware Regime Switching,3097,-0.3470717349744582
Risk-Aware Regime Switching,3098,-0.165702799722653
Risk-Aware Regime Switching,3099,-0.25026892748454466
Risk-Aware Regime Switching,3100,-0.23107887181029274
Risk-Aware Regime Switching,3101,-0.35998921638132875
Risk-Aware Regime Switching,3102,-0.287038698340492
Risk-Aware Regime Switching,3103,-0.2636652430481228
Risk-Aware Regime Switching,3104,-0.3729976641548409
Risk-Aware Regime Switching,3105,-0.11140249779097633
Risk-Aware Regime Switching,3106,-0.2510605502035017
Risk-Aware Regime Switching,3107,-0.33025050352068963
Risk-Aware Regime Switching,3108,-0.4760385570209287
Risk-Aware Regime Switching,3109,-0.1908872531727258
Risk-Aware Regime Switching,3110,-0.11223112703230409
Risk-Aware Regime Switching,3111,-0.21907355095799952
Risk-Aware Regime Switching,3112,-0.28392813932562955
Risk-Aware Regime Switching,3113,-0.12937842215541373
Risk-Aware Regime Switching,3114,-0.5284318234965067
Risk-Aware Regime Switching,3115,-0.47289964412352337
Risk-Aware Regime Switching,3116,-0.5194987257611313
Risk-Aware Regime Switching,3117,-0.2802305541490514
Risk-Aware Regime Switching,3118,-0.24002695087540493
Risk-Aware Regime Switching,3119,-0.15375681470045333
Risk-Aware Regime Switching,3120,-0.18006063308383558
Risk-Aware Regime Switching,3121,-0.12600999240650046
Risk-Aware Regime Switching,3122,-0.12708352116292443
Risk-Aware Regime Switching,3123,-0.23487554884033957
Risk-Aware Regime Switching,3124,-0.163355454159391
Risk-Aware Regime Switching,3125,-0.49309312834643515
Risk-Aware Regime Switching,3126,-0.22359849800788567
Risk-Aware Regime Switching,3127,-0.23773487447037522
Risk-Aware Regime Switching,3128,-0.26962872493991386
Risk-Aware Regime Switching,3129,-0.16644967184364445
Risk-Aware Regime Switching,3130,-0.17363276927284177
Risk-Aware Regime Switching,3131,-0.2089648916961403
Risk-Aware Regime Switching,3132,-0.19409561877462256
Risk-Aware Regime Switching,3133,-0.166234649732655
Risk-Aware Regime Switching,3134,-0.4649073842522524
Risk-Aware Regime Switching,3135,-0.44687510077839576
Risk-Aware Regime Switching,3136,-0.3157104018960426
Risk-Aware Regime Switching,3137,-0.15671856197334166
Risk-Aware Regime Switching,3138,-0.21264121572815964
Risk-Aware Regime Switching,3139,-0.24299981900907985
Risk-Aware Regime Switching,3140,-0.27292622492473284
Risk-Aware Regime Switching,3141,-0.20867002938833867
Risk-Aware Regime Switching,3142,-0.1554503392873099
Risk-Aware Regime Switching,3143,-0.30078023046509705
Risk-Aware Regime Switching,3144,-0.1491426257243067
Risk-Aware Regime Switching,3145,-0.2371628115851745
Risk-Aware Regime Switching,3146,-0.38954758392830424
Risk-Aware Regime Switching,3147,-0.3562297882771984
Risk-Aware Regime Switching,3148,-0.3134673749216004
Risk-Aware Regime Switching,3149,-0.455304013977867
Risk-Aware Regime Switching,3150,-0.2136533695746503
Risk-Aware Regime Switching,3151,-0.2749768916073134
Risk-Aware Regime Switching,3152,-0.18248164127409372
Risk-Aware Regime Switching,3153,-0.42056278410335124
Risk-Aware Regime Switching,3154,-0.15412577729184407
Risk-Aware Regime Switching,3155,-0.24899840469177026
Risk-Aware Regime Switching,3156,-0.26497399980015357
Risk-Aware Regime Switching,3157,-0.4505213533390495
Risk-Aware Regime Switching,3158,-0.2292618466605184
Risk-Aware Regime Switching,3159,-0.35917578434469
Risk-Aware Regime Switching,3160,-0.247583104237719
Risk-Aware Regime Switching,3161,-0.249237729382343
Risk-Aware Regime Switching,3162,-0.28188165788962816
Risk-Aware Regime Switching,3163,-0.14577910333630528
Risk-Aware Regime Switching,3164,-0.23142380361501114
Risk-Aware Regime Switching,3165,-0.19726597490637998
Risk-Aware Regime Switching,3166,-0.2600848596465921
Risk-Aware Regime Switching,3167,-0.3910866981980293
Risk-Aware Regime Switching,3168,-0.19297303560102985
Risk-Aware Regime Switching,3169,-0.13968310641441306
Risk-Aware Regime Switching,3170,-0.22005401211941555
Risk-Aware Regime Switching,3171,-0.1681524461847671
Risk-Aware Regime Switching,3172,-0.16955003909050492
Risk-Aware Regime Switching,3173,-0.20865298396268517
Risk-Aware Regime Switching,3174,-0.23123986546117203
Risk-Aware Regime Switching,3175,-0.3260342517178937
Risk-Aware Regime Switching,3176,-0.190379232994074
Risk-Aware Regime Switching,3177,-0.17546187258344526
Risk-Aware Regime Switching,3178,-0.29361864428202045
Risk-Aware Regime Switching,3179,-0.17349248600600076
Risk-Aware Regime Switching,3180,-0.16549192550170455
Risk-Aware Regime Switching,3181,-0.33029648375396414
Risk-Aware Regime Switching,3182,-0.44492485161935424
Risk-Aware Regime Switching,3183,-0.22407220164998431
Risk-Aware Regime Switching,3184,-0.21430780472320987
Risk-Aware Regime Switching,3185,-0.31374824519534517
Risk-Aware Regime Switching,3186,-0.1569059842269629
Risk-Aware Regime Switching,3187,-0.16408574187718616
Risk-Aware Regime Switching,3188,-0.24156704778917515
Risk-Aware Regime Switching,3189,-0.2526803909424217
Risk-Aware Regime Switching,3190,-0.15118888241066053
Risk-Aware Regime Switching,3191,-0.22365585873181837
Risk-Aware Regime Switching,3192,-0.2878010552084691
Risk-Aware Regime Switching,3193,-0.18147065154758946
Risk-Aware Regime Switching,3194,-0.07488249506676437
Risk-Aware Regime Switching,3195,-0.27321657266904464
Risk-Aware Regime Switching,3196,-0.362183412210331
Risk-Aware Regime Switching,3197,-0.4029399290534169
Risk-Aware Regime Switching,3198,-0.10133724841297143
Risk-Aware Regime Switching,3199,-0.12496062890429593
Risk-Aware Regime Switching,3200,-0.2756405491654921
Risk-Aware Regime Switching,3201,-0.4129599929831952
Risk-Aware Regime Switching,3202,-0.2804798039998968
Risk-Aware Regime Switching,3203,-0.16844752877470082
Risk-Aware Regime Switching,3204,-0.20345905349952165
Risk-Aware Regime Switching,3205,-0.17495611562906954
Risk-Aware Regime Switching,3206,-0.1537681944636312
Risk-Aware Regime Switching,3207,-0.17313660308277423
Risk-Aware Regime Switching,3208,-0.23503913056646286
Risk-Aware Regime Switching,3209,-0.12544812372637637
Risk-Aware Regime Switching,3210,-0.2070292628829089
Risk-Aware Regime Switching,3211,-0.09077497544898327
Risk-Aware Regime Switching,3212,-0.3137652359974886
Risk-Aware Regime Switching,3213,-0.17607986386375918
Risk-Aware Regime Switching,3214,-0.10917245071131376
Risk-Aware Regime Switching,3215,-0.2454349186052417
Risk-Aware Regime Switching,3216,-0.23039614193940117
Risk-Aware Regime Switching,3217,-0.3423376870516488
Risk-Aware Regime Switching,3218,-0.4065021503285303
Risk-Aware Regime Switching,3219,-0.1694525567755124
Risk-Aware Regime Switching,3220,-0.25344240800676077
Risk-Aware Regime Switching,3221,-0.25488781628296464
Risk-Aware Regime Switching,3222,-0.2859248219021572
Risk-Aware Regime Switching,3223,-0.3865590219131684
Risk-Aware Regime Switching,3224,-0.20306231405536768
Risk-Aware Regime Switching,3225,-0.3099123836122797
Risk-Aware Regime Switching,3226,-0.22185475167183943
Risk-Aware Regime Switching,3227,-0.27938737462338914
Risk-Aware Regime Switching,3228,-0.25932820019661573
Risk-Aware Regime Switching,3229,-0.11938902653178296
Risk-Aware Regime Switching,3230,-0.12637140504023703
Risk-Aware Regime Switching,3231,-0.26305068121016184
Risk-Aware Regime Switching,3232,-0.1924412662629953
Risk-Aware Regime Switching,3233,-0.2952053715459798
Risk-Aware Regime Switching,3234,-0.23660565525426358
Risk-Aware Regime Switching,3235,-0.4890701231954293
Risk-Aware Regime Switching,3236,-0.41395513264380757
Risk-Aware Regime Switching,3237,-0.2229311331511321
Risk-Aware Regime Switching,3238,-0.17590891800240616
Risk-Aware Regime Switching,3239,-0.4004754972044736
Risk-Aware Regime Switching,3240,-0.2791865801622969
Risk-Aware Regime Switching,3241,-0.3025285756624819
Risk-Aware Regime Switching,3242,-0.14137644634176727
Risk-Aware Regime Switching,3243,-0.23774609673180236
Risk-Aware Regime Switching,3244,-0.2743636886497952
Risk-Aware Regime Switching,3245,-0.17426554949904882
Risk-Aware Regime Switching,3246,-0.11832057013490394
Risk-Aware Regime Switching,3247,-0.11579898068943417
Risk-Aware Regime Switching,3248,-0.15284827445653038
Risk-Aware Regime Switching,3249,-0.2622669825360123
Risk-Aware Regime Switching,3250,-0.18284510505310747
Risk-Aware Regime Switching,3251,-0.24409999994108533
Risk-Aware Regime Switching,3252,-0.3364378258556504
Risk-Aware Regime Switching,3253,-0.2057928505363008
Risk-Aware Regime Switching,3254,-0.16351367161685104
Risk-Aware Regime Switching,3255,-0.37849751008683885
Risk-Aware Regime Switching,3256,-0.209932370040811
Risk-Aware Regime Switching,3257,-0.546636922631617
Risk-Aware Regime Switching,3258,-0.3739572447460795
Risk-Aware Regime Switching,3259,-0.26226924425151665
Risk-Aware Regime Switching,3260,-0.3773953358208322
Risk-Aware Regime Switching,3261,-0.11365623001195369
Risk-Aware Regime Switching,3262,-0.2639364027212281
Risk-Aware Regime Switching,3263,-0.20512347101609274
Risk-Aware Regime Switching,3264,-0.1573315561291958
Risk-Aware Regime Switching,3265,-0.14285029263240445
Risk-Aware Regime Switching,3266,-0.10426209834392919
Risk-Aware Regime Switching,3267,-0.2917616738142891
Risk-Aware Regime Switching,3268,-0.16194801924432634
Risk-Aware Regime Switching,3269,-0.12459371776729056
Risk-Aware Regime Switching,3270,-0.3622749230444978
Risk-Aware Regime Switching,3271,-0.2810782429055527
Risk-Aware Regime Switching,3272,-0.18635371000989087
Risk-Aware Regime Switching,3273,-0.20753087058631559
Risk-Aware Regime Switching,3274,-0.27244013192458305
Risk-Aware Regime Switching,3275,-0.3124533212576339
Risk-Aware Regime Switching,3276,-0.2602746135657308
Risk-Aware Regime Switching,3277,-0.14492515066733236
Risk-Aware Regime Switching,3278,-0.43209602243891754
Risk-Aware Regime Switching,3279,-0.3570377481554936
Risk-Aware Regime Switching,3280,-0.40290133814050155
Risk-Aware Regime Switching,3281,-0.34827537612298076
Risk-Aware Regime Switching,3282,-0.33111681833447704
Risk-Aware Regime Switching,3283,-0.32556714288970245
Risk-Aware Regime Switching,3284,-0.30350787247801647
Risk-Aware Regime Switching,3285,-0.15303554373728745
Risk-Aware Regime Switching,3286,-0.11771985825009801
Risk-Aware Regime Switching,3287,-0.2500419420535023
Risk-Aware Regime Switching,3288,-0.341606185862506
Risk-Aware Regime Switching,3289,-0.2721237732958337
Risk-Aware Regime Switching,3290,-0.41725578644342254
Risk-Aware Regime Switching,3291,-0.29902365990252533
Risk-Aware Regime Switching,3292,-0.2951402886976551
Risk-Aware Regime Switching,3293,-0.2521169118086184
Risk-Aware Regime Switching,3294,-0.1545917359286415
Risk-Aware Regime Switching,3295,-0.21833758645922563
Risk-Aware Regime Switching,3296,-0.2685148964818229
Risk-Aware Regime Switching,3297,-0.18078474953687018
Risk-Aware Regime Switching,3298,-0.21942112943817937
Risk-Aware Regime Switching,3299,-0.3393007057562607
Risk-Aware Regime Switching,3300,-0.14430373934746366
Risk-Aware Regime Switching,3301,-0.23936032537823437
Risk-Aware Regime Switching,3302,-0.2854196081062619
Risk-Aware Regime Switching,3303,-0.23291468140553406
Risk-Aware Regime Switching,3304,-0.11543859089868558
Risk-Aware Regime Switching,3305,-0.08962319657236784
Risk-Aware Regime Switching,3306,-0.24705753040787815
Risk-Aware Regime Switching,3307,-0.18735516443895106
Risk-Aware Regime Switching,3308,-0.1926083029649971
Risk-Aware Regime Switching,3309,-0.20655559009087754
Risk-Aware Regime Switching,3310,-0.24230099640257663
Risk-Aware Regime Switching,3311,-0.2142914631373508
Risk-Aware Regime Switching,3312,-0.19622270112057139
Risk-Aware Regime Switching,3313,-0.3094671383570017
Risk-Aware Regime Switching,3314,-0.43359933895836844
Risk-Aware Regime Switching,3315,-0.27593214642372943
Risk-Aware Regime Switching,3316,-0.21420287922671433
Risk-Aware Regime Switching,3317,-0.20434007075130722
Risk-Aware Regime Switching,3318,-0.25506528711243937
Risk-Aware Regime Switching,3319,-0.28329161461299746
Risk-Aware Regime Switching,3320,-0.14476912910594786
Risk-Aware Regime Switching,3321,-0.3422073608764036
Risk-Aware Regime Switching,3322,-0.153772015045602
Risk-Aware Regime Switching,3323,-0.24074993081762208
Risk-Aware Regime Switching,3324,-0.28908201899154895
Risk-Aware Regime Switching,3325,-0.21518861461682404
Risk-Aware Regime Switching,3326,-0.21067376275868166
Risk-Aware Regime Switching,3327,-0.09302779775092063
Risk-Aware Regime Switching,3328,-0.21965892216233796
Risk-Aware Regime Switching,3329,-0.124296877260902
Risk-Aware Regime Switching,3330,-0.31369527452022306
Risk-Aware Regime Switching,3331,-0.14799258959259465
Risk-Aware Regime Switching,3332,-0.5740360857101036
Risk-Aware Regime Switching,3333,-0.09263979337547301
Risk-Aware Regime Switching,3334,-0.31320462578941966
Risk-Aware Regime Switching,3335,-0.34785863947184004
Risk-Aware Regime Switching,3336,-0.17821688502771227
Risk-Aware Regime Switching,3337,-0.18701999074429398
Risk-Aware Regime Switching,3338,-0.14965618069182474
Risk-Aware Regime Switching,3339,-0.18678288699087375
Risk-Aware Regime Switching,3340,-0.2569317679434958
Risk-Aware Regime Switching,3341,-0.1726293435501569
Risk-Aware Regime Switching,3342,-0.18520677851674794
Risk-Aware Regime Switching,3343,-0.11473591790336035
Risk-Aware Regime Switching,3344,-0.12338725815341356
Risk-Aware Regime Switching,3345,-0.15880559404644712
Risk-Aware Regime Switching,3346,-0.2982663387146277
Risk-Aware Regime Switching,3347,-0.3106985031556767
Risk-Aware Regime Switching,3348,-0.2869301218411613
Risk-Aware Regime Switching,3349,-0.1789194749429066
Risk-Aware Regime Switching,3350,-0.39701242800053516
Risk-Aware Regime Switching,3351,-0.36608137584850187
Risk-Aware Regime Switching,3352,-0.29833970759904915
Risk-Aware Regime Switching,3353,-0.17597775827027984
Risk-Aware Regime Switching,3354,-0.24309575586723586
Risk-Aware Regime Switching,3355,-0.35027686008099046
Risk-Aware Regime Switching,3356,-0.2489555110227023
Risk-Aware Regime Switching,3357,-0.3733958193670506
Risk-Aware Regime Switching,3358,-0.19814903296318664
Risk-Aware Regime Switching,3359,-0.12053152365320752
Risk-Aware Regime Switching,3360,-0.23232017533998273
Risk-Aware Regime Switching,3361,-0.1508746907600409
Risk-Aware Regime Switching,3362,-0.42428726419681395
Risk-Aware Regime Switching,3363,-0.4065773579105879
Risk-Aware Regime Switching,3364,-0.23288367336294724
Risk-Aware Regime Switching,3365,-0.18634231881182217
Risk-Aware Regime Switching,3366,-0.24332426348475245
Risk-Aware Regime Switching,3367,-0.16153309348964406
Risk-Aware Regime Switching,3368,-0.2393655265872161
Risk-Aware Regime Switching,3369,-0.37964416543928436
Risk-Aware Regime Switching,3370,-0.1518930063938907
Risk-Aware Regime Switching,3371,-0.09387451708901984
Risk-Aware Regime Switching,3372,-0.1861032887608014
Risk-Aware Regime Switching,3373,-0.15541947994762007
Risk-Aware Regime Switching,3374,-0.3905717542888353
Risk-Aware Regime Switching,3375,-0.16180952156905803
Risk-Aware Regime Switching,3376,-0.239051778773117
Risk-Aware Regime Switching,3377,-0.20681017255153145
Risk-Aware Regime Switching,3378,-0.16045411159350342
Risk-Aware Regime Switching,3379,-0.2775368487526141
Risk-Aware Regime Switching,3380,-0.44316001171593045
Risk-Aware Regime Switching,3381,-0.15748853254489503
Risk-Aware Regime Switching,3382,-0.36057604739437876
Risk-Aware Regime Switching,3383,-0.38360345541636887
Risk-Aware Regime Switching,3384,-0.21854502969805634
Risk-Aware Regime Switching,3385,-0.16267179130933374
Risk-Aware Regime Switching,3386,-0.2830831225524437
Risk-Aware Regime Switching,3387,-0.20139751810312678
Risk-Aware Regime Switching,3388,-0.19898549391117237
Risk-Aware Regime Switching,3389,-0.15558437763579935
Risk-Aware Regime Switching,3390,-0.1390050833786779
Risk-Aware Regime Switching,3391,-0.2501084468911611
Risk-Aware Regime Switching,3392,-0.30555320034034006
Risk-Aware Regime Switching,3393,-0.1926772278413219
Risk-Aware Regime Switching,3394,-0.36826010075329685
Risk-Aware Regime Switching,3395,-0.23229290017710624
Risk-Aware Regime Switching,3396,-0.2291797067790564
Risk-Aware Regime Switching,3397,-0.12564462861316217
Risk-Aware Regime Switching,3398,-0.25003096933852165
Risk-Aware Regime Switching,3399,-0.16304285332797486
Risk-Aware Regime Switching,3400,-0.29441805804505616
Risk-Aware Regime Switching,3401,-0.19649702088580956
Risk-Aware Regime Switching,3402,-0.213310610182472
Risk-Aware Regime Switching,3403,-0.2460430503126052
Risk-Aware Regime Switching,3404,-0.2430216400212417
Risk-Aware Regime Switching,3405,-0.12719484138436565
Risk-Aware Regime Switching,3406,-0.19617568700592125
Risk-Aware Regime Switching,3407,-0.2512096526081177
Risk-Aware Regime Switching,3408,-0.19273676546331664
Risk-Aware Regime Switching,3409,-0.2174696204119675
Risk-Aware Regime Switching,3410,-0.234660536619403
Risk-Aware Regime Switching,3411,-0.36951499278125954
Risk-Aware Regime Switching,3412,-0.26874258030174014
Risk-Aware Regime Switching,3413,-0.3844378475748499
Risk-Aware Regime Switching,3414,-0.2648114374764179
Risk-Aware Regime Switching,3415,-0.20261548571053656
Risk-Aware Regime Switching,3416,-0.12097617642339464
Risk-Aware Regime Switching,3417,-0.2222561716438437
Risk-Aware Regime Switching,3418,-0.15829145473572737
Risk-Aware Regime Switching,3419,-0.39808269617971304
Risk-Aware Regime Switching,3420,-0.37134844498473774
Risk-Aware Regime Switching,3421,-0.27765357513136824
Risk-Aware Regime Switching,3422,-0.18991516380597395
Risk-Aware Regime Switching,3423,-0.17363075639208192
Risk-Aware Regime Switching,3424,-0.3283310383395408
Risk-Aware Regime Switching,3425,-0.14318670474752182
Risk-Aware Regime Switching,3426,-0.22593597479409144
Risk-Aware Regime Switching,3427,-0.2674767672296603
Risk-Aware Regime Switching,3428,-0.34997260493227766
Risk-Aware Regime Switching,3429,-0.28438723938567845
Risk-Aware Regime Switching,3430,-0.19429049490233663
Risk-Aware Regime Switching,3431,-0.19338435156381206
Risk-Aware Regime Switching,3432,-0.15933105103860246
Risk-Aware Regime Switching,3433,-0.12860182293899203
Risk-Aware Regime Switching,3434,-0.1588367863613005
Risk-Aware Regime Switching,3435,-0.2611561017432714
Risk-Aware Regime Switching,3436,-0.379471437162499
Risk-Aware Regime Switching,3437,-0.21021071446232442
Risk-Aware Regime Switching,3438,-0.16191433423692814
Risk-Aware Regime Switching,3439,-0.2581363499500199
Risk-Aware Regime Switching,3440,-0.2799574734893189
Risk-Aware Regime Switching,3441,-0.32152773509796506
Risk-Aware Regime Switching,3442,-0.22206720909732303
Risk-Aware Regime Switching,3443,-0.21135996054347705
Risk-Aware Regime Switching,3444,-0.20100053536766616
Risk-Aware Regime Switching,3445,-0.3029762098244486
Risk-Aware Regime Switching,3446,-0.3104346236290374
Risk-Aware Regime Switching,3447,-0.13334533866264198
Risk-Aware Regime Switching,3448,-0.45077216263689923
Risk-Aware Regime Switching,3449,-0.2205672741062611
Risk-Aware Regime Switching,3450,-0.20171000129253613
Risk-Aware Regime Switching,3451,-0.33398295627651076
Risk-Aware Regime Switching,3452,-0.23440261606047086
Risk-Aware Regime Switching,3453,-0.264288404627699
Risk-Aware Regime Switching,3454,-0.19389554017289135
Risk-Aware Regime Switching,3455,-0.17876390570604872
Risk-Aware Regime Switching,3456,-0.20003286632412332
Risk-Aware Regime Switching,3457,-0.43330932205186357
Risk-Aware Regime Switching,3458,-0.13296036991434845
Risk-Aware Regime Switching,3459,-0.24530275177422756
Risk-Aware Regime Switching,3460,-0.1832584919138005
Risk-Aware Regime Switching,3461,-0.21669016214761172
Risk-Aware Regime Switching,3462,-0.2200871566103897
Risk-Aware Regime Switching,3463,-0.11484506579973186
Risk-Aware Regime Switching,3464,-0.2716347392023122
Risk-Aware Regime Switching,3465,-0.25180290789989834
Risk-Aware Regime Switching,3466,-0.25333902734958413
Risk-Aware Regime Switching,3467,-0.3121089793184919
Risk-Aware Regime Switching,3468,-0.18069936289658362
Risk-Aware Regime Switching,3469,-0.319911746785701
Risk-Aware Regime Switching,3470,-0.34179061073342887
Risk-Aware Regime Switching,3471,-0.24648513061074695
Risk-Aware Regime Switching,3472,-0.2606117474483107
Risk-Aware Regime Switching,3473,-0.23580592069545125
Risk-Aware Regime Switching,3474,-0.18900442109237836
Risk-Aware Regime Switching,3475,-0.1370494028374336
Risk-Aware Regime Switching,3476,-0.1713547476830647
Risk-Aware Regime Switching,3477,-0.3321077735213612
Risk-Aware Regime Switching,3478,-0.31667313732442703
Risk-Aware Regime Switching,3479,-0.33681639085049375
Risk-Aware Regime Switching,3480,-0.18544609895379882
Risk-Aware Regime Switching,3481,-0.1399619860682233
Risk-Aware Regime Switching,3482,-0.25343467758667515
Risk-Aware Regime Switching,3483,-0.49706179872665646
Risk-Aware Regime Switching,3484,-0.2909082454691405
Risk-Aware Regime Switching,3485,-0.29310479744285445
Risk-Aware Regime Switching,3486,-0.26506561183617405
Risk-Aware Regime Switching,3487,-0.18642874439128487
Risk-Aware Regime Switching,3488,-0.15656338406817194
Risk-Aware Regime Switching,3489,-0.21717864384906027
Risk-Aware Regime Switching,3490,-0.19376390137971455
Risk-Aware Regime Switching,3491,-0.10900584656034262
Risk-Aware Regime Switching,3492,-0.19320291390942346
Risk-Aware Regime Switching,3493,-0.24559606782662857
Risk-Aware Regime Switching,3494,-0.1241767340627804
Risk-Aware Regime Switching,3495,-0.14278861599764336
Risk-Aware Regime Switching,3496,-0.12593249286058994
Risk-Aware Regime Switching,3497,-0.16194637220164032
Risk-Aware Regime Switching,3498,-0.2453069705825448
Risk-Aware Regime Switching,3499,-0.5171920879860963
Risk-Aware Regime Switching,3500,-0.2828230000243891
Risk-Aware Regime Switching,3501,-0.3134943489229104
Risk-Aware Regime Switching,3502,-0.19031887069685938
Risk-Aware Regime Switching,3503,-0.2650705682682748
Risk-Aware Regime Switching,3504,-0.175065114702872
Risk-Aware Regime Switching,3505,-0.2655746975612321
Risk-Aware Regime Switching,3506,-0.1647500821544582
Risk-Aware Regime Switching,3507,-0.15355391484184366
Risk-Aware Regime Switching,3508,-0.23678070355618275
Risk-Aware Regime Switching,3509,-0.14304427752412074
Risk-Aware Regime Switching,3510,-0.4040502116241611
Risk-Aware Regime Switching,3511,-0.20328156886296844
Risk-Aware Regime Switching,3512,-0.21115759140537316
Risk-Aware Regime Switching,3513,-0.2568316682613354
Risk-Aware Regime Switching,3514,-0.14028148116590933
Risk-Aware Regime Switching,3515,-0.2659100197018113
Risk-Aware Regime Switching,3516,-0.289692855203767
Risk-Aware Regime Switching,3517,-0.20819816875394082
Risk-Aware Regime Switching,3518,-0.12771817358248572
Risk-Aware Regime Switching,3519,-0.31786663225541945
Risk-Aware Regime Switching,3520,-0.11715225531069884
Risk-Aware Regime Switching,3521,-0.2739802532596325
Risk-Aware Regime Switching,3522,-0.15442482618690512
Risk-Aware Regime Switching,3523,-0.14509793935333837
Risk-Aware Regime Switching,3524,-0.19063176644412616
Risk-Aware Regime Switching,3525,-0.26508547010727646
Risk-Aware Regime Switching,3526,-0.32532410671040346
Risk-Aware Regime Switching,3527,-0.15887400729429813
Risk-Aware Regime Switching,3528,-0.4096858580417235
Risk-Aware Regime Switching,3529,-0.11037539291242926
Risk-Aware Regime Switching,3530,-0.11607792196365252
Risk-Aware Regime Switching,3531,-0.26150889132745536
Risk-Aware Regime Switching,3532,-0.3559275159957367
Risk-Aware Regime Switching,3533,-0.16914332851045444
Risk-Aware Regime Switching,3534,-0.21381852606911467
Risk-Aware Regime Switching,3535,-0.21559350377530417
Risk-Aware Regime Switching,3536,-0.1983796053387371
Risk-Aware Regime Switching,3537,-0.1038673345414931
Risk-Aware Regime Switching,3538,-0.46548234366164687
Risk-Aware Regime Switching,3539,-0.1365331590873956
Risk-Aware Regime Switching,3540,-0.1676417733245752
Risk-Aware Regime Switching,3541,-0.1954289863062466
Risk-Aware Regime Switching,3542,-0.3133929311010263
Risk-Aware Regime Switching,3543,-0.11027811312059965
Risk-Aware Regime Switching,3544,-0.295692874044141
Risk-Aware Regime Switching,3545,-0.4018598785503833
Risk-Aware Regime Switching,3546,-0.2076395023758164
Risk-Aware Regime Switching,3547,-0.1450645170470709
Risk-Aware Regime Switching,3548,-0.24656098916407843
Risk-Aware Regime Switching,3549,-0.41496019089323144
Risk-Aware Regime Switching,3550,-0.2362975646020823
Risk-Aware Regime Switching,3551,-0.14318396540727207
Risk-Aware Regime Switching,3552,-0.1438236646171126
Risk-Aware Regime Switching,3553,-0.22416357326224656
Risk-Aware Regime Switching,3554,-0.27524711352293774
Risk-Aware Regime Switching,3555,-0.1870108084783354
Risk-Aware Regime Switching,3556,-0.1811483028362011
Risk-Aware Regime Switching,3557,-0.18212243150612228
Risk-Aware Regime Switching,3558,-0.2735280784597509
Risk-Aware Regime Switching,3559,-0.12032638329488332
Risk-Aware Regime Switching,3560,-0.14017864640079092
Risk-Aware Regime Switching,3561,-0.21756426713818577
Risk-Aware Regime Switching,3562,-0.30314419648011526
Risk-Aware Regime Switching,3563,-0.16988084467092468
Risk-Aware Regime Switching,3564,-0.22753292844884376
Risk-Aware Regime Switching,3565,-0.2705792211792698
Risk-Aware Regime Switching,3566,-0.5721980112480223
Risk-Aware Regime Switching,3567,-0.43193860100796744
Risk-Aware Regime Switching,3568,-0.14075704476194673
Risk-Aware Regime Switching,3569,-0.18649057216517528
Risk-Aware Regime Switching,3570,-0.13471993316895303
Risk-Aware Regime Switching,3571,-0.223639716996338
Risk-Aware Regime Switching,3572,-0.32686582099435446
Risk-Aware Regime Switching,3573,-0.28842598900599314
Risk-Aware Regime Switching,3574,-0.1719603545225099
Risk-Aware Regime Switching,3575,-0.22460962234031157
Risk-Aware Regime Switching,3576,-0.2560157990713742
Risk-Aware Regime Switching,3577,-0.15078078765356695
Risk-Aware Regime Switching,3578,-0.1806239576648353
Risk-Aware Regime Switching,3579,-0.4231793523516387
Risk-Aware Regime Switching,3580,-0.24099417093159003
Risk-Aware Regime Switching,3581,-0.17158957913187423
Risk-Aware Regime Switching,3582,-0.28595347966495577
Risk-Aware Regime Switching,3583,-0.30209844378477524
Risk-Aware Regime Switching,3584,-0.30945021439081166
Risk-Aware Regime Switching,3585,-0.1403803095393522
Risk-Aware Regime Switching,3586,-0.30288143137614654
Risk-Aware Regime Switching,3587,-0.3061422254883107
Risk-Aware Regime Switching,3588,-0.09565623791467015
Risk-Aware Regime Switching,3589,-0.157321584959486
Risk-Aware Regime Switching,3590,-0.11720526198167025
Risk-Aware Regime Switching,3591,-0.14044024780166509
Risk-Aware Regime Switching,3592,-0.2103444818403919
Risk-Aware Regime Switching,3593,-0.3159666271806477
Risk-Aware Regime Switching,3594,-0.36604758777024093
Risk-Aware Regime Switching,3595,-0.1136623203058662
Risk-Aware Regime Switching,3596,-0.31025297940190655
Risk-Aware Regime Switching,3597,-0.22662246931706387
Risk-Aware Regime Switching,3598,-0.15891818759932286
Risk-Aware Regime Switching,3599,-0.1369704163433848
Risk-Aware Regime Switching,3600,-0.2926893637338177
Risk-Aware Regime Switching,3601,-0.3934540756006074
Risk-Aware Regime Switching,3602,-0.24806259291067023
Risk-Aware Regime Switching,3603,-0.22771138155303983
Risk-Aware Regime Switching,3604,-0.1690627909901392
Risk-Aware Regime Switching,3605,-0.16458451216434777
Risk-Aware Regime Switching,3606,-0.3399571288235269
Risk-Aware Regime Switching,3607,-0.1880545974474943
Risk-Aware Regime Switching,3608,-0.26879512629652735
Risk-Aware Regime Switching,3609,-0.35684067806563247
Risk-Aware Regime Switching,3610,-0.10554224172556192
Risk-Aware Regime Switching,3611,-0.23571733166051567
Risk-Aware Regime Switching,3612,-0.1634224954855238
Risk-Aware Regime Switching,3613,-0.3773490500452271
Risk-Aware Regime Switching,3614,-0.1708999100337859
Risk-Aware Regime Switching,3615,-0.3919274060604412
Risk-Aware Regime Switching,3616,-0.20121787342684294
Risk-Aware Regime Switching,3617,-0.15911394425393433
Risk-Aware Regime Switching,3618,-0.30912089486751815
Risk-Aware Regime Switching,3619,-0.21353492946640773
Risk-Aware Regime Switching,3620,-0.12434398568395855
Risk-Aware Regime Switching,3621,-0.2150418254739559
Risk-Aware Regime Switching,3622,-0.23377997355113178
Risk-Aware Regime Switching,3623,-0.19154394501485905
Risk-Aware Regime Switching,3624,-0.20141366851242992
Risk-Aware Regime Switching,3625,-0.25529197534308923
Risk-Aware Regime Switching,3626,-0.12064252085345117
Risk-Aware Regime Switching,3627,-0.1475234318933767
Risk-Aware Regime Switching,3628,-0.30663163341994915
Risk-Aware Regime Switching,3629,-0.34052069098557103
Risk-Aware Regime Switching,3630,-0.3531009374513757
Risk-Aware Regime Switching,3631,-0.1891656322486147
Risk-Aware Regime Switching,3632,-0.1836855477733973
Risk-Aware Regime Switching,3633,-0.2357510740988581
Risk-Aware Regime Switching,3634,-0.23531993178814103
Risk-Aware Regime Switching,3635,-0.28202652608419543
Risk-Aware Regime Switching,3636,-0.35156663946843125
Risk-Aware Regime Switching,3637,-0.3143562633210657
Risk-Aware Regime Switching,3638,-0.316302446106146
Risk-Aware Regime Switching,3639,-0.15848145577664663
Risk-Aware Regime Switching,3640,-0.19858999365940677
Risk-Aware Regime Switching,3641,-0.17807579498958603
Risk-Aware Regime Switching,3642,-0.32730486909520773
Risk-Aware Regime Switching,3643,-0.1053301825423194
Risk-Aware Regime Switching,3644,-0.36810762957288246
Risk-Aware Regime Switching,3645,-0.4010572736627993
Risk-Aware Regime Switching,3646,-0.2590135558797547
Risk-Aware Regime Switching,3647,-0.15818168074653205
Risk-Aware Regime Switching,3648,-0.538497120174684
Risk-Aware Regime Switching,3649,-0.2505450133222258
Risk-Aware Regime Switching,3650,-0.41286486275866996
Risk-Aware Regime Switching,3651,-0.3605682607837891
Risk-Aware Regime Switching,3652,-0.38162066974390685
Risk-Aware Regime Switching,3653,-0.3830908309172508
Risk-Aware Regime Switching,3654,-0.113221027087688
Risk-Aware Regime Switching,3655,-0.21261701780814046
Risk-Aware Regime Switching,3656,-0.15801802905772744
Risk-Aware Regime Switching,3657,-0.1722876154497731
Risk-Aware Regime Switching,3658,-0.16534647226306498
Risk-Aware Regime Switching,3659,-0.09825052770998022
Risk-Aware Regime Switching,3660,-0.13509171447632684
Risk-Aware Regime Switching,3661,-0.1415262075217829
Risk-Aware Regime Switching,3662,-0.31602805347745866
Risk-Aware Regime Switching,3663,-0.3074793448159089
Risk-Aware Regime Switching,3664,-0.35443193957989594
Risk-Aware Regime Switching,3665,-0.1296018307178498
Risk-Aware Regime Switching,3666,-0.20097912290535302
Risk-Aware Regime Switching,3667,-0.20663118027278538
Risk-Aware Regime Switching,3668,-0.14841158892191353
Risk-Aware Regime Switching,3669,-0.20109625275554566
Risk-Aware Regime Switching,3670,-0.25686548612251703
Risk-Aware Regime Switching,3671,-0.21511883577741853
Risk-Aware Regime Switching,3672,-0.2823534531389289
Risk-Aware Regime Switching,3673,-0.21917319856314355
Risk-Aware Regime Switching,3674,-0.4188229589421415
Risk-Aware Regime Switching,3675,-0.15420723671715109
Risk-Aware Regime Switching,3676,-0.19608264108127593
Risk-Aware Regime Switching,3677,-0.2512576048721272
Risk-Aware Regime Switching,3678,-0.26741537838609863
Risk-Aware Regime Switching,3679,-0.14543911607795568
Risk-Aware Regime Switching,3680,-0.23184329997662279
Risk-Aware Regime Switching,3681,-0.13774695630759348
Risk-Aware Regime Switching,3682,-0.13142664187756747
Risk-Aware Regime Switching,3683,-0.4049793075212579
Risk-Aware Regime Switching,3684,-0.30655272945976175
Risk-Aware Regime Switching,3685,-0.14228888733337575
Risk-Aware Regime Switching,3686,-0.2891287342641443
Risk-Aware Regime Switching,3687,-0.11372344289705993
Risk-Aware Regime Switching,3688,-0.09253887580697351
Risk-Aware Regime Switching,3689,-0.22551163706205501
Risk-Aware Regime Switching,3690,-0.3845924315429541
Risk-Aware Regime Switching,3691,-0.4547429627009456
Risk-Aware Regime Switching,3692,-0.12998258607287105
Risk-Aware Regime Switching,3693,-0.3148309594574581
Risk-Aware Regime Switching,3694,-0.18205465215637195
Risk-Aware Regime Switching,3695,-0.20960280338522486
Risk-Aware Regime Switching,3696,-0.15948514072960984
Risk-Aware Regime Switching,3697,-0.17889342527304586
Risk-Aware Regime Switching,3698,-0.2539738390360763
Risk-Aware Regime Switching,3699,-0.2001572849577441
Risk-Aware Regime Switching,3700,-0.40095235773869087
Risk-Aware Regime Switching,3701,-0.22726218886363392
Risk-Aware Regime Switching,3702,-0.15858571379425168
Risk-Aware Regime Switching,3703,-0.2666215821591811
Risk-Aware Regime Switching,3704,-0.17286009927101786
Risk-Aware Regime Switching,3705,-0.27420674483563656
Risk-Aware Regime Switching,3706,-0.28516728300228544
Risk-Aware Regime Switching,3707,-0.20820037120750978
Risk-Aware Regime Switching,3708,-0.26738724942663705
Risk-Aware Regime Switching,3709,-0.10587289854821869
Risk-Aware Regime Switching,3710,-0.4313999943817247
Risk-Aware Regime Switching,3711,-0.15130723303984406
Risk-Aware Regime Switching,3712,-0.1259917923022824
Risk-Aware Regime Switching,3713,-0.14585394458366707
Risk-Aware Regime Switching,3714,-0.22592972270530942
Risk-Aware Regime Switching,3715,-0.2946440047742904
Risk-Aware Regime Switching,3716,-0.4019311838713082
Risk-Aware Regime Switching,3717,-0.2957991665455918
Risk-Aware Regime Switching,3718,-0.14056073397774083
Risk-Aware Regime Switching,3719,-0.33830933112402783
Risk-Aware Regime Switching,3720,-0.33764060214840375
Risk-Aware Regime Switching,3721,-0.38288891979704587
Risk-Aware Regime Switching,3722,-0.20050951680991647
Risk-Aware Regime Switching,3723,-0.2045146502676961
Risk-Aware Regime Switching,3724,-0.20843967286221066
Risk-Aware Regime Switching,3725,-0.2319983335326724
Risk-Aware Regime Switching,3726,-0.4579532251900623
Risk-Aware Regime Switching,3727,-0.2081023373371519
Risk-Aware Regime Switching,3728,-0.18271845557528055
Risk-Aware Regime Switching,3729,-0.3406152445041183
Risk-Aware Regime Switching,3730,-0.14673733950349033
Risk-Aware Regime Switching,3731,-0.15909588063742164
Risk-Aware Regime Switching,3732,-0.22223502564051556
Risk-Aware Regime Switching,3733,-0.34161418615112404
Risk-Aware Regime Switching,3734,-0.16113021749632517
Risk-Aware Regime Switching,3735,-0.30645897587086046
Risk-Aware Regime Switching,3736,-0.23770260259448717
Risk-Aware Regime Switching,3737,-0.3179614655533848
Risk-Aware Regime Switching,3738,-0.11988812000913185
Risk-Aware Regime Switching,3739,-0.20880420613962547
Risk-Aware Regime Switching,3740,-0.2834018814560846
Risk-Aware Regime Switching,3741,-0.4262672500364135
Risk-Aware Regime Switching,3742,-0.33470025250871127
Risk-Aware Regime Switching,3743,-0.16572013474693903
Risk-Aware Regime Switching,3744,-0.16042821982845257
Risk-Aware Regime Switching,3745,-0.3051310114608127
Risk-Aware Regime Switching,3746,-0.32445527339579017
Risk-Aware Regime Switching,3747,-0.20333773249631015
Risk-Aware Regime Switching,3748,-0.1510142544956462
Risk-Aware Regime Switching,3749,-0.13558225090343845
Risk-Aware Regime Switching,3750,-0.18264553653530857
Risk-Aware Regime Switching,3751,-0.27810014796996485
Risk-Aware Regime Switching,3752,-0.2930011989021023
Risk-Aware Regime Switching,3753,-0.2288097327566252
Risk-Aware Regime Switching,3754,-0.3158958077075704
Risk-Aware Regime Switching,3755,-0.29954324845016767
Risk-Aware Regime Switching,3756,-0.3211812224321906
Risk-Aware Regime Switching,3757,-0.18208054118545636
Risk-Aware Regime Switching,3758,-0.3204717049991481
Risk-Aware Regime Switching,3759,-0.12078290027974736
Risk-Aware Regime Switching,3760,-0.2102058163071111
Risk-Aware Regime Switching,3761,-0.14285036389437655
Risk-Aware Regime Switching,3762,-0.20912532076924706
Risk-Aware Regime Switching,3763,-0.18414153502621255
Risk-Aware Regime Switching,3764,-0.1740205695194219
Risk-Aware Regime Switching,3765,-0.19721548195613403
Risk-Aware Regime Switching,3766,-0.2992106799703267
Risk-Aware Regime Switching,3767,-0.2108502147413971
Risk-Aware Regime Switching,3768,-0.3499084796132018
Risk-Aware Regime Switching,3769,-0.41779525779882853
Risk-Aware Regime Switching,3770,-0.24228341011771126
Risk-Aware Regime Switching,3771,-0.2595412729283004
Risk-Aware Regime Switching,3772,-0.302315100167622
Risk-Aware Regime Switching,3773,-0.41556911222434934
Risk-Aware Regime Switching,3774,-0.1356634977903799
Risk-Aware Regime Switching,3775,-0.2105441458465609
Risk-Aware Regime Switching,3776,-0.23950682681519797
Risk-Aware Regime Switching,3777,-0.33464204192429803
Risk-Aware Regime Switching,3778,-0.24837295733858944
Risk-Aware Regime Switching,3779,-0.1857915911339214
Risk-Aware Regime Switching,3780,-0.24066797761362735
Risk-Aware Regime Switching,3781,-0.192838080597045
Risk-Aware Regime Switching,3782,-0.31446551916453724
Risk-Aware Regime Switching,3783,-0.14474605997913714
Risk-Aware Regime Switching,3784,-0.15960340471216883
Risk-Aware Regime Switching,3785,-0.16448766405581183
Risk-Aware Regime Switching,3786,-0.12830079702480257
Risk-Aware Regime Switching,3787,-0.22459942578181402
Risk-Aware Regime Switching,3788,-0.2072851676471421
Risk-Aware Regime Switching,3789,-0.13993140947995364
Risk-Aware Regime Switching,3790,-0.149287815683547
Risk-Aware Regime Switching,3791,-0.300483200420283
Risk-Aware Regime Switching,3792,-0.44370081969952724
Risk-Aware Regime Switching,3793,-0.39349033401519073
Risk-Aware Regime Switching,3794,-0.4644809463299153
Risk-Aware Regime Switching,3795,-0.40979184431645244
Risk-Aware Regime Switching,3796,-0.20162665606056962
Risk-Aware Regime Switching,3797,-0.27621005194507764
Risk-Aware Regime Switching,3798,-0.311249515151814
Risk-Aware Regime Switching,3799,-0.18441900639607223
Risk-Aware Regime Switching,3800,-0.31841383281783153
Risk-Aware Regime Switching,3801,-0.20999172652052844
Risk-Aware Regime Switching,3802,-0.20040705043675366
Risk-Aware Regime Switching,3803,-0.2782096797567052
Risk-Aware Regime Switching,3804,-0.14317018867198594
Risk-Aware Regime Switching,3805,-0.19818961143242964
Risk-Aware Regime Switching,3806,-0.24042921540183892
Risk-Aware Regime Switching,3807,-0.14205377754339787
Risk-Aware Regime Switching,3808,-0.2969615618306196
Risk-Aware Regime Switching,3809,-0.21624496919233338
Risk-Aware Regime Switching,3810,-0.2460555049031813
Risk-Aware Regime Switching,3811,-0.3717354781418355
Risk-Aware Regime Switching,3812,-0.2307740916712323
Risk-Aware Regime Switching,3813,-0.29640483559366626
Risk-Aware Regime Switching,3814,-0.2364865834508948
Risk-Aware Regime Switching,3815,-0.15650199850006874
Risk-Aware Regime Switching,3816,-0.3124908250961992
Risk-Aware Regime Switching,3817,-0.32560574948412846
Risk-Aware Regime Switching,3818,-0.27730845284548067
Risk-Aware Regime Switching,3819,-0.4310795702912976
Risk-Aware Regime Switching,3820,-0.3064787659524718
Risk-Aware Regime Switching,3821,-0.24736486120762113
Risk-Aware Regime Switching,3822,-0.3736601274926119
Risk-Aware Regime Switching,3823,-0.1731828051059635
Risk-Aware Regime Switching,3824,-0.1717430387251162
Risk-Aware Regime Switching,3825,-0.14679083952324934
Risk-Aware Regime Switching,3826,-0.20841770577342789
Risk-Aware Regime Switching,3827,-0.19015308758239835
Risk-Aware Regime Switching,3828,-0.2313821807106754
Risk-Aware Regime Switching,3829,-0.20252469298153242
Risk-Aware Regime Switching,3830,-0.4027293760271454
Risk-Aware Regime Switching,3831,-0.3573340535898485
Risk-Aware Regime Switching,3832,-0.2749538878452009
Risk-Aware Regime Switching,3833,-0.14249112048984403
Risk-Aware Regime Switching,3834,-0.2823140401630777
Risk-Aware Regime Switching,3835,-0.2730308733889176
Risk-Aware Regime Switching,3836,-0.30048418291373846
Risk-Aware Regime Switching,3837,-0.1070282402607794
Risk-Aware Regime Switching,3838,-0.4006318203449445
Risk-Aware Regime Switching,3839,-0.23521380590705587
Risk-Aware Regime Switching,3840,-0.24206121968804706
Risk-Aware Regime Switching,3841,-0.40112566698618624
Risk-Aware Regime Switching,3842,-0.2402982497657078
Risk-Aware Regime Switching,3843,-0.33832132907163803
Risk-Aware Regime Switching,3844,-0.36897319484449986
Risk-Aware Regime Switching,3845,-0.3414889976205582
Risk-Aware Regime Switching,3846,-0.3660708374001045
Risk-Aware Regime Switching,3847,-0.302929836848683
Risk-Aware Regime Switching,3848,-0.2540261727789198
Risk-Aware Regime Switching,3849,-0.35994720874943664
Risk-Aware Regime Switching,3850,-0.16157584527867264
Risk-Aware Regime Switching,3851,-0.0988890253830369
Risk-Aware Regime Switching,3852,-0.15783306394748176
Risk-Aware Regime Switching,3853,-0.1635685738996071
Risk-Aware Regime Switching,3854,-0.5277792719146861
Risk-Aware Regime Switching,3855,-0.36861820026553427
Risk-Aware Regime Switching,3856,-0.17435245313789227
Risk-Aware Regime Switching,3857,-0.27422580847532485
Risk-Aware Regime Switching,3858,-0.19096074109284644
Risk-Aware Regime Switching,3859,-0.17895559870317757
Risk-Aware Regime Switching,3860,-0.2203156637312238
Risk-Aware Regime Switching,3861,-0.19522578341481778
Risk-Aware Regime Switching,3862,-0.14925850804936014
Risk-Aware Regime Switching,3863,-0.4504904201340527
Risk-Aware Regime Switching,3864,-0.19813640574855307
Risk-Aware Regime Switching,3865,-0.3295758210409626
Risk-Aware Regime Switching,3866,-0.10413905675939683
Risk-Aware Regime Switching,3867,-0.15407796075599367
Risk-Aware Regime Switching,3868,-0.13554344945904495
Risk-Aware Regime Switching,3869,-0.1961611114002747
Risk-Aware Regime Switching,3870,-0.1964828852135717
Risk-Aware Regime Switching,3871,-0.2518616388180057
Risk-Aware Regime Switching,3872,-0.14567962359087305
Risk-Aware Regime Switching,3873,-0.2851687286023469
Risk-Aware Regime Switching,3874,-0.23356776425023607
Risk-Aware Regime Switching,3875,-0.28297513212390746
Risk-Aware Regime Switching,3876,-0.29803715181063284
Risk-Aware Regime Switching,3877,-0.3306146100029873
Risk-Aware Regime Switching,3878,-0.19413162136351936
Risk-Aware Regime Switching,3879,-0.13416059721292517
Risk-Aware Regime Switching,3880,-0.2004822903639879
Risk-Aware Regime Switching,3881,-0.24005791158869239
Risk-Aware Regime Switching,3882,-0.28719394505844364
Risk-Aware Regime Switching,3883,-0.17658655779221566
Risk-Aware Regime Switching,3884,-0.29921835559956833
Risk-Aware Regime Switching,3885,-0.5376654180821083
Risk-Aware Regime Switching,3886,-0.2961023645156228
Risk-Aware Regime Switching,3887,-0.17938603028754296
Risk-Aware Regime Switching,3888,-0.2282699085056692
Risk-Aware Regime Switching,3889,-0.3477733957611945
Risk-Aware Regime Switching,3890,-0.14567445630687192
Risk-Aware Regime Switching,3891,-0.13372782666804117
Risk-Aware Regime Switching,3892,-0.25326045462227553
Risk-Aware Regime Switching,3893,-0.3869972063343724
Risk-Aware Regime Switching,3894,-0.10350120002096863
Risk-Aware Regime Switching,3895,-0.1839822201683694
Risk-Aware Regime Switching,3896,-0.20447019826139223
Risk-Aware Regime Switching,3897,-0.09845858685102016
Risk-Aware Regime Switching,3898,-0.14780580191099701
Risk-Aware Regime Switching,3899,-0.21757533302838206
Risk-Aware Regime Switching,3900,-0.16229166147091045
Risk-Aware Regime Switching,3901,-0.09216669437010494
Risk-Aware Regime Switching,3902,-0.15700741102956361
Risk-Aware Regime Switching,3903,-0.33668568934215803
Risk-Aware Regime Switching,3904,-0.3985035767300744
Risk-Aware Regime Switching,3905,-0.28173326816027733
Risk-Aware Regime Switching,3906,-0.11875672356858391
Risk-Aware Regime Switching,3907,-0.2845656012217772
Risk-Aware Regime Switching,3908,-0.20780664279934802
Risk-Aware Regime Switching,3909,-0.2615664995018031
Risk-Aware Regime Switching,3910,-0.13407844160187843
Risk-Aware Regime Switching,3911,-0.15802331454915364
Risk-Aware Regime Switching,3912,-0.3891810259758809
Risk-Aware Regime Switching,3913,-0.30749427290403497
Risk-Aware Regime Switching,3914,-0.4789212054843198
Risk-Aware Regime Switching,3915,-0.25683355715118117
Risk-Aware Regime Switching,3916,-0.14711327799336715
Risk-Aware Regime Switching,3917,-0.47415063415340053
Risk-Aware Regime Switching,3918,-0.33432958826881776
Risk-Aware Regime Switching,3919,-0.2715156209788786
Risk-Aware Regime Switching,3920,-0.16635783681876648
Risk-Aware Regime Switching,3921,-0.39737363358305566
Risk-Aware Regime Switching,3922,-0.15260569035458726
Risk-Aware Regime Switching,3923,-0.3423725599253994
Risk-Aware Regime Switching,3924,-0.2088280821435099
Risk-Aware Regime Switching,3925,-0.19372002288473145
Risk-Aware Regime Switching,3926,-0.13215235223059518
Risk-Aware Regime Switching,3927,-0.19469055449121153
Risk-Aware Regime Switching,3928,-0.17436307232149584
Risk-Aware Regime Switching,3929,-0.15331153051625157
Risk-Aware Regime Switching,3930,-0.14581526027108394
Risk-Aware Regime Switching,3931,-0.1356029026570027
Risk-Aware Regime Switching,3932,-0.3256241444889407
Risk-Aware Regime Switching,3933,-0.12605955074042707
Risk-Aware Regime Switching,3934,-0.35800053267315957
Risk-Aware Regime Switching,3935,-0.5096446586393324
Risk-Aware Regime Switching,3936,-0.15989787475103734
Risk-Aware Regime Switching,3937,-0.3157758303991739
Risk-Aware Regime Switching,3938,-0.28071790763751114
Risk-Aware Regime Switching,3939,-0.2897181396099249
Risk-Aware Regime Switching,3940,-0.3297946941515777
Risk-Aware Regime Switching,3941,-0.3408111009428113
Risk-Aware Regime Switching,3942,-0.1081842898650679
Risk-Aware Regime Switching,3943,-0.22315576719170105
Risk-Aware Regime Switching,3944,-0.4977151251158719
Risk-Aware Regime Switching,3945,-0.12057956701678918
Risk-Aware Regime Switching,3946,-0.1539538715786699
Risk-Aware Regime Switching,3947,-0.3007918412998506
Risk-Aware Regime Switching,3948,-0.2970838878928097
Risk-Aware Regime Switching,3949,-0.36155859276936697
Risk-Aware Regime Switching,3950,-0.23155593326687207
Risk-Aware Regime Switching,3951,-0.15218306465527653
Risk-Aware Regime Switching,3952,-0.16596164778126976
Risk-Aware Regime Switching,3953,-0.33671106034856624
Risk-Aware Regime Switching,3954,-0.1835860592668903
Risk-Aware Regime Switching,3955,-0.13302993480810765
Risk-Aware Regime Switching,3956,-0.2319533714859746
Risk-Aware Regime Switching,3957,-0.43932853922062487
Risk-Aware Regime Switching,3958,-0.2129686089743429
Risk-Aware Regime Switching,3959,-0.4610957724742005
Risk-Aware Regime Switching,3960,-0.3288130864283839
Risk-Aware Regime Switching,3961,-0.2790170682899177
Risk-Aware Regime Switching,3962,-0.18185899107971104
Risk-Aware Regime Switching,3963,-0.24764432797138303
Risk-Aware Regime Switching,3964,-0.29482922485004937
Risk-Aware Regime Switching,3965,-0.1513248155781629
Risk-Aware Regime Switching,3966,-0.10517046283190967
Risk-Aware Regime Switching,3967,-0.3372476311185991
Risk-Aware Regime Switching,3968,-0.33598242313077353
Risk-Aware Regime Switching,3969,-0.1697107588679888
Risk-Aware Regime Switching,3970,-0.3200741928960603
Risk-Aware Regime Switching,3971,-0.31879405809074945
Risk-Aware Regime Switching,3972,-0.2524138855003174
Risk-Aware Regime Switching,3973,-0.25070426653463596
Risk-Aware Regime Switching,3974,-0.3140432008086612
Risk-Aware Regime Switching,3975,-0.1766385460411387
Risk-Aware Regime Switching,3976,-0.13471450771276017
Risk-Aware Regime Switching,3977,-0.25843387552594543
Risk-Aware Regime Switching,3978,-0.22465190087892295
Risk-Aware Regime Switching,3979,-0.19043590034913527
Risk-Aware Regime Switching,3980,-0.3178509804338778
Risk-Aware Regime Switching,3981,-0.17905750667917442
Risk-Aware Regime Switching,3982,-0.38178963111196196
Risk-Aware Regime Switching,3983,-0.43977475023638724
Risk-Aware Regime Switching,3984,-0.27607487692705646
Risk-Aware Regime Switching,3985,-0.2978481766771339
Risk-Aware Regime Switching,3986,-0.5125001738924784
Risk-Aware Regime Switching,3987,-0.17313021453896027
Risk-Aware Regime Switching,3988,-0.36817671328563195
Risk-Aware Regime Switching,3989,-0.24383869433665117
Risk-Aware Regime Switching,3990,-0.1713968729020512
Risk-Aware Regime Switching,3991,-0.4008649005315166
Risk-Aware Regime Switching,3992,-0.12835063146155423
Risk-Aware Regime Switching,3993,-0.14409046496809053
Risk-Aware Regime Switching,3994,-0.4570445798082474
Risk-Aware Regime Switching,3995,-0.2939304880598078
Risk-Aware Regime Switching,3996,-0.13110785316166085
Risk-Aware Regime Switching,3997,-0.3134286370126722
Risk-Aware Regime Switching,3998,-0.18133149525575842
Risk-Aware Regime Switching,3999,-0.13671610341766993
Risk-Aware Regime Switching,4000,-0.14278457479156392
Risk-Aware Regime Switching,4001,-0.18167431335730944
Risk-Aware Regime Switching,4002,-0.27626227752233645
Risk-Aware Regime Switching,4003,-0.3461061035503251
Risk-Aware Regime Switching,4004,-0.10656840448281135
Risk-Aware Regime Switching,4005,-0.30212866034719055
Risk-Aware Regime Switching,4006,-0.17448569234417433
Risk-Aware Regime Switching,4007,-0.4166151191946291
Risk-Aware Regime Switching,4008,-0.16692534923784963
Risk-Aware Regime Switching,4009,-0.3298212097262807
Risk-Aware Regime Switching,4010,-0.1436942173946263
Risk-Aware Regime Switching,4011,-0.3319201023365128
Risk-Aware Regime Switching,4012,-0.21293164005961196
Risk-Aware Regime Switching,4013,-0.22066130880207968
Risk-Aware Regime Switching,4014,-0.13752813114492568
Risk-Aware Regime Switching,4015,-0.3675947385338332
Risk-Aware Regime Switching,4016,-0.16297013638578495
Risk-Aware Regime Switching,4017,-0.36045381398948195
Risk-Aware Regime Switching,4018,-0.18938608774750765
Risk-Aware Regime Switching,4019,-0.38259954278699826
Risk-Aware Regime Switching,4020,-0.33278105560816473
Risk-Aware Regime Switching,4021,-0.18087087246085132
Risk-Aware Regime Switching,4022,-0.18961297262944687
Risk-Aware Regime Switching,4023,-0.2096363882171588
Risk-Aware Regime Switching,4024,-0.1724561429384457
Risk-Aware Regime Switching,4025,-0.22933816196873769
Risk-Aware Regime Switching,4026,-0.2569033895173223
Risk-Aware Regime Switching,4027,-0.16937427672836525
Risk-Aware Regime Switching,4028,-0.3039908466263055
Risk-Aware Regime Switching,4029,-0.18867203971777358
Risk-Aware Regime Switching,4030,-0.1336567451148979
Risk-Aware Regime Switching,4031,-0.34256304713280517
Risk-Aware Regime Switching,4032,-0.17319315292661241
Risk-Aware Regime Switching,4033,-0.10456478279598935
Risk-Aware Regime Switching,4034,-0.3513599638017981
Risk-Aware Regime Switching,4035,-0.20603700350787302
Risk-Aware Regime Switching,4036,-0.1873318916425768
Risk-Aware Regime Switching,4037,-0.26836305453392306
Risk-Aware Regime Switching,4038,-0.15529148518881963
Risk-Aware Regime Switching,4039,-0.2835437372710262
Risk-Aware Regime Switching,4040,-0.12891612015048948
Risk-Aware Regime Switching,4041,-0.23591067382394038
Risk-Aware Regime Switching,4042,-0.41311925207543354
Risk-Aware Regime Switching,4043,-0.1747387588667012
Risk-Aware Regime Switching,4044,-0.29334062268105454
Risk-Aware Regime Switching,4045,-0.29161753427574544
Risk-Aware Regime Switching,4046,-0.22263579152334534
Risk-Aware Regime Switching,4047,-0.1905724982964352
Risk-Aware Regime Switching,4048,-0.3384844077005851
Risk-Aware Regime Switching,4049,-0.28109147154894965
Risk-Aware Regime Switching,4050,-0.16948646872519646
Risk-Aware Regime Switching,4051,-0.1634398915364097
Risk-Aware Regime Switching,4052,-0.27681545660918927
Risk-Aware Regime Switching,4053,-0.4230957646748873
Risk-Aware Regime Switching,4054,-0.29975791035381205
Risk-Aware Regime Switching,4055,-0.2948307913567857
Risk-Aware Regime Switching,4056,-0.1608168786746902
Risk-Aware Regime Switching,4057,-0.3114022927737563
Risk-Aware Regime Switching,4058,-0.33310516524313805
Risk-Aware Regime Switching,4059,-0.19949346495652165
Risk-Aware Regime Switching,4060,-0.21056354560691382
Risk-Aware Regime Switching,4061,-0.24671162338602437
Risk-Aware Regime Switching,4062,-0.38269459170618125
Risk-Aware Regime Switching,4063,-0.23724501469938164
Risk-Aware Regime Switching,4064,-0.2635650589311632
Risk-Aware Regime Switching,4065,-0.3111741426367862
Risk-Aware Regime Switching,4066,-0.3744742156389552
Risk-Aware Regime Switching,4067,-0.10518349010181827
Risk-Aware Regime Switching,4068,-0.23283757309119457
Risk-Aware Regime Switching,4069,-0.16180578000292678
Risk-Aware Regime Switching,4070,-0.20345838877069944
Risk-Aware Regime Switching,4071,-0.3254965720620302
Risk-Aware Regime Switching,4072,-0.22499729195390628
Risk-Aware Regime Switching,4073,-0.2270408597135195
Risk-Aware Regime Switching,4074,-0.2877564670392272
Risk-Aware Regime Switching,4075,-0.18948024561277876
Risk-Aware Regime Switching,4076,-0.28884600807910277
Risk-Aware Regime Switching,4077,-0.3325901402120742
Risk-Aware Regime Switching,4078,-0.40193585394095366
Risk-Aware Regime Switching,4079,-0.21716443970472854
Risk-Aware Regime Switching,4080,-0.32387243312238645
Risk-Aware Regime Switching,4081,-0.14120265738468218
Risk-Aware Regime Switching,4082,-0.3598435533995248
Risk-Aware Regime Switching,4083,-0.18155280491099068
Risk-Aware Regime Switching,4084,-0.1921514185593639
Risk-Aware Regime Switching,4085,-0.15892381773605435
Risk-Aware Regime Switching,4086,-0.3345517956826476
Risk-Aware Regime Switching,4087,-0.1913997734995172
Risk-Aware Regime Switching,4088,-0.2176074009929183
Risk-Aware Regime Switching,4089,-0.3769827422694322
Risk-Aware Regime Switching,4090,-0.24248827660955408
Risk-Aware Regime Switching,4091,-0.17420910181336147
Risk-Aware Regime Switching,4092,-0.4267699550593682
Risk-Aware Regime Switching,4093,-0.26990724023762225
Risk-Aware Regime Switching,4094,-0.1357566004898244
Risk-Aware Regime Switching,4095,-0.19032084713377806
Risk-Aware Regime Switching,4096,-0.3024230597743679
Risk-Aware Regime Switching,4097,-0.26634072976773093
Risk-Aware Regime Switching,4098,-0.1324555544690904
Risk-Aware Regime Switching,4099,-0.1967171479863381
Risk-Aware Regime Switching,4100,-0.22563558463279898
Risk-Aware Regime Switching,4101,-0.22978975897846432
Risk-Aware Regime Switching,4102,-0.1703718799535151
Risk-Aware Regime Switching,4103,-0.21264792697485901
Risk-Aware Regime Switching,4104,-0.2191951126211089
Risk-Aware Regime Switching,4105,-0.2289227863465566
Risk-Aware Regime Switching,4106,-0.13689198688746618
Risk-Aware Regime Switching,4107,-0.5800372330978653
Risk-Aware Regime Switching,4108,-0.26167826488592316
Risk-Aware Regime Switching,4109,-0.5226350332898709
Risk-Aware Regime Switching,4110,-0.16947546618027554
Risk-Aware Regime Switching,4111,-0.15994248644089681
Risk-Aware Regime Switching,4112,-0.20336518549081328
Risk-Aware Regime Switching,4113,-0.149921488907501
Risk-Aware Regime Switching,4114,-0.23984614459057452
Risk-Aware Regime Switching,4115,-0.2197745632299759
Risk-Aware Regime Switching,4116,-0.29564352456122545
Risk-Aware Regime Switching,4117,-0.13332218202251112
Risk-Aware Regime Switching,4118,-0.36365571933379837
Risk-Aware Regime Switching,4119,-0.5708494749313726
Risk-Aware Regime Switching,4120,-0.23163310865960118
Risk-Aware Regime Switching,4121,-0.3021389881729849
Risk-Aware Regime Switching,4122,-0.3305434328412207
Risk-Aware Regime Switching,4123,-0.3187734381401137
Risk-Aware Regime Switching,4124,-0.14499020367835702
Risk-Aware Regime Switching,4125,-0.1768841051282004
Risk-Aware Regime Switching,4126,-0.1507876263270853
Risk-Aware Regime Switching,4127,-0.2636383774859491
Risk-Aware Regime Switching,4128,-0.17136181931530559
Risk-Aware Regime Switching,4129,-0.2748660259876379
Risk-Aware Regime Switching,4130,-0.18259200141110832
Risk-Aware Regime Switching,4131,-0.26273825414757135
Risk-Aware Regime Switching,4132,-0.3444720052223267
Risk-Aware Regime Switching,4133,-0.14281542979797268
Risk-Aware Regime Switching,4134,-0.26205839800699027
Risk-Aware Regime Switching,4135,-0.2679403840565505
Risk-Aware Regime Switching,4136,-0.2495319273139467
Risk-Aware Regime Switching,4137,-0.48764092139361614
Risk-Aware Regime Switching,4138,-0.12527459548240438
Risk-Aware Regime Switching,4139,-0.15684080027399028
Risk-Aware Regime Switching,4140,-0.24619156098654504
Risk-Aware Regime Switching,4141,-0.1980410726316758
Risk-Aware Regime Switching,4142,-0.14458847168654732
Risk-Aware Regime Switching,4143,-0.22373788140006656
Risk-Aware Regime Switching,4144,-0.29991977225738264
Risk-Aware Regime Switching,4145,-0.20885418634228126
Risk-Aware Regime Switching,4146,-0.2943088409372646
Risk-Aware Regime Switching,4147,-0.37159630832071766
Risk-Aware Regime Switching,4148,-0.1427527704855075
Risk-Aware Regime Switching,4149,-0.19189896843262277
Risk-Aware Regime Switching,4150,-0.1078371955186408
Risk-Aware Regime Switching,4151,-0.13475092590793158
Risk-Aware Regime Switching,4152,-0.4397753066867063
Risk-Aware Regime Switching,4153,-0.1236592685234773
Risk-Aware Regime Switching,4154,-0.19354394263028962
Risk-Aware Regime Switching,4155,-0.20222516596412932
Risk-Aware Regime Switching,4156,-0.17633957922237664
Risk-Aware Regime Switching,4157,-0.32453446684531784
Risk-Aware Regime Switching,4158,-0.18919802844146494
Risk-Aware Regime Switching,4159,-0.3142942376029275
Risk-Aware Regime Switching,4160,-0.22224695923233118
Risk-Aware Regime Switching,4161,-0.19264571361627014
Risk-Aware Regime Switching,4162,-0.33834984767642484
Risk-Aware Regime Switching,4163,-0.17894837555213283
Risk-Aware Regime Switching,4164,-0.21233802095608167
Risk-Aware Regime Switching,4165,-0.2222321054992593
Risk-Aware Regime Switching,4166,-0.46499896654048434
Risk-Aware Regime Switching,4167,-0.23223941829985584
Risk-Aware Regime Switching,4168,-0.31728788308221445
Risk-Aware Regime Switching,4169,-0.25231711990135774
Risk-Aware Regime Switching,4170,-0.25821340794913694
Risk-Aware Regime Switching,4171,-0.15964580600770006
Risk-Aware Regime Switching,4172,-0.42559803924675343
Risk-Aware Regime Switching,4173,-0.192889794944471
Risk-Aware Regime Switching,4174,-0.3114730657460607
Risk-Aware Regime Switching,4175,-0.2825705692896566
Risk-Aware Regime Switching,4176,-0.4171053122424818
Risk-Aware Regime Switching,4177,-0.3295461767741005
Risk-Aware Regime Switching,4178,-0.09544646092870757
Risk-Aware Regime Switching,4179,-0.31104353011769903
Risk-Aware Regime Switching,4180,-0.28033243147324505
Risk-Aware Regime Switching,4181,-0.3525046057037968
Risk-Aware Regime Switching,4182,-0.15708140985154773
Risk-Aware Regime Switching,4183,-0.2788737845767405
Risk-Aware Regime Switching,4184,-0.3629203754598401
Risk-Aware Regime Switching,4185,-0.1969293509405684
Risk-Aware Regime Switching,4186,-0.1346691915319912
Risk-Aware Regime Switching,4187,-0.31320649161678416
Risk-Aware Regime Switching,4188,-0.24669730743599294
Risk-Aware Regime Switching,4189,-0.17587477708957977
Risk-Aware Regime Switching,4190,-0.24875066350088637
Risk-Aware Regime Switching,4191,-0.16757825700568196
Risk-Aware Regime Switching,4192,-0.23161072522051984
Risk-Aware Regime Switching,4193,-0.23960710900302173
Risk-Aware Regime Switching,4194,-0.14451307036742034
Risk-Aware Regime Switching,4195,-0.28944860077736134
Risk-Aware Regime Switching,4196,-0.21946013755879368
Risk-Aware Regime Switching,4197,-0.2075194183203879
Risk-Aware Regime Switching,4198,-0.39091318215479975
Risk-Aware Regime Switching,4199,-0.18229211829221148
Risk-Aware Regime Switching,4200,-0.25184621477615743
Risk-Aware Regime Switching,4201,-0.32190680385804404
Risk-Aware Regime Switching,4202,-0.2546531155575852
Risk-Aware Regime Switching,4203,-0.21837767816458487
Risk-Aware Regime Switching,4204,-0.25917808295673206
Risk-Aware Regime Switching,4205,-0.3700747951498573
Risk-Aware Regime Switching,4206,-0.2804278900514484
Risk-Aware Regime Switching,4207,-0.2464388998277397
Risk-Aware Regime Switching,4208,-0.18635957698675487
Risk-Aware Regime Switching,4209,-0.15534908968300842
Risk-Aware Regime Switching,4210,-0.36859262285843086
Risk-Aware Regime Switching,4211,-0.11011405084352754
Risk-Aware Regime Switching,4212,-0.278304003302837
Risk-Aware Regime Switching,4213,-0.1956788646106714
Risk-Aware Regime Switching,4214,-0.3060055683289491
Risk-Aware Regime Switching,4215,-0.19209689373922811
Risk-Aware Regime Switching,4216,-0.29639271807415934
Risk-Aware Regime Switching,4217,-0.2556391234073432
Risk-Aware Regime Switching,4218,-0.21519327509327535
Risk-Aware Regime Switching,4219,-0.18070149355606757
Risk-Aware Regime Switching,4220,-0.3212540765306202
Risk-Aware Regime Switching,4221,-0.24956000011920443
Risk-Aware Regime Switching,4222,-0.2270166227232241
Risk-Aware Regime Switching,4223,-0.3613931361520978
Risk-Aware Regime Switching,4224,-0.23582964346396207
Risk-Aware Regime Switching,4225,-0.36766694960318036
Risk-Aware Regime Switching,4226,-0.4230158047552429
Risk-Aware Regime Switching,4227,-0.2050409097871535
Risk-Aware Regime Switching,4228,-0.15434891507101478
Risk-Aware Regime Switching,4229,-0.2736705269556674
Risk-Aware Regime Switching,4230,-0.3677226821810271
Risk-Aware Regime Switching,4231,-0.2990557358015483
Risk-Aware Regime Switching,4232,-0.2665766852719277
Risk-Aware Regime Switching,4233,-0.18836739063888452
Risk-Aware Regime Switching,4234,-0.15405608171672713
Risk-Aware Regime Switching,4235,-0.16452960322595422
Risk-Aware Regime Switching,4236,-0.2865196261989257
Risk-Aware Regime Switching,4237,-0.27044111910497337
Risk-Aware Regime Switching,4238,-0.16888915778006575
Risk-Aware Regime Switching,4239,-0.256260051989486
Risk-Aware Regime Switching,4240,-0.3511229426752853
Risk-Aware Regime Switching,4241,-0.1376138187093271
Risk-Aware Regime Switching,4242,-0.2276687608101401
Risk-Aware Regime Switching,4243,-0.21486176773916799
Risk-Aware Regime Switching,4244,-0.23618013199122134
Risk-Aware Regime Switching,4245,-0.11937178456579978
Risk-Aware Regime Switching,4246,-0.1549707957739962
Risk-Aware Regime Switching,4247,-0.1494262305710844
Risk-Aware Regime Switching,4248,-0.13274764841549658
Risk-Aware Regime Switching,4249,-0.28308450100894844
Risk-Aware Regime Switching,4250,-0.22971719951205893
Risk-Aware Regime Switching,4251,-0.1579396688937177
Risk-Aware Regime Switching,4252,-0.1767841936039546
Risk-Aware Regime Switching,4253,-0.1101444192570249
Risk-Aware Regime Switching,4254,-0.24382033438455686
Risk-Aware Regime Switching,4255,-0.3249764821104777
Risk-Aware Regime Switching,4256,-0.3226925589096705
Risk-Aware Regime Switching,4257,-0.261308101822488
Risk-Aware Regime Switching,4258,-0.3346235536398988
Risk-Aware Regime Switching,4259,-0.2657700798445426
Risk-Aware Regime Switching,4260,-0.2513368153597252
Risk-Aware Regime Switching,4261,-0.125569809307717
Risk-Aware Regime Switching,4262,-0.30113579485004116
Risk-Aware Regime Switching,4263,-0.2023452791667374
Risk-Aware Regime Switching,4264,-0.25186558677051674
Risk-Aware Regime Switching,4265,-0.38439692612959
Risk-Aware Regime Switching,4266,-0.30294738771335517
Risk-Aware Regime Switching,4267,-0.31230400794203517
Risk-Aware Regime Switching,4268,-0.14970945942276181
Risk-Aware Regime Switching,4269,-0.5278229153810029
Risk-Aware Regime Switching,4270,-0.17842020200850595
Risk-Aware Regime Switching,4271,-0.3945622537385839
Risk-Aware Regime Switching,4272,-0.360839367791964
Risk-Aware Regime Switching,4273,-0.1566002499260707
Risk-Aware Regime Switching,4274,-0.28362787591820515
Risk-Aware Regime Switching,4275,-0.2705441298128264
Risk-Aware Regime Switching,4276,-0.17408817767844786
Risk-Aware Regime Switching,4277,-0.33914787250243816
Risk-Aware Regime Switching,4278,-0.16643576006989225
Risk-Aware Regime Switching,4279,-0.27078909372413706
Risk-Aware Regime Switching,4280,-0.12771820823972135
Risk-Aware Regime Switching,4281,-0.3880731273144541
Risk-Aware Regime Switching,4282,-0.1411518248374164
Risk-Aware Regime Switching,4283,-0.1981521988939826
Risk-Aware Regime Switching,4284,-0.15092874536531398
Risk-Aware Regime Switching,4285,-0.17380606873672722
Risk-Aware Regime Switching,4286,-0.2670998552688899
Risk-Aware Regime Switching,4287,-0.2179103819365873
Risk-Aware Regime Switching,4288,-0.19560254142288247
Risk-Aware Regime Switching,4289,-0.2342291038849501
Risk-Aware Regime Switching,4290,-0.2165524753324224
Risk-Aware Regime Switching,4291,-0.14040024245017124
Risk-Aware Regime Switching,4292,-0.2986555204817992
Risk-Aware Regime Switching,4293,-0.215814527268255
Risk-Aware Regime Switching,4294,-0.21796553037277822
Risk-Aware Regime Switching,4295,-0.2592933287345791
Risk-Aware Regime Switching,4296,-0.25481438261640754
Risk-Aware Regime Switching,4297,-0.36084384664357283
Risk-Aware Regime Switching,4298,-0.18156174091273092
Risk-Aware Regime Switching,4299,-0.12949208187207628
Risk-Aware Regime Switching,4300,-0.3868895458697521
Risk-Aware Regime Switching,4301,-0.10592419636851791
Risk-Aware Regime Switching,4302,-0.20073899552419217
Risk-Aware Regime Switching,4303,-0.3655818612333781
Risk-Aware Regime Switching,4304,-0.4554986208169396
Risk-Aware Regime Switching,4305,-0.19486511419199093
Risk-Aware Regime Switching,4306,-0.3425806422258938
Risk-Aware Regime Switching,4307,-0.23308119970264962
Risk-Aware Regime Switching,4308,-0.20401965886504791
Risk-Aware Regime Switching,4309,-0.35446844137800326
Risk-Aware Regime Switching,4310,-0.17995153265656538
Risk-Aware Regime Switching,4311,-0.19276767303100095
Risk-Aware Regime Switching,4312,-0.2345241565891164
Risk-Aware Regime Switching,4313,-0.28796381335635957
Risk-Aware Regime Switching,4314,-0.3010591472657643
Risk-Aware Regime Switching,4315,-0.21246652847057812
Risk-Aware Regime Switching,4316,-0.150959649864448
Risk-Aware Regime Switching,4317,-0.3708376865757592
Risk-Aware Regime Switching,4318,-0.1172363903343312
Risk-Aware Regime Switching,4319,-0.34849786233220825
Risk-Aware Regime Switching,4320,-0.40489023267971924
Risk-Aware Regime Switching,4321,-0.16456580023516088
Risk-Aware Regime Switching,4322,-0.15297136744498618
Risk-Aware Regime Switching,4323,-0.09970039661774144
Risk-Aware Regime Switching,4324,-0.519560073436004
Risk-Aware Regime Switching,4325,-0.31437519362885236
Risk-Aware Regime Switching,4326,-0.2666244047941191
Risk-Aware Regime Switching,4327,-0.13156660264972997
Risk-Aware Regime Switching,4328,-0.17228600115450643
Risk-Aware Regime Switching,4329,-0.191504598015792
Risk-Aware Regime Switching,4330,-0.22530178765307962
Risk-Aware Regime Switching,4331,-0.39255493301392497
Risk-Aware Regime Switching,4332,-0.3233762360847424
Risk-Aware Regime Switching,4333,-0.26445053280152675
Risk-Aware Regime Switching,4334,-0.24174473670547802
Risk-Aware Regime Switching,4335,-0.29415401152464904
Risk-Aware Regime Switching,4336,-0.22897181931960253
Risk-Aware Regime Switching,4337,-0.15565615225532436
Risk-Aware Regime Switching,4338,-0.20029275945507174
Risk-Aware Regime Switching,4339,-0.33921878386972704
Risk-Aware Regime Switching,4340,-0.3034724317976466
Risk-Aware Regime Switching,4341,-0.2586698786148317
Risk-Aware Regime Switching,4342,-0.28415858207869815
Risk-Aware Regime Switching,4343,-0.12676830434154673
Risk-Aware Regime Switching,4344,-0.29102726640299237
Risk-Aware Regime Switching,4345,-0.21290689457380707
Risk-Aware Regime Switching,4346,-0.3353147612854819
Risk-Aware Regime Switching,4347,-0.25078946356042575
Risk-Aware Regime Switching,4348,-0.11425672656530017
Risk-Aware Regime Switching,4349,-0.18607615924891008
Risk-Aware Regime Switching,4350,-0.15297475736129462
Risk-Aware Regime Switching,4351,-0.248015100198816
Risk-Aware Regime Switching,4352,-0.37533671265091173
Risk-Aware Regime Switching,4353,-0.2082550914872483
Risk-Aware Regime Switching,4354,-0.131579687304065
Risk-Aware Regime Switching,4355,-0.14123724761497147
Risk-Aware Regime Switching,4356,-0.37158530043508053
Risk-Aware Regime Switching,4357,-0.2085886036198511
Risk-Aware Regime Switching,4358,-0.22267864527667436
Risk-Aware Regime Switching,4359,-0.1686555535041908
Risk-Aware Regime Switching,4360,-0.4020427870327642
Risk-Aware Regime Switching,4361,-0.1817940031002424
Risk-Aware Regime Switching,4362,-0.244928139346405
Risk-Aware Regime Switching,4363,-0.1523506436421903
Risk-Aware Regime Switching,4364,-0.12076973017226678
Risk-Aware Regime Switching,4365,-0.19384736122927737
Risk-Aware Regime Switching,4366,-0.14611107997506578
Risk-Aware Regime Switching,4367,-0.15445178326030085
Risk-Aware Regime Switching,4368,-0.15969903732048418
Risk-Aware Regime Switching,4369,-0.14188031277767588
Risk-Aware Regime Switching,4370,-0.09156832937888593
Risk-Aware Regime Switching,4371,-0.14972345553048816
Risk-Aware Regime Switching,4372,-0.27385695825975476
Risk-Aware Regime Switching,4373,-0.3065013463634977
Risk-Aware Regime Switching,4374,-0.16357952467954184
Risk-Aware Regime Switching,4375,-0.1624235478959949
Risk-Aware Regime Switching,4376,-0.18477403550024019
Risk-Aware Regime Switching,4377,-0.45100118929107436
Risk-Aware Regime Switching,4378,-0.2532435320045585
Risk-Aware Regime Switching,4379,-0.2571397745575461
Risk-Aware Regime Switching,4380,-0.15504169627472264
Risk-Aware Regime Switching,4381,-0.15461714121305759
Risk-Aware Regime Switching,4382,-0.36451471410748726
Risk-Aware Regime Switching,4383,-0.24382583860578833
Risk-Aware Regime Switching,4384,-0.14573954256662447
Risk-Aware Regime Switching,4385,-0.201601080700742
Risk-Aware Regime Switching,4386,-0.3014383046675412
Risk-Aware Regime Switching,4387,-0.13471616993833668
Risk-Aware Regime Switching,4388,-0.39774961932943387
Risk-Aware Regime Switching,4389,-0.0890545452421504
Risk-Aware Regime Switching,4390,-0.3855491308736231
Risk-Aware Regime Switching,4391,-0.16841056704086754
Risk-Aware Regime Switching,4392,-0.2280904240217022
Risk-Aware Regime Switching,4393,-0.37655194242364143
Risk-Aware Regime Switching,4394,-0.3068816722355072
Risk-Aware Regime Switching,4395,-0.09800944806772549
Risk-Aware Regime Switching,4396,-0.21798269410366988
Risk-Aware Regime Switching,4397,-0.21962409349890566
Risk-Aware Regime Switching,4398,-0.1118023188363425
Risk-Aware Regime Switching,4399,-0.2082944566020526
Risk-Aware Regime Switching,4400,-0.2976936852637294
Risk-Aware Regime Switching,4401,-0.3304456209982921
Risk-Aware Regime Switching,4402,-0.3589652473330951
Risk-Aware Regime Switching,4403,-0.27369866607636173
Risk-Aware Regime Switching,4404,-0.3901498103468033
Risk-Aware Regime Switching,4405,-0.3282891826606218
Risk-Aware Regime Switching,4406,-0.2247503744632776
Risk-Aware Regime Switching,4407,-0.19378529792921917
Risk-Aware Regime Switching,4408,-0.166668963093056
Risk-Aware Regime Switching,4409,-0.4201807126549987
Risk-Aware Regime Switching,4410,-0.2453699390134333
Risk-Aware Regime Switching,4411,-0.23490465224791857
Risk-Aware Regime Switching,4412,-0.1410860230289338
Risk-Aware Regime Switching,4413,-0.2384572160468177
Risk-Aware Regime Switching,4414,-0.2315744498526615
Risk-Aware Regime Switching,4415,-0.2515202864272855
Risk-Aware Regime Switching,4416,-0.21163108405641107
Risk-Aware Regime Switching,4417,-0.39484784214552393
Risk-Aware Regime Switching,4418,-0.21016160821231
Risk-Aware Regime Switching,4419,-0.13687677977256796
Risk-Aware Regime Switching,4420,-0.20244312779896823
Risk-Aware Regime Switching,4421,-0.21838897580468275
Risk-Aware Regime Switching,4422,-0.2035900938299131
Risk-Aware Regime Switching,4423,-0.3217982303654565
Risk-Aware Regime Switching,4424,-0.21483641476667392
Risk-Aware Regime Switching,4425,-0.24631555737128585
Risk-Aware Regime Switching,4426,-0.2595109548821416
Risk-Aware Regime Switching,4427,-0.16693015316548543
Risk-Aware Regime Switching,4428,-0.10843003814664876
Risk-Aware Regime Switching,4429,-0.2476645951265971
Risk-Aware Regime Switching,4430,-0.15101497437977585
Risk-Aware Regime Switching,4431,-0.32353169607284316
Risk-Aware Regime Switching,4432,-0.32335139888314857
Risk-Aware Regime Switching,4433,-0.11518707861658695
Risk-Aware Regime Switching,4434,-0.2802374313875773
Risk-Aware Regime Switching,4435,-0.3818317039419925
Risk-Aware Regime Switching,4436,-0.33678326054798235
Risk-Aware Regime Switching,4437,-0.4211469668432165
Risk-Aware Regime Switching,4438,-0.24735838543105038
Risk-Aware Regime Switching,4439,-0.22485049093094311
Risk-Aware Regime Switching,4440,-0.43277254153461897
Risk-Aware Regime Switching,4441,-0.4198331794341664
Risk-Aware Regime Switching,4442,-0.3685315920901775
Risk-Aware Regime Switching,4443,-0.19839913921767582
Risk-Aware Regime Switching,4444,-0.2167574364647855
Risk-Aware Regime Switching,4445,-0.1192317109865293
Risk-Aware Regime Switching,4446,-0.20099519663524146
Risk-Aware Regime Switching,4447,-0.17767677998216425
Risk-Aware Regime Switching,4448,-0.10268215317600438
Risk-Aware Regime Switching,4449,-0.34793799765167366
Risk-Aware Regime Switching,4450,-0.3157278617054927
Risk-Aware Regime Switching,4451,-0.20081416418357634
Risk-Aware Regime Switching,4452,-0.2162644910646513
Risk-Aware Regime Switching,4453,-0.21168260513995363
Risk-Aware Regime Switching,4454,-0.21058581292409972
Risk-Aware Regime Switching,4455,-0.16477482805607402
Risk-Aware Regime Switching,4456,-0.22418913994302814
Risk-Aware Regime Switching,4457,-0.18089389174611892
Risk-Aware Regime Switching,4458,-0.32845770493423654
Risk-Aware Regime Switching,4459,-0.15179605350028802
Risk-Aware Regime Switching,4460,-0.20789075242399735
Risk-Aware Regime Switching,4461,-0.312522905817736
Risk-Aware Regime Switching,4462,-0.2697349255904061
Risk-Aware Regime Switching,4463,-0.15801943971031163
Risk-Aware Regime Switching,4464,-0.24737766739226874
Risk-Aware Regime Switching,4465,-0.15111479812466655
Risk-Aware Regime Switching,4466,-0.12503511859748873
Risk-Aware Regime Switching,4467,-0.38167032981420423
Risk-Aware Regime Switching,4468,-0.17968553997860304
Risk-Aware Regime Switching,4469,-0.38274413370893967
Risk-Aware Regime Switching,4470,-0.24504672591094867
Risk-Aware Regime Switching,4471,-0.2741669971759967
Risk-Aware Regime Switching,4472,-0.1726186393387864
Risk-Aware Regime Switching,4473,-0.22615518451646066
Risk-Aware Regime Switching,4474,-0.2932267158155746
Risk-Aware Regime Switching,4475,-0.4565841683414694
Risk-Aware Regime Switching,4476,-0.30829996646859203
Risk-Aware Regime Switching,4477,-0.12170204661327821
Risk-Aware Regime Switching,4478,-0.3492674047141545
Risk-Aware Regime Switching,4479,-0.3300986875614458
Risk-Aware Regime Switching,4480,-0.21255271286063293
Risk-Aware Regime Switching,4481,-0.25067904659078133
Risk-Aware Regime Switching,4482,-0.2197473251119033
Risk-Aware Regime Switching,4483,-0.19221272308724568
Risk-Aware Regime Switching,4484,-0.17041279559701739
Risk-Aware Regime Switching,4485,-0.24619851812955262
Risk-Aware Regime Switching,4486,-0.19482808052199718
Risk-Aware Regime Switching,4487,-0.23819009858625295
Risk-Aware Regime Switching,4488,-0.2208469350745328
Risk-Aware Regime Switching,4489,-0.15004839131458725
Risk-Aware Regime Switching,4490,-0.13410506260320465
Risk-Aware Regime Switching,4491,-0.25249937274549217
Risk-Aware Regime Switching,4492,-0.3332269658218696
Risk-Aware Regime Switching,4493,-0.1836778668977378
Risk-Aware Regime Switching,4494,-0.16072440039849156
Risk-Aware Regime Switching,4495,-0.18376260229327168
Risk-Aware Regime Switching,4496,-0.29741089913557894
Risk-Aware Regime Switching,4497,-0.33533606736058197
Risk-Aware Regime Switching,4498,-0.2701805683767168
Risk-Aware Regime Switching,4499,-0.27118227720681276
Risk-Aware Regime Switching,4500,-0.09993212284011088
Risk-Aware Regime Switching,4501,-0.13584577316758684
Risk-Aware Regime Switching,4502,-0.23482106382638812
Risk-Aware Regime Switching,4503,-0.26091394727233297
Risk-Aware Regime Switching,4504,-0.37051659006953175
Risk-Aware Regime Switching,4505,-0.22313966285673814
Risk-Aware Regime Switching,4506,-0.22214982610566492
Risk-Aware Regime Switching,4507,-0.21490070714386356
Risk-Aware Regime Switching,4508,-0.12403028682530859
Risk-Aware Regime Switching,4509,-0.21949572165507847
Risk-Aware Regime Switching,4510,-0.2711911139054646
Risk-Aware Regime Switching,4511,-0.24172617654637552
Risk-Aware Regime Switching,4512,-0.18609975539688128
Risk-Aware Regime Switching,4513,-0.31647924016799056
Risk-Aware Regime Switching,4514,-0.32049004519524193
Risk-Aware Regime Switching,4515,-0.2471875286363422
Risk-Aware Regime Switching,4516,-0.21597357740963807
Risk-Aware Regime Switching,4517,-0.2327494212886988
Risk-Aware Regime Switching,4518,-0.30921750658747904
Risk-Aware Regime Switching,4519,-0.23777352268536667
Risk-Aware Regime Switching,4520,-0.2421438640336887
Risk-Aware Regime Switching,4521,-0.18908533740849087
Risk-Aware Regime Switching,4522,-0.18196752308449615
Risk-Aware Regime Switching,4523,-0.26611948835964816
Risk-Aware Regime Switching,4524,-0.4119585165393791
Risk-Aware Regime Switching,4525,-0.15791139791235775
Risk-Aware Regime Switching,4526,-0.32415249068630336
Risk-Aware Regime Switching,4527,-0.16859065636611636
Risk-Aware Regime Switching,4528,-0.4734573493533538
Risk-Aware Regime Switching,4529,-0.23584306923731735
Risk-Aware Regime Switching,4530,-0.27959966330338304
Risk-Aware Regime Switching,4531,-0.2245936926211176
Risk-Aware Regime Switching,4532,-0.35169083503190635
Risk-Aware Regime Switching,4533,-0.30422489307118117
Risk-Aware Regime Switching,4534,-0.203769222519523
Risk-Aware Regime Switching,4535,-0.13395118163255915
Risk-Aware Regime Switching,4536,-0.11751187641329719
Risk-Aware Regime Switching,4537,-0.19218546789539792
Risk-Aware Regime Switching,4538,-0.27871483881992787
Risk-Aware Regime Switching,4539,-0.3984827720069979
Risk-Aware Regime Switching,4540,-0.24620367843397917
Risk-Aware Regime Switching,4541,-0.35743347777099665
Risk-Aware Regime Switching,4542,-0.2560730658535879
Risk-Aware Regime Switching,4543,-0.20095000322166123
Risk-Aware Regime Switching,4544,-0.39112825829531983
Risk-Aware Regime Switching,4545,-0.23622467493674193
Risk-Aware Regime Switching,4546,-0.2756013142001691
Risk-Aware Regime Switching,4547,-0.28716124106683083
Risk-Aware Regime Switching,4548,-0.2665998966255113
Risk-Aware Regime Switching,4549,-0.16980632431449982
Risk-Aware Regime Switching,4550,-0.2639568683454775
Risk-Aware Regime Switching,4551,-0.338911751103106
Risk-Aware Regime Switching,4552,-0.20391518213989746
Risk-Aware Regime Switching,4553,-0.49653379622537785
Risk-Aware Regime Switching,4554,-0.32924308170925387
Risk-Aware Regime Switching,4555,-0.1905357318930967
Risk-Aware Regime Switching,4556,-0.1559433961446942
Risk-Aware Regime Switching,4557,-0.22219791797023025
Risk-Aware Regime Switching,4558,-0.357786181469016
Risk-Aware Regime Switching,4559,-0.15701883914674375
Risk-Aware Regime Switching,4560,-0.2785554804974325
Risk-Aware Regime Switching,4561,-0.2966550523092788
Risk-Aware Regime Switching,4562,-0.2621203656392589
Risk-Aware Regime Switching,4563,-0.2601828016457526
Risk-Aware Regime Switching,4564,-0.32339334187910596
Risk-Aware Regime Switching,4565,-0.25222453311075144
Risk-Aware Regime Switching,4566,-0.1690099674574269
Risk-Aware Regime Switching,4567,-0.1451051771363896
Risk-Aware Regime Switching,4568,-0.11366544531824452
Risk-Aware Regime Switching,4569,-0.17444788166560088
Risk-Aware Regime Switching,4570,-0.25906033982357524
Risk-Aware Regime Switching,4571,-0.1635184787314221
Risk-Aware Regime Switching,4572,-0.28160463776717837
Risk-Aware Regime Switching,4573,-0.135102159739519
Risk-Aware Regime Switching,4574,-0.13043352335692449
Risk-Aware Regime Switching,4575,-0.20475376187126892
Risk-Aware Regime Switching,4576,-0.21159527474327244
Risk-Aware Regime Switching,4577,-0.1730210845922021
Risk-Aware Regime Switching,4578,-0.19046071301185685
Risk-Aware Regime Switching,4579,-0.17214285437588317
Risk-Aware Regime Switching,4580,-0.19972173105042812
Risk-Aware Regime Switching,4581,-0.20634032387331525
Risk-Aware Regime Switching,4582,-0.46148683588059336
Risk-Aware Regime Switching,4583,-0.34667335570131796
Risk-Aware Regime Switching,4584,-0.3515921494124824
Risk-Aware Regime Switching,4585,-0.26263355698642477
Risk-Aware Regime Switching,4586,-0.18271937055588905
Risk-Aware Regime Switching,4587,-0.28311097491769455
Risk-Aware Regime Switching,4588,-0.19468217421070033
Risk-Aware Regime Switching,4589,-0.4140312061196597
Risk-Aware Regime Switching,4590,-0.19942367064021016
Risk-Aware Regime Switching,4591,-0.1279644263251778
Risk-Aware Regime Switching,4592,-0.23008519461709287
Risk-Aware Regime Switching,4593,-0.21995004233736748
Risk-Aware Regime Switching,4594,-0.4048265714591195
Risk-Aware Regime Switching,4595,-0.20893231072849494
Risk-Aware Regime Switching,4596,-0.18919006725466125
Risk-Aware Regime Switching,4597,-0.1948088994521695
Risk-Aware Regime Switching,4598,-0.2905310440238287
Risk-Aware Regime Switching,4599,-0.1651787652943606
Risk-Aware Regime Switching,4600,-0.26035877654903694
Risk-Aware Regime Switching,4601,-0.18248278540619833
Risk-Aware Regime Switching,4602,-0.44635955231573643
Risk-Aware Regime Switching,4603,-0.13423289679229422
Risk-Aware Regime Switching,4604,-0.24384876307526393
Risk-Aware Regime Switching,4605,-0.3309621507076721
Risk-Aware Regime Switching,4606,-0.29082381876705465
Risk-Aware Regime Switching,4607,-0.13753852400372923
Risk-Aware Regime Switching,4608,-0.29140867433772744
Risk-Aware Regime Switching,4609,-0.43781432009691124
Risk-Aware Regime Switching,4610,-0.199206030910429
Risk-Aware Regime Switching,4611,-0.18436833332010483
Risk-Aware Regime Switching,4612,-0.09880802305636749
Risk-Aware Regime Switching,4613,-0.25713820529645814
Risk-Aware Regime Switching,4614,-0.23716632358675205
Risk-Aware Regime Switching,4615,-0.15405450519826336
Risk-Aware Regime Switching,4616,-0.17593020996866493
Risk-Aware Regime Switching,4617,-0.3394525884502414
Risk-Aware Regime Switching,4618,-0.38119890686724933
Risk-Aware Regime Switching,4619,-0.2143810189791684
Risk-Aware Regime Switching,4620,-0.428819916995514
Risk-Aware Regime Switching,4621,-0.16627676524859636
Risk-Aware Regime Switching,4622,-0.2510236014157148
Risk-Aware Regime Switching,4623,-0.44811228346041254
Risk-Aware Regime Switching,4624,-0.18544716657801563
Risk-Aware Regime Switching,4625,-0.23937209881358656
Risk-Aware Regime Switching,4626,-0.22973351291973187
Risk-Aware Regime Switching,4627,-0.3826278395521542
Risk-Aware Regime Switching,4628,-0.2286565028595018
Risk-Aware Regime Switching,4629,-0.2650531005612845
Risk-Aware Regime Switching,4630,-0.415232476408974
Risk-Aware Regime Switching,4631,-0.12582456554067611
Risk-Aware Regime Switching,4632,-0.3261169530338962
Risk-Aware Regime Switching,4633,-0.13995044518493505
Risk-Aware Regime Switching,4634,-0.265172814192685
Risk-Aware Regime Switching,4635,-0.1515137837282301
Risk-Aware Regime Switching,4636,-0.43193760707085127
Risk-Aware Regime Switching,4637,-0.24775148415472004
Risk-Aware Regime Switching,4638,-0.23317919474335957
Risk-Aware Regime Switching,4639,-0.24818111376144913
Risk-Aware Regime Switching,4640,-0.14898310047285745
Risk-Aware Regime Switching,4641,-0.312927021598868
Risk-Aware Regime Switching,4642,-0.1247118393643818
Risk-Aware Regime Switching,4643,-0.13920540010476046
Risk-Aware Regime Switching,4644,-0.14579663144749377
Risk-Aware Regime Switching,4645,-0.26762096079863806
Risk-Aware Regime Switching,4646,-0.36172204851340206
Risk-Aware Regime Switching,4647,-0.22831978508991368
Risk-Aware Regime Switching,4648,-0.3100851253733031
Risk-Aware Regime Switching,4649,-0.21156039861119935
Risk-Aware Regime Switching,4650,-0.14562141237185156
Risk-Aware Regime Switching,4651,-0.2766618318841625
Risk-Aware Regime Switching,4652,-0.15318046709060906
Risk-Aware Regime Switching,4653,-0.2692370866562448
Risk-Aware Regime Switching,4654,-0.17270702882152067
Risk-Aware Regime Switching,4655,-0.29032748439437717
Risk-Aware Regime Switching,4656,-0.24316204342649372
Risk-Aware Regime Switching,4657,-0.12832651274565043
Risk-Aware Regime Switching,4658,-0.4337370850203951
Risk-Aware Regime Switching,4659,-0.15621966768798046
Risk-Aware Regime Switching,4660,-0.2947134675942068
Risk-Aware Regime Switching,4661,-0.37936376750139833
Risk-Aware Regime Switching,4662,-0.39478506106432265
Risk-Aware Regime Switching,4663,-0.18706126704787374
Risk-Aware Regime Switching,4664,-0.3624118370040028
Risk-Aware Regime Switching,4665,-0.2794108994084179
Risk-Aware Regime Switching,4666,-0.2735526574210354
Risk-Aware Regime Switching,4667,-0.24741657673073092
Risk-Aware Regime Switching,4668,-0.14250404508914583
Risk-Aware Regime Switching,4669,-0.17406374295727367
Risk-Aware Regime Switching,4670,-0.14950713937852156
Risk-Aware Regime Switching,4671,-0.2416206368173529
Risk-Aware Regime Switching,4672,-0.2791138414981815
Risk-Aware Regime Switching,4673,-0.21371791113632677
Risk-Aware Regime Switching,4674,-0.157334401598484
Risk-Aware Regime Switching,4675,-0.23910070812957696
Risk-Aware Regime Switching,4676,-0.33137113472725377
Risk-Aware Regime Switching,4677,-0.10842957994557645
Risk-Aware Regime Switching,4678,-0.20212497927282813
Risk-Aware Regime Switching,4679,-0.22476039655961177
Risk-Aware Regime Switching,4680,-0.47247230304884913
Risk-Aware Regime Switching,4681,-0.11304908974811756
Risk-Aware Regime Switching,4682,-0.1875528101116395
Risk-Aware Regime Switching,4683,-0.17339309697088545
Risk-Aware Regime Switching,4684,-0.17046394976913726
Risk-Aware Regime Switching,4685,-0.37804508031361483
Risk-Aware Regime Switching,4686,-0.39681494252598426
Risk-Aware Regime Switching,4687,-0.2009764883753693
Risk-Aware Regime Switching,4688,-0.30555375461563683
Risk-Aware Regime Switching,4689,-0.4485484209549341
Risk-Aware Regime Switching,4690,-0.19599833757543605
Risk-Aware Regime Switching,4691,-0.29999223991623425
Risk-Aware Regime Switching,4692,-0.22334941475983616
Risk-Aware Regime Switching,4693,-0.19366701439859046
Risk-Aware Regime Switching,4694,-0.15274755009577945
Risk-Aware Regime Switching,4695,-0.15425308886417455
Risk-Aware Regime Switching,4696,-0.24205510513269002
Risk-Aware Regime Switching,4697,-0.12778018091563836
Risk-Aware Regime Switching,4698,-0.3767489175578239
Risk-Aware Regime Switching,4699,-0.2047068572055064
Risk-Aware Regime Switching,4700,-0.2870679752447344
Risk-Aware Regime Switching,4701,-0.19926797851916367
Risk-Aware Regime Switching,4702,-0.1766698481130191
Risk-Aware Regime Switching,4703,-0.21478506741243797
Risk-Aware Regime Switching,4704,-0.2387933906120402
Risk-Aware Regime Switching,4705,-0.20210505526253675
Risk-Aware Regime Switching,4706,-0.19331566604827077
Risk-Aware Regime Switching,4707,-0.2768548985440433
Risk-Aware Regime Switching,4708,-0.1478821479241338
Risk-Aware Regime Switching,4709,-0.11532977152745771
Risk-Aware Regime Switching,4710,-0.18876515599000376
Risk-Aware Regime Switching,4711,-0.1475325604057165
Risk-Aware Regime Switching,4712,-0.16739425345263992
Risk-Aware Regime Switching,4713,-0.3228721355968728
Risk-Aware Regime Switching,4714,-0.2573653666216478
Risk-Aware Regime Switching,4715,-0.28614947500994536
Risk-Aware Regime Switching,4716,-0.22369267531504466
Risk-Aware Regime Switching,4717,-0.17143775147718465
Risk-Aware Regime Switching,4718,-0.22608459584177032
Risk-Aware Regime Switching,4719,-0.13487883872962314
Risk-Aware Regime Switching,4720,-0.2235806834892773
Risk-Aware Regime Switching,4721,-0.3482063597429941
Risk-Aware Regime Switching,4722,-0.09774460812165331
Risk-Aware Regime Switching,4723,-0.12224300271322153
Risk-Aware Regime Switching,4724,-0.2282377573968669
Risk-Aware Regime Switching,4725,-0.1453236200577639
Risk-Aware Regime Switching,4726,-0.29869414104513725
Risk-Aware Regime Switching,4727,-0.2548101644858294
Risk-Aware Regime Switching,4728,-0.11639097535082332
Risk-Aware Regime Switching,4729,-0.49132410564254403
Risk-Aware Regime Switching,4730,-0.26037771105293184
Risk-Aware Regime Switching,4731,-0.16029768389651222
Risk-Aware Regime Switching,4732,-0.1983450045018288
Risk-Aware Regime Switching,4733,-0.3241214137978691
Risk-Aware Regime Switching,4734,-0.2495556850732612
Risk-Aware Regime Switching,4735,-0.20010066697124773
Risk-Aware Regime Switching,4736,-0.2176480689925413
Risk-Aware Regime Switching,4737,-0.42281783233898484
Risk-Aware Regime Switching,4738,-0.2493305422349087
Risk-Aware Regime Switching,4739,-0.24320681797159482
Risk-Aware Regime Switching,4740,-0.23203440554354604
Risk-Aware Regime Switching,4741,-0.3096466079554253
Risk-Aware Regime Switching,4742,-0.18090475126434036
Risk-Aware Regime Switching,4743,-0.2898178480785091
Risk-Aware Regime Switching,4744,-0.15523423148506033
Risk-Aware Regime Switching,4745,-0.18573447466481574
Risk-Aware Regime Switching,4746,-0.22182575744767252
Risk-Aware Regime Switching,4747,-0.332890689516112
Risk-Aware Regime Switching,4748,-0.14469428196769618
Risk-Aware Regime Switching,4749,-0.42062402445485747
Risk-Aware Regime Switching,4750,-0.2951374882038058
Risk-Aware Regime Switching,4751,-0.18449441308302117
Risk-Aware Regime Switching,4752,-0.2779937221112242
Risk-Aware Regime Switching,4753,-0.46791316954520057
Risk-Aware Regime Switching,4754,-0.36811188003494855
Risk-Aware Regime Switching,4755,-0.30122091323008315
Risk-Aware Regime Switching,4756,-0.16937147249179596
Risk-Aware Regime Switching,4757,-0.21123935281507145
Risk-Aware Regime Switching,4758,-0.32980092933508587
Risk-Aware Regime Switching,4759,-0.14111209736627184
Risk-Aware Regime Switching,4760,-0.16063776561396037
Risk-Aware Regime Switching,4761,-0.19211250088669407
Risk-Aware Regime Switching,4762,-0.19740495395383173
Risk-Aware Regime Switching,4763,-0.26162122640100904
Risk-Aware Regime Switching,4764,-0.32733092519891915
Risk-Aware Regime Switching,4765,-0.2554193120923913
Risk-Aware Regime Switching,4766,-0.25129970504546695
Risk-Aware Regime Switching,4767,-0.2600241853843287
Risk-Aware Regime Switching,4768,-0.23948617563073316
Risk-Aware Regime Switching,4769,-0.34906367993093423
Risk-Aware Regime Switching,4770,-0.2398659779595972
Risk-Aware Regime Switching,4771,-0.23043669201049832
Risk-Aware Regime Switching,4772,-0.15305877054016825
Risk-Aware Regime Switching,4773,-0.32917138206760754
Risk-Aware Regime Switching,4774,-0.18738667200336656
Risk-Aware Regime Switching,4775,-0.13224010085051774
Risk-Aware Regime Switching,4776,-0.21552217878561242
Risk-Aware Regime Switching,4777,-0.20338430304317667
Risk-Aware Regime Switching,4778,-0.26458843824320744
Risk-Aware Regime Switching,4779,-0.17389044663296682
Risk-Aware Regime Switching,4780,-0.24120030778372548
Risk-Aware Regime Switching,4781,-0.3463254890962054
Risk-Aware Regime Switching,4782,-0.32232854296022917
Risk-Aware Regime Switching,4783,-0.3259672382462968
Risk-Aware Regime Switching,4784,-0.3552249038543387
Risk-Aware Regime Switching,4785,-0.290051526215785
Risk-Aware Regime Switching,4786,-0.16952764000026077
Risk-Aware Regime Switching,4787,-0.2819504965797237
Risk-Aware Regime Switching,4788,-0.13984281810921495
Risk-Aware Regime Switching,4789,-0.47455413940424973
Risk-Aware Regime Switching,4790,-0.11132599502842222
Risk-Aware Regime Switching,4791,-0.35098248772670937
Risk-Aware Regime Switching,4792,-0.28420323635866485
Risk-Aware Regime Switching,4793,-0.16131793554626994
Risk-Aware Regime Switching,4794,-0.22410437264607364
Risk-Aware Regime Switching,4795,-0.16554033198405183
Risk-Aware Regime Switching,4796,-0.20245103543744025
Risk-Aware Regime Switching,4797,-0.21863368421594653
Risk-Aware Regime Switching,4798,-0.13595578750409687
Risk-Aware Regime Switching,4799,-0.1883979829799015
Risk-Aware Regime Switching,4800,-0.28813045001582993
Risk-Aware Regime Switching,4801,-0.20469912680814428
Risk-Aware Regime Switching,4802,-0.3547341039806299
Risk-Aware Regime Switching,4803,-0.2568899670996013
Risk-Aware Regime Switching,4804,-0.35629732279934057
Risk-Aware Regime Switching,4805,-0.2310533509750191
Risk-Aware Regime Switching,4806,-0.35354288366620235
Risk-Aware Regime Switching,4807,-0.4335556070526283
Risk-Aware Regime Switching,4808,-0.21121108928639798
Risk-Aware Regime Switching,4809,-0.19566759145693668
Risk-Aware Regime Switching,4810,-0.4884199108720565
Risk-Aware Regime Switching,4811,-0.1992393856231568
Risk-Aware Regime Switching,4812,-0.25674679362403996
Risk-Aware Regime Switching,4813,-0.21624005334840501
Risk-Aware Regime Switching,4814,-0.09007745345658724
Risk-Aware Regime Switching,4815,-0.2403775542359473
Risk-Aware Regime Switching,4816,-0.15519803426102607
Risk-Aware Regime Switching,4817,-0.23242854745211128
Risk-Aware Regime Switching,4818,-0.15207195878186108
Risk-Aware Regime Switching,4819,-0.18715343028701548
Risk-Aware Regime Switching,4820,-0.22747618784917523
Risk-Aware Regime Switching,4821,-0.2901984149363318
Risk-Aware Regime Switching,4822,-0.25322610608270457
Risk-Aware Regime Switching,4823,-0.2934681756600873
Risk-Aware Regime Switching,4824,-0.2817287087478135
Risk-Aware Regime Switching,4825,-0.1924479104829655
Risk-Aware Regime Switching,4826,-0.45661545159426864
Risk-Aware Regime Switching,4827,-0.15131235950438937
Risk-Aware Regime Switching,4828,-0.39389475389971274
Risk-Aware Regime Switching,4829,-0.258021510869084
Risk-Aware Regime Switching,4830,-0.313417365652206
Risk-Aware Regime Switching,4831,-0.24573534066579183
Risk-Aware Regime Switching,4832,-0.18209067546042268
Risk-Aware Regime Switching,4833,-0.1949594742514441
Risk-Aware Regime Switching,4834,-0.38999846595126886
Risk-Aware Regime Switching,4835,-0.25289246295023793
Risk-Aware Regime Switching,4836,-0.16720934233384532
Risk-Aware Regime Switching,4837,-0.23377859785134247
Risk-Aware Regime Switching,4838,-0.22659809726678848
Risk-Aware Regime Switching,4839,-0.17291828782814322
Risk-Aware Regime Switching,4840,-0.1929756980132028
Risk-Aware Regime Switching,4841,-0.18131449902390195
Risk-Aware Regime Switching,4842,-0.36406595314180434
Risk-Aware Regime Switching,4843,-0.10515779425744365
Risk-Aware Regime Switching,4844,-0.19335585094238383
Risk-Aware Regime Switching,4845,-0.25475878951813735
Risk-Aware Regime Switching,4846,-0.3538548688764537
Risk-Aware Regime Switching,4847,-0.2589626544396285
Risk-Aware Regime Switching,4848,-0.5217587101150585
Risk-Aware Regime Switching,4849,-0.20758882060753447
Risk-Aware Regime Switching,4850,-0.39800324457600966
Risk-Aware Regime Switching,4851,-0.220667698696967
Risk-Aware Regime Switching,4852,-0.12666100141592618
Risk-Aware Regime Switching,4853,-0.20710605964177808
Risk-Aware Regime Switching,4854,-0.2464662517406424
Risk-Aware Regime Switching,4855,-0.24122889128207448
Risk-Aware Regime Switching,4856,-0.38091786167537844
Risk-Aware Regime Switching,4857,-0.14961643137448566
Risk-Aware Regime Switching,4858,-0.27394127363982235
Risk-Aware Regime Switching,4859,-0.08908771765045309
Risk-Aware Regime Switching,4860,-0.4274150842385017
Risk-Aware Regime Switching,4861,-0.16775924352061955
Risk-Aware Regime Switching,4862,-0.24068928544309964
Risk-Aware Regime Switching,4863,-0.35940200250942667
Risk-Aware Regime Switching,4864,-0.17254961420140735
Risk-Aware Regime Switching,4865,-0.25734770125898665
Risk-Aware Regime Switching,4866,-0.16065907914155908
Risk-Aware Regime Switching,4867,-0.26378899570899594
Risk-Aware Regime Switching,4868,-0.1843796207369831
Risk-Aware Regime Switching,4869,-0.21358510764122274
Risk-Aware Regime Switching,4870,-0.19832964854446922
Risk-Aware Regime Switching,4871,-0.23515252095354489
Risk-Aware Regime Switching,4872,-0.31276429920805127
Risk-Aware Regime Switching,4873,-0.4748864594641369
Risk-Aware Regime Switching,4874,-0.37239529648319203
Risk-Aware Regime Switching,4875,-0.24430796685475642
Risk-Aware Regime Switching,4876,-0.1318930552758708
Risk-Aware Regime Switching,4877,-0.45323411675247327
Risk-Aware Regime Switching,4878,-0.29210043517192796
Risk-Aware Regime Switching,4879,-0.20544447336605087
Risk-Aware Regime Switching,4880,-0.5048157156474705
Risk-Aware Regime Switching,4881,-0.2002293537669927
Risk-Aware Regime Switching,4882,-0.3504119611600357
Risk-Aware Regime Switching,4883,-0.1493738862339563
Risk-Aware Regime Switching,4884,-0.2015830267784885
Risk-Aware Regime Switching,4885,-0.40989828304348885
Risk-Aware Regime Switching,4886,-0.2721225243150297
Risk-Aware Regime Switching,4887,-0.18368593654662013
Risk-Aware Regime Switching,4888,-0.13840941524145345
Risk-Aware Regime Switching,4889,-0.18104147858495612
Risk-Aware Regime Switching,4890,-0.1805563697822924
Risk-Aware Regime Switching,4891,-0.21368346100257984
Risk-Aware Regime Switching,4892,-0.1710537992526988
Risk-Aware Regime Switching,4893,-0.16699464004906628
Risk-Aware Regime Switching,4894,-0.355100523600689
Risk-Aware Regime Switching,4895,-0.2574779558915705
Risk-Aware Regime Switching,4896,-0.20764914405973744
Risk-Aware Regime Switching,4897,-0.26040296528061
Risk-Aware Regime Switching,4898,-0.2774040237507558
Risk-Aware Regime Switching,4899,-0.3383786670603617
Risk-Aware Regime Switching,4900,-0.24799577347631396
Risk-Aware Regime Switching,4901,-0.21504158243974958
Risk-Aware Regime Switching,4902,-0.2483580042968756
Risk-Aware Regime Switching,4903,-0.2065567899449282
Risk-Aware Regime Switching,4904,-0.11208492615270904
Risk-Aware Regime Switching,4905,-0.3295802506365293
Risk-Aware Regime Switching,4906,-0.17001586502117594
Risk-Aware Regime Switching,4907,-0.34732959389215234
Risk-Aware Regime Switching,4908,-0.19512965783325886
Risk-Aware Regime Switching,4909,-0.14828491686164857
Risk-Aware Regime Switching,4910,-0.1420691754141985
Risk-Aware Regime Switching,4911,-0.36261033923333585
Risk-Aware Regime Switching,4912,-0.3222090328419117
Risk-Aware Regime Switching,4913,-0.34968863921798754
Risk-Aware Regime Switching,4914,-0.15577226329421545
Risk-Aware Regime Switching,4915,-0.2941580991501963
Risk-Aware Regime Switching,4916,-0.1960147018402162
Risk-Aware Regime Switching,4917,-0.10417616025617404
Risk-Aware Regime Switching,4918,-0.3358764042460599
Risk-Aware Regime Switching,4919,-0.2766089845710852
Risk-Aware Regime Switching,4920,-0.24279919502572933
Risk-Aware Regime Switching,4921,-0.29011829926490296
Risk-Aware Regime Switching,4922,-0.13203127667995973
Risk-Aware Regime Switching,4923,-0.39610945772325357
Risk-Aware Regime Switching,4924,-0.18459141709066684
Risk-Aware Regime Switching,4925,-0.43638687568044243
Risk-Aware Regime Switching,4926,-0.2950087812912797
Risk-Aware Regime Switching,4927,-0.10092766211290005
Risk-Aware Regime Switching,4928,-0.25718867241442944
Risk-Aware Regime Switching,4929,-0.4092194610349629
Risk-Aware Regime Switching,4930,-0.20183599887364267
Risk-Aware Regime Switching,4931,-0.13621124671536455
Risk-Aware Regime Switching,4932,-0.17332127592405566
Risk-Aware Regime Switching,4933,-0.15683983147091518
Risk-Aware Regime Switching,4934,-0.3774072450908641
Risk-Aware Regime Switching,4935,-0.24140587240686984
Risk-Aware Regime Switching,4936,-0.31273451773470085
Risk-Aware Regime Switching,4937,-0.3487398949601237
Risk-Aware Regime Switching,4938,-0.19778069225130746
Risk-Aware Regime Switching,4939,-0.42213864096787446
Risk-Aware Regime Switching,4940,-0.23121456792478645
Risk-Aware Regime Switching,4941,-0.39638572856944576
Risk-Aware Regime Switching,4942,-0.4007952040624755
Risk-Aware Regime Switching,4943,-0.3041668899943024
Risk-Aware Regime Switching,4944,-0.10716760231079592
Risk-Aware Regime Switching,4945,-0.19528394928109793
Risk-Aware Regime Switching,4946,-0.27240667235763927
Risk-Aware Regime Switching,4947,-0.2772606768656878
Risk-Aware Regime Switching,4948,-0.26800333660305165
Risk-Aware Regime Switching,4949,-0.26585915872135335
Risk-Aware Regime Switching,4950,-0.14644557681718418
Risk-Aware Regime Switching,4951,-0.2572086773882879
Risk-Aware Regime Switching,4952,-0.3276415073750637
Risk-Aware Regime Switching,4953,-0.2278483682369833
Risk-Aware Regime Switching,4954,-0.16122281925393156
Risk-Aware Regime Switching,4955,-0.11466961225299399
Risk-Aware Regime Switching,4956,-0.4346404623698287
Risk-Aware Regime Switching,4957,-0.3881055906334424
Risk-Aware Regime Switching,4958,-0.32679117925986534
Risk-Aware Regime Switching,4959,-0.30995431948565466
Risk-Aware Regime Switching,4960,-0.16263377632956388
Risk-Aware Regime Switching,4961,-0.30853748673224524
Risk-Aware Regime Switching,4962,-0.2238934332752216
Risk-Aware Regime Switching,4963,-0.36608985105557446
Risk-Aware Regime Switching,4964,-0.26585503642335984
Risk-Aware Regime Switching,4965,-0.1564919527456743
Risk-Aware Regime Switching,4966,-0.3413276845706462
Risk-Aware Regime Switching,4967,-0.2808070475903215
Risk-Aware Regime Switching,4968,-0.13510921206729132
Risk-Aware Regime Switching,4969,-0.1830943015213795
Risk-Aware Regime Switching,4970,-0.154516404183902
Risk-Aware Regime Switching,4971,-0.42350291012127717
Risk-Aware Regime Switching,4972,-0.3237915782910201
Risk-Aware Regime Switching,4973,-0.44239548759863156
Risk-Aware Regime Switching,4974,-0.2534416988330339
Risk-Aware Regime Switching,4975,-0.2579728466752539
Risk-Aware Regime Switching,4976,-0.21180915333760775
Risk-Aware Regime Switching,4977,-0.19953114375528735
Risk-Aware Regime Switching,4978,-0.07940019260958808
Risk-Aware Regime Switching,4979,-0.4062669146484593
Risk-Aware Regime Switching,4980,-0.3461544989640686
Risk-Aware Regime Switching,4981,-0.1492106296127128
Risk-Aware Regime Switching,4982,-0.3881269339700494
Risk-Aware Regime Switching,4983,-0.2665102560621957
Risk-Aware Regime Switching,4984,-0.15481148021178925
Risk-Aware Regime Switching,4985,-0.5133070127166529
Risk-Aware Regime Switching,4986,-0.22485795502890527
Risk-Aware Regime Switching,4987,-0.20415987566645755
Risk-Aware Regime Switching,4988,-0.26711070663735414
Risk-Aware Regime Switching,4989,-0.4392011753601902
Risk-Aware Regime Switching,4990,-0.137775470240737
Risk-Aware Regime Switching,4991,-0.25076719971709127
Risk-Aware Regime Switching,4992,-0.34213625644233925
Risk-Aware Regime Switching,4993,-0.23320973488833685
Risk-Aware Regime Switching,4994,-0.3777279207840126
Risk-Aware Regime Switching,4995,-0.21467035677621504
Risk-Aware Regime Switching,4996,-0.1502436563551095
Risk-Aware Regime Switching,4997,-0.26674510307513166
Risk-Aware Regime Switching,4998,-0.33302839815413365
Risk-Aware Regime Switching,4999,-0.1425165315121193
Risk-Aware Regime Switching,5000,-0.400625753129183
Risk-Aware Regime Switching,5001,-0.14312920354321101
Risk-Aware Regime Switching,5002,-0.3546408421531242
Risk-Aware Regime Switching,5003,-0.4130289066892433
Risk-Aware Regime Switching,5004,-0.1302249218818261
Risk-Aware Regime Switching,5005,-0.2153445049335868
Risk-Aware Regime Switching,5006,-0.3529859215544042
Risk-Aware Regime Switching,5007,-0.2159435489060757
Risk-Aware Regime Switching,5008,-0.18192295115270496
Risk-Aware Regime Switching,5009,-0.13025320947211283
Risk-Aware Regime Switching,5010,-0.1373653492072212
Risk-Aware Regime Switching,5011,-0.22212879023073273
Risk-Aware Regime Switching,5012,-0.27751756022135154
Risk-Aware Regime Switching,5013,-0.19743114936638873
Risk-Aware Regime Switching,5014,-0.22741659883995913
Risk-Aware Regime Switching,5015,-0.20192235428381156
Risk-Aware Regime Switching,5016,-0.3519497567005275
Risk-Aware Regime Switching,5017,-0.24941192283061897
Risk-Aware Regime Switching,5018,-0.20097908580909785
Risk-Aware Regime Switching,5019,-0.5251883890817057
Risk-Aware Regime Switching,5020,-0.286793967700234
Risk-Aware Regime Switching,5021,-0.23093863148280946
Risk-Aware Regime Switching,5022,-0.2046127072192674
Risk-Aware Regime Switching,5023,-0.2342328427360193
Risk-Aware Regime Switching,5024,-0.23310437232457148
Risk-Aware Regime Switching,5025,-0.167376268395925
Risk-Aware Regime Switching,5026,-0.3083351608899928
Risk-Aware Regime Switching,5027,-0.3618360923768156
Risk-Aware Regime Switching,5028,-0.32088002317787867
Risk-Aware Regime Switching,5029,-0.3227543294063606
Risk-Aware Regime Switching,5030,-0.33555390185647904
Risk-Aware Regime Switching,5031,-0.18943453852543068
Risk-Aware Regime Switching,5032,-0.20946927799588133
Risk-Aware Regime Switching,5033,-0.13922700507674335
Risk-Aware Regime Switching,5034,-0.24504749689615413
Risk-Aware Regime Switching,5035,-0.19298588979646847
Risk-Aware Regime Switching,5036,-0.20881670983307932
Risk-Aware Regime Switching,5037,-0.18780236033227005
Risk-Aware Regime Switching,5038,-0.25083770414350126
Risk-Aware Regime Switching,5039,-0.30952833216803166
Risk-Aware Regime Switching,5040,-0.19240596151668532
Risk-Aware Regime Switching,5041,-0.23775787196930576
Risk-Aware Regime Switching,5042,-0.23603592897680348
Risk-Aware Regime Switching,5043,-0.16861474750955008
Risk-Aware Regime Switching,5044,-0.20565488392827524
Risk-Aware Regime Switching,5045,-0.12372972130271853
Risk-Aware Regime Switching,5046,-0.44263413053712386
Risk-Aware Regime Switching,5047,-0.14042268276170333
Risk-Aware Regime Switching,5048,-0.16511400299215873
Risk-Aware Regime Switching,5049,-0.2999688650559491
Risk-Aware Regime Switching,5050,-0.12660959982059816
Risk-Aware Regime Switching,5051,-0.36831841936444765
Risk-Aware Regime Switching,5052,-0.16788891296246178
Risk-Aware Regime Switching,5053,-0.19097078085660057
Risk-Aware Regime Switching,5054,-0.27564886715565395
Risk-Aware Regime Switching,5055,-0.3985412668413897
Risk-Aware Regime Switching,5056,-0.24648756862035925
Risk-Aware Regime Switching,5057,-0.32179621703511985
Risk-Aware Regime Switching,5058,-0.22385049319388672
Risk-Aware Regime Switching,5059,-0.17173064038154318
Risk-Aware Regime Switching,5060,-0.4405791711080299
Risk-Aware Regime Switching,5061,-0.3798720126848094
Risk-Aware Regime Switching,5062,-0.3008529411612697
Risk-Aware Regime Switching,5063,-0.25204816871957103
Risk-Aware Regime Switching,5064,-0.18297814467054785
Risk-Aware Regime Switching,5065,-0.17848912901776792
Risk-Aware Regime Switching,5066,-0.17203272966120386
Risk-Aware Regime Switching,5067,-0.2717458256322911
Risk-Aware Regime Switching,5068,-0.35826261422935135
Risk-Aware Regime Switching,5069,-0.17190356648968175
Risk-Aware Regime Switching,5070,-0.29805921520420475
Risk-Aware Regime Switching,5071,-0.3298475097961068
Risk-Aware Regime Switching,5072,-0.28494585921845217
Risk-Aware Regime Switching,5073,-0.36651904213946507
Risk-Aware Regime Switching,5074,-0.2535556752659962
Risk-Aware Regime Switching,5075,-0.16853463511011146
Risk-Aware Regime Switching,5076,-0.19900650366416273
Risk-Aware Regime Switching,5077,-0.14473273353871308
Risk-Aware Regime Switching,5078,-0.07299294384924071
Risk-Aware Regime Switching,5079,-0.11482876878059645
Risk-Aware Regime Switching,5080,-0.2525204143913944
Risk-Aware Regime Switching,5081,-0.11006462673690709
Risk-Aware Regime Switching,5082,-0.17519151091272034
Risk-Aware Regime Switching,5083,-0.2364098372897131
Risk-Aware Regime Switching,5084,-0.17247662037277012
Risk-Aware Regime Switching,5085,-0.2949982463666809
Risk-Aware Regime Switching,5086,-0.1681398498013903
Risk-Aware Regime Switching,5087,-0.24263034841346964
Risk-Aware Regime Switching,5088,-0.3726480327063565
Risk-Aware Regime Switching,5089,-0.39442740287212963
Risk-Aware Regime Switching,5090,-0.1735921817728323
Risk-Aware Regime Switching,5091,-0.26342742979226463
Risk-Aware Regime Switching,5092,-0.33314450386618477
Risk-Aware Regime Switching,5093,-0.2314422881707262
Risk-Aware Regime Switching,5094,-0.42855835087583716
Risk-Aware Regime Switching,5095,-0.17041663653375627
Risk-Aware Regime Switching,5096,-0.22329032594038778
Risk-Aware Regime Switching,5097,-0.272820834214336
Risk-Aware Regime Switching,5098,-0.35805123577026177
Risk-Aware Regime Switching,5099,-0.35849753180285393
Risk-Aware Regime Switching,5100,-0.3583258996083807
Risk-Aware Regime Switching,5101,-0.21823133022296792
Risk-Aware Regime Switching,5102,-0.2264773596191043
Risk-Aware Regime Switching,5103,-0.340952423532356
Risk-Aware Regime Switching,5104,-0.31482104837501146
Risk-Aware Regime Switching,5105,-0.2176049738751571
Risk-Aware Regime Switching,5106,-0.3597655110435136
Risk-Aware Regime Switching,5107,-0.1963789345103677
Risk-Aware Regime Switching,5108,-0.2569658160932703
Risk-Aware Regime Switching,5109,-0.18633735785518346
Risk-Aware Regime Switching,5110,-0.15343080098586648
Risk-Aware Regime Switching,5111,-0.15458715196673745
Risk-Aware Regime Switching,5112,-0.18075500370326691
Risk-Aware Regime Switching,5113,-0.13269962227331444
Risk-Aware Regime Switching,5114,-0.12881405298000548
Risk-Aware Regime Switching,5115,-0.2641202515039712
Risk-Aware Regime Switching,5116,-0.4139082930189286
Risk-Aware Regime Switching,5117,-0.11908793312705357
Risk-Aware Regime Switching,5118,-0.18195747099751003
Risk-Aware Regime Switching,5119,-0.2574520339231241
Risk-Aware Regime Switching,5120,-0.1725026104764762
Risk-Aware Regime Switching,5121,-0.17784355361609605
Risk-Aware Regime Switching,5122,-0.17064078473017685
Risk-Aware Regime Switching,5123,-0.17912724986218342
Risk-Aware Regime Switching,5124,-0.3017540656013107
Risk-Aware Regime Switching,5125,-0.30290140686558376
Risk-Aware Regime Switching,5126,-0.18628093584070027
Risk-Aware Regime Switching,5127,-0.24954546554622092
Risk-Aware Regime Switching,5128,-0.2270825831877653
Risk-Aware Regime Switching,5129,-0.24232304133045324
Risk-Aware Regime Switching,5130,-0.3703307640049709
Risk-Aware Regime Switching,5131,-0.201262243759029
Risk-Aware Regime Switching,5132,-0.12897031967118255
Risk-Aware Regime Switching,5133,-0.156221288077652
Risk-Aware Regime Switching,5134,-0.15451253676109378
Risk-Aware Regime Switching,5135,-0.4011197260516649
Risk-Aware Regime Switching,5136,-0.34705960299700933
Risk-Aware Regime Switching,5137,-0.2183984854442107
Risk-Aware Regime Switching,5138,-0.16397467675440902
Risk-Aware Regime Switching,5139,-0.16631379937855373
Risk-Aware Regime Switching,5140,-0.2852380365359498
Risk-Aware Regime Switching,5141,-0.14691864580492542
Risk-Aware Regime Switching,5142,-0.2517072811850709
Risk-Aware Regime Switching,5143,-0.26994590555497555
Risk-Aware Regime Switching,5144,-0.2388005358665024
Risk-Aware Regime Switching,5145,-0.3088751161020836
Risk-Aware Regime Switching,5146,-0.16975510278403916
Risk-Aware Regime Switching,5147,-0.22314352192665854
Risk-Aware Regime Switching,5148,-0.26799573288844936
Risk-Aware Regime Switching,5149,-0.309605938481364
Risk-Aware Regime Switching,5150,-0.18493932299619964
Risk-Aware Regime Switching,5151,-0.3792844626736839
Risk-Aware Regime Switching,5152,-0.12488120864825936
Risk-Aware Regime Switching,5153,-0.1461970159733711
Risk-Aware Regime Switching,5154,-0.1578329753134905
Risk-Aware Regime Switching,5155,-0.28375921998866604
Risk-Aware Regime Switching,5156,-0.21155952320355742
Risk-Aware Regime Switching,5157,-0.21229494478296318
Risk-Aware Regime Switching,5158,-0.2573363615186425
Risk-Aware Regime Switching,5159,-0.11324216428787015
Risk-Aware Regime Switching,5160,-0.15702170290987894
Risk-Aware Regime Switching,5161,-0.31848702264333806
Risk-Aware Regime Switching,5162,-0.29902942041293035
Risk-Aware Regime Switching,5163,-0.33957169772708296
Risk-Aware Regime Switching,5164,-0.3357741879946812
Risk-Aware Regime Switching,5165,-0.3635751029560753
Risk-Aware Regime Switching,5166,-0.19070270628366504
Risk-Aware Regime Switching,5167,-0.22449759415768433
Risk-Aware Regime Switching,5168,-0.17526255396143986
Risk-Aware Regime Switching,5169,-0.12382298195452679
Risk-Aware Regime Switching,5170,-0.23144691225219638
Risk-Aware Regime Switching,5171,-0.29011846732086866
Risk-Aware Regime Switching,5172,-0.39060620943323876
Risk-Aware Regime Switching,5173,-0.2257245866409885
Risk-Aware Regime Switching,5174,-0.1332802941605562
Risk-Aware Regime Switching,5175,-0.16148039033489636
Risk-Aware Regime Switching,5176,-0.12880317628349303
Risk-Aware Regime Switching,5177,-0.21353891834493077
Risk-Aware Regime Switching,5178,-0.3041700084711271
Risk-Aware Regime Switching,5179,-0.20014047171727645
Risk-Aware Regime Switching,5180,-0.3777713272053336
Risk-Aware Regime Switching,5181,-0.21503987254746426
Risk-Aware Regime Switching,5182,-0.5220257279542517
Risk-Aware Regime Switching,5183,-0.1730577555028321
Risk-Aware Regime Switching,5184,-0.20299261018323933
Risk-Aware Regime Switching,5185,-0.21496949539458465
Risk-Aware Regime Switching,5186,-0.10695922441930583
Risk-Aware Regime Switching,5187,-0.13209506729774945
Risk-Aware Regime Switching,5188,-0.28085803888748095
Risk-Aware Regime Switching,5189,-0.4441302312547869
Risk-Aware Regime Switching,5190,-0.2614259124946353
Risk-Aware Regime Switching,5191,-0.19676622895506346
Risk-Aware Regime Switching,5192,-0.26878753748415507
Risk-Aware Regime Switching,5193,-0.21033655202099788
Risk-Aware Regime Switching,5194,-0.17312156507491405
Risk-Aware Regime Switching,5195,-0.17488189564344758
Risk-Aware Regime Switching,5196,-0.15580023210970717
Risk-Aware Regime Switching,5197,-0.12392097448086925
Risk-Aware Regime Switching,5198,-0.42412018435993093
Risk-Aware Regime Switching,5199,-0.21249310646171016
Risk-Aware Regime Switching,5200,-0.19782292919182798
Risk-Aware Regime Switching,5201,-0.1872080753354758
Risk-Aware Regime Switching,5202,-0.22561385327440375
Risk-Aware Regime Switching,5203,-0.2655299319082136
Risk-Aware Regime Switching,5204,-0.20494072447925082
Risk-Aware Regime Switching,5205,-0.19995622033511673
Risk-Aware Regime Switching,5206,-0.1350152531885518
Risk-Aware Regime Switching,5207,-0.14961248860941223
Risk-Aware Regime Switching,5208,-0.16208905590286538
Risk-Aware Regime Switching,5209,-0.14701498771082588
Risk-Aware Regime Switching,5210,-0.36473999297815207
Risk-Aware Regime Switching,5211,-0.12505975746802522
Risk-Aware Regime Switching,5212,-0.15652928359792728
Risk-Aware Regime Switching,5213,-0.19540596785241127
Risk-Aware Regime Switching,5214,-0.36940102421255383
Risk-Aware Regime Switching,5215,-0.18955779209843182
Risk-Aware Regime Switching,5216,-0.25549383231679745
Risk-Aware Regime Switching,5217,-0.19555261754284192
Risk-Aware Regime Switching,5218,-0.24991385441279446
Risk-Aware Regime Switching,5219,-0.2731937259809746
Risk-Aware Regime Switching,5220,-0.1698881484674356
Risk-Aware Regime Switching,5221,-0.2712794079380434
Risk-Aware Regime Switching,5222,-0.2092652375402254
Risk-Aware Regime Switching,5223,-0.19377338784577536
Risk-Aware Regime Switching,5224,-0.21625772705859847
Risk-Aware Regime Switching,5225,-0.3120276737717882
Risk-Aware Regime Switching,5226,-0.3611421600880661
Risk-Aware Regime Switching,5227,-0.10581897368490822
Risk-Aware Regime Switching,5228,-0.22065000587368844
Risk-Aware Regime Switching,5229,-0.4616483176784666
Risk-Aware Regime Switching,5230,-0.4636007314712761
Risk-Aware Regime Switching,5231,-0.32499131795004743
Risk-Aware Regime Switching,5232,-0.34829115330352456
Risk-Aware Regime Switching,5233,-0.10959797625631273
Risk-Aware Regime Switching,5234,-0.1346325447848301
Risk-Aware Regime Switching,5235,-0.3276193632178981
Risk-Aware Regime Switching,5236,-0.2690675196872748
Risk-Aware Regime Switching,5237,-0.37526751746411213
Risk-Aware Regime Switching,5238,-0.2798264776831586
Risk-Aware Regime Switching,5239,-0.2765255544014088
Risk-Aware Regime Switching,5240,-0.12386504130562248
Risk-Aware Regime Switching,5241,-0.18320774490763525
Risk-Aware Regime Switching,5242,-0.2686954007095489
Risk-Aware Regime Switching,5243,-0.29500961996583686
Risk-Aware Regime Switching,5244,-0.4754502074698608
Risk-Aware Regime Switching,5245,-0.4084817887251624
Risk-Aware Regime Switching,5246,-0.41278781067724657
Risk-Aware Regime Switching,5247,-0.12547900572057813
Risk-Aware Regime Switching,5248,-0.21628442915486157
Risk-Aware Regime Switching,5249,-0.2458830175003791
Risk-Aware Regime Switching,5250,-0.14348912845640682
Risk-Aware Regime Switching,5251,-0.18272380005163724
Risk-Aware Regime Switching,5252,-0.1845157884526899
Risk-Aware Regime Switching,5253,-0.257303033279614
Risk-Aware Regime Switching,5254,-0.27265651863848783
Risk-Aware Regime Switching,5255,-0.14898598201183966
Risk-Aware Regime Switching,5256,-0.11994581455415565
Risk-Aware Regime Switching,5257,-0.3239529742504549
Risk-Aware Regime Switching,5258,-0.34557175185155653
Risk-Aware Regime Switching,5259,-0.2284787659212416
Risk-Aware Regime Switching,5260,-0.2337507470297856
Risk-Aware Regime Switching,5261,-0.2338284179917801
Risk-Aware Regime Switching,5262,-0.4349155153697275
Risk-Aware Regime Switching,5263,-0.2004128675063065
Risk-Aware Regime Switching,5264,-0.3204885138651562
Risk-Aware Regime Switching,5265,-0.28159220887516423
Risk-Aware Regime Switching,5266,-0.2471494898598522
Risk-Aware Regime Switching,5267,-0.2876729537704743
Risk-Aware Regime Switching,5268,-0.23029971253609782
Risk-Aware Regime Switching,5269,-0.22512057322255452
Risk-Aware Regime Switching,5270,-0.20431326338626765
Risk-Aware Regime Switching,5271,-0.12766603257168818
Risk-Aware Regime Switching,5272,-0.268119445272758
Risk-Aware Regime Switching,5273,-0.2640944698789034
Risk-Aware Regime Switching,5274,-0.15939368948078547
Risk-Aware Regime Switching,5275,-0.2013528356636577
Risk-Aware Regime Switching,5276,-0.24329880364194278
Risk-Aware Regime Switching,5277,-0.2804434400676096
Risk-Aware Regime Switching,5278,-0.3662484703722305
Risk-Aware Regime Switching,5279,-0.1959280666934603
Risk-Aware Regime Switching,5280,-0.2619432760826649
Risk-Aware Regime Switching,5281,-0.1460063173506897
Risk-Aware Regime Switching,5282,-0.11834164246049317
Risk-Aware Regime Switching,5283,-0.26177282457009843
Risk-Aware Regime Switching,5284,-0.27797121923781754
Risk-Aware Regime Switching,5285,-0.1483630518198139
Risk-Aware Regime Switching,5286,-0.14439134289144284
Risk-Aware Regime Switching,5287,-0.21291678842765505
Risk-Aware Regime Switching,5288,-0.3728152671793873
Risk-Aware Regime Switching,5289,-0.18292859221845637
Risk-Aware Regime Switching,5290,-0.17503049121773917
Risk-Aware Regime Switching,5291,-0.21109987392313456
Risk-Aware Regime Switching,5292,-0.22374845338604343
Risk-Aware Regime Switching,5293,-0.26125004922018413
Risk-Aware Regime Switching,5294,-0.22033581557335824
Risk-Aware Regime Switching,5295,-0.27922556511851204
Risk-Aware Regime Switching,5296,-0.21398091222811477
Risk-Aware Regime Switching,5297,-0.19023545582616175
Risk-Aware Regime Switching,5298,-0.2651782963306104
Risk-Aware Regime Switching,5299,-0.31156910509122326
Risk-Aware Regime Switching,5300,-0.39336576579994353
Risk-Aware Regime Switching,5301,-0.363585361095224
Risk-Aware Regime Switching,5302,-0.1703796700776672
Risk-Aware Regime Switching,5303,-0.34126435517992115
Risk-Aware Regime Switching,5304,-0.11637346543920857
Risk-Aware Regime Switching,5305,-0.23002902332034525
Risk-Aware Regime Switching,5306,-0.1965137821589159
Risk-Aware Regime Switching,5307,-0.30539561927527614
Risk-Aware Regime Switching,5308,-0.23986541415682106
Risk-Aware Regime Switching,5309,-0.3067222238731393
Risk-Aware Regime Switching,5310,-0.18788252553781348
Risk-Aware Regime Switching,5311,-0.2570559600345925
Risk-Aware Regime Switching,5312,-0.23976442497082406
Risk-Aware Regime Switching,5313,-0.254498925191434
Risk-Aware Regime Switching,5314,-0.2540490514757322
Risk-Aware Regime Switching,5315,-0.21172287369185283
Risk-Aware Regime Switching,5316,-0.10887963035903347
Risk-Aware Regime Switching,5317,-0.4516999886488574
Risk-Aware Regime Switching,5318,-0.3314617704271352
Risk-Aware Regime Switching,5319,-0.2508758067496233
Risk-Aware Regime Switching,5320,-0.13837216687581455
Risk-Aware Regime Switching,5321,-0.21477845545288765
Risk-Aware Regime Switching,5322,-0.12441837361756514
Risk-Aware Regime Switching,5323,-0.21571174482231958
Risk-Aware Regime Switching,5324,-0.39651125614511173
Risk-Aware Regime Switching,5325,-0.1873416129996378
Risk-Aware Regime Switching,5326,-0.21062637081703361
Risk-Aware Regime Switching,5327,-0.2131537661989359
Risk-Aware Regime Switching,5328,-0.24440103435880556
Risk-Aware Regime Switching,5329,-0.2617270527110449
Risk-Aware Regime Switching,5330,-0.13558553975309628
Risk-Aware Regime Switching,5331,-0.24769406927440218
Risk-Aware Regime Switching,5332,-0.46226974626723527
Risk-Aware Regime Switching,5333,-0.14918861908664272
Risk-Aware Regime Switching,5334,-0.15064690588427132
Risk-Aware Regime Switching,5335,-0.16316687508605188
Risk-Aware Regime Switching,5336,-0.1303638039247349
Risk-Aware Regime Switching,5337,-0.29433224204365627
Risk-Aware Regime Switching,5338,-0.2468154673224462
Risk-Aware Regime Switching,5339,-0.26797226490280157
Risk-Aware Regime Switching,5340,-0.2931840903698547
Risk-Aware Regime Switching,5341,-0.3430302389910097
Risk-Aware Regime Switching,5342,-0.19000881303371353
Risk-Aware Regime Switching,5343,-0.3238366166381519
Risk-Aware Regime Switching,5344,-0.16127998523631193
Risk-Aware Regime Switching,5345,-0.38752111207527096
Risk-Aware Regime Switching,5346,-0.22878545912116066
Risk-Aware Regime Switching,5347,-0.10394075502375677
Risk-Aware Regime Switching,5348,-0.2657077169316754
Risk-Aware Regime Switching,5349,-0.2882018683583423
Risk-Aware Regime Switching,5350,-0.16418245103387763
Risk-Aware Regime Switching,5351,-0.25327074270580896
Risk-Aware Regime Switching,5352,-0.19751158576680827
Risk-Aware Regime Switching,5353,-0.2743785287095639
Risk-Aware Regime Switching,5354,-0.2816799013192247
Risk-Aware Regime Switching,5355,-0.1830308585692224
Risk-Aware Regime Switching,5356,-0.14928578277432902
Risk-Aware Regime Switching,5357,-0.18259947826103495
Risk-Aware Regime Switching,5358,-0.19898466005681603
Risk-Aware Regime Switching,5359,-0.3406506568291582
Risk-Aware Regime Switching,5360,-0.14370260556497316
Risk-Aware Regime Switching,5361,-0.12889220954921143
Risk-Aware Regime Switching,5362,-0.27424062031945307
Risk-Aware Regime Switching,5363,-0.169732533999721
Risk-Aware Regime Switching,5364,-0.3306742179121609
Risk-Aware Regime Switching,5365,-0.34311771075461484
Risk-Aware Regime Switching,5366,-0.17444146786624037
Risk-Aware Regime Switching,5367,-0.19621192071135996
Risk-Aware Regime Switching,5368,-0.26796155414044454
Risk-Aware Regime Switching,5369,-0.20820207456515294
Risk-Aware Regime Switching,5370,-0.2900912877288043
Risk-Aware Regime Switching,5371,-0.3144311448973355
Risk-Aware Regime Switching,5372,-0.2884225449052018
Risk-Aware Regime Switching,5373,-0.38905774855337527
Risk-Aware Regime Switching,5374,-0.1843263226406172
Risk-Aware Regime Switching,5375,-0.23890236070687532
Risk-Aware Regime Switching,5376,-0.24532104944153799
Risk-Aware Regime Switching,5377,-0.255386819927771
Risk-Aware Regime Switching,5378,-0.18485173102373398
Risk-Aware Regime Switching,5379,-0.14588365396846814
Risk-Aware Regime Switching,5380,-0.12170682650349629
Risk-Aware Regime Switching,5381,-0.14529175073904765
Risk-Aware Regime Switching,5382,-0.23591377366020871
Risk-Aware Regime Switching,5383,-0.1547310198015992
Risk-Aware Regime Switching,5384,-0.24960332185456502
Risk-Aware Regime Switching,5385,-0.42146050123811185
Risk-Aware Regime Switching,5386,-0.19797958081324152
Risk-Aware Regime Switching,5387,-0.20596562181837907
Risk-Aware Regime Switching,5388,-0.11456122002973057
Risk-Aware Regime Switching,5389,-0.3238115334894899
Risk-Aware Regime Switching,5390,-0.3002698038265579
Risk-Aware Regime Switching,5391,-0.13276405474845898
Risk-Aware Regime Switching,5392,-0.18827684425687652
Risk-Aware Regime Switching,5393,-0.20303395888651676
Risk-Aware Regime Switching,5394,-0.45680556909679015
Risk-Aware Regime Switching,5395,-0.28962470160720954
Risk-Aware Regime Switching,5396,-0.2854036630178425
Risk-Aware Regime Switching,5397,-0.11474036622911377
Risk-Aware Regime Switching,5398,-0.2247053572853448
Risk-Aware Regime Switching,5399,-0.18742197609951516
Risk-Aware Regime Switching,5400,-0.24016667825934845
Risk-Aware Regime Switching,5401,-0.17522683928898863
Risk-Aware Regime Switching,5402,-0.33856188916176355
Risk-Aware Regime Switching,5403,-0.2224804900495816
Risk-Aware Regime Switching,5404,-0.2861078475607005
Risk-Aware Regime Switching,5405,-0.1342429238104118
Risk-Aware Regime Switching,5406,-0.19878616508493607
Risk-Aware Regime Switching,5407,-0.41543894582692853
Risk-Aware Regime Switching,5408,-0.3022253757811817
Risk-Aware Regime Switching,5409,-0.3570287484284571
Risk-Aware Regime Switching,5410,-0.11514612860580697
Risk-Aware Regime Switching,5411,-0.2840149146520212
Risk-Aware Regime Switching,5412,-0.1713877490297191
Risk-Aware Regime Switching,5413,-0.20370414452037977
Risk-Aware Regime Switching,5414,-0.11764467654504951
Risk-Aware Regime Switching,5415,-0.2464811520369138
Risk-Aware Regime Switching,5416,-0.16508110370172357
Risk-Aware Regime Switching,5417,-0.1566937214280003
Risk-Aware Regime Switching,5418,-0.13823862313761925
Risk-Aware Regime Switching,5419,-0.41776251740126336
Risk-Aware Regime Switching,5420,-0.20743512006188491
Risk-Aware Regime Switching,5421,-0.0957906921499988
Risk-Aware Regime Switching,5422,-0.1595257959450126
Risk-Aware Regime Switching,5423,-0.2681851148287322
Risk-Aware Regime Switching,5424,-0.41744225502976606
Risk-Aware Regime Switching,5425,-0.1556560932213129
Risk-Aware Regime Switching,5426,-0.1786274706916221
Risk-Aware Regime Switching,5427,-0.13679987145353634
Risk-Aware Regime Switching,5428,-0.26003553429049786
Risk-Aware Regime Switching,5429,-0.21593988404454956
Risk-Aware Regime Switching,5430,-0.17199275048312956
Risk-Aware Regime Switching,5431,-0.34892021923047256
Risk-Aware Regime Switching,5432,-0.3033372548851576
Risk-Aware Regime Switching,5433,-0.1901474789434603
Risk-Aware Regime Switching,5434,-0.20619898121776659
Risk-Aware Regime Switching,5435,-0.2226416506340575
Risk-Aware Regime Switching,5436,-0.20689224945304174
Risk-Aware Regime Switching,5437,-0.19865080528705292
Risk-Aware Regime Switching,5438,-0.28012726890132467
Risk-Aware Regime Switching,5439,-0.34108914414816693
Risk-Aware Regime Switching,5440,-0.2694092612006068
Risk-Aware Regime Switching,5441,-0.23720382751417046
Risk-Aware Regime Switching,5442,-0.16274790856622856
Risk-Aware Regime Switching,5443,-0.27328956511195857
Risk-Aware Regime Switching,5444,-0.3208435798192928
Risk-Aware Regime Switching,5445,-0.12038650146741392
Risk-Aware Regime Switching,5446,-0.49602836504553904
Risk-Aware Regime Switching,5447,-0.2424543524135382
Risk-Aware Regime Switching,5448,-0.155556558431993
Risk-Aware Regime Switching,5449,-0.4979151759062258
Risk-Aware Regime Switching,5450,-0.2513116640884212
Risk-Aware Regime Switching,5451,-0.1869720072267742
Risk-Aware Regime Switching,5452,-0.24726126206393573
Risk-Aware Regime Switching,5453,-0.13313169881313403
Risk-Aware Regime Switching,5454,-0.23626574217979968
Risk-Aware Regime Switching,5455,-0.18277942941601444
Risk-Aware Regime Switching,5456,-0.11537896727322916
Risk-Aware Regime Switching,5457,-0.4955513031769224
Risk-Aware Regime Switching,5458,-0.40427025308759723
Risk-Aware Regime Switching,5459,-0.13281581874830262
Risk-Aware Regime Switching,5460,-0.24979749418835584
Risk-Aware Regime Switching,5461,-0.29439913979715615
Risk-Aware Regime Switching,5462,-0.29785855533425076
Risk-Aware Regime Switching,5463,-0.13386413118744867
Risk-Aware Regime Switching,5464,-0.16805607040332582
Risk-Aware Regime Switching,5465,-0.4532077772276373
Risk-Aware Regime Switching,5466,-0.11095687192581194
Risk-Aware Regime Switching,5467,-0.21450171344006919
Risk-Aware Regime Switching,5468,-0.17792533411151767
Risk-Aware Regime Switching,5469,-0.3111287530222995
Risk-Aware Regime Switching,5470,-0.1888887886467292
Risk-Aware Regime Switching,5471,-0.29470871431965295
Risk-Aware Regime Switching,5472,-0.20861737589905993
Risk-Aware Regime Switching,5473,-0.16899667627876092
Risk-Aware Regime Switching,5474,-0.16078387902187863
Risk-Aware Regime Switching,5475,-0.34058202714084995
Risk-Aware Regime Switching,5476,-0.35633934645705767
Risk-Aware Regime Switching,5477,-0.27223013856521183
Risk-Aware Regime Switching,5478,-0.25924463366290973
Risk-Aware Regime Switching,5479,-0.11376581758731441
Risk-Aware Regime Switching,5480,-0.1813136267825921
Risk-Aware Regime Switching,5481,-0.313277102855013
Risk-Aware Regime Switching,5482,-0.3601906074757424
Risk-Aware Regime Switching,5483,-0.17820932592018013
Risk-Aware Regime Switching,5484,-0.2117209845195892
Risk-Aware Regime Switching,5485,-0.12274022741573065
Risk-Aware Regime Switching,5486,-0.1454908112264952
Risk-Aware Regime Switching,5487,-0.3602296930517941
Risk-Aware Regime Switching,5488,-0.17140216422555343
Risk-Aware Regime Switching,5489,-0.22000901377491222
Risk-Aware Regime Switching,5490,-0.3342057315146867
Risk-Aware Regime Switching,5491,-0.23725350245037347
Risk-Aware Regime Switching,5492,-0.1409240603181826
Risk-Aware Regime Switching,5493,-0.42749646436646327
Risk-Aware Regime Switching,5494,-0.11000907080014799
Risk-Aware Regime Switching,5495,-0.21271837198882426
Risk-Aware Regime Switching,5496,-0.2161332959327953
Risk-Aware Regime Switching,5497,-0.17929578833554471
Risk-Aware Regime Switching,5498,-0.17450322258137907
Risk-Aware Regime Switching,5499,-0.2457881441510642
Risk-Aware Regime Switching,5500,-0.20329206199467087
Risk-Aware Regime Switching,5501,-0.4144670567492793
Risk-Aware Regime Switching,5502,-0.17852219424379967
Risk-Aware Regime Switching,5503,-0.1425435004739214
Risk-Aware Regime Switching,5504,-0.31443948689747436
Risk-Aware Regime Switching,5505,-0.36209327849256434
Risk-Aware Regime Switching,5506,-0.15208496993820786
Risk-Aware Regime Switching,5507,-0.23150947706178493
Risk-Aware Regime Switching,5508,-0.21685899024001176
Risk-Aware Regime Switching,5509,-0.3441499524289846
Risk-Aware Regime Switching,5510,-0.28668147501855346
Risk-Aware Regime Switching,5511,-0.20454411755387236
Risk-Aware Regime Switching,5512,-0.3552195276906892
Risk-Aware Regime Switching,5513,-0.2774963856975208
Risk-Aware Regime Switching,5514,-0.21864984041288926
Risk-Aware Regime Switching,5515,-0.12509503944204947
Risk-Aware Regime Switching,5516,-0.14678589333580205
Risk-Aware Regime Switching,5517,-0.16721816638721876
Risk-Aware Regime Switching,5518,-0.09852492536790136
Risk-Aware Regime Switching,5519,-0.29336540283254564
Risk-Aware Regime Switching,5520,-0.2279895511638086
Risk-Aware Regime Switching,5521,-0.4521898805352681
Risk-Aware Regime Switching,5522,-0.3876472121539779
Risk-Aware Regime Switching,5523,-0.1611451676521033
Risk-Aware Regime Switching,5524,-0.16536028528945812
Risk-Aware Regime Switching,5525,-0.15257641712734094
Risk-Aware Regime Switching,5526,-0.41568144902641413
Risk-Aware Regime Switching,5527,-0.20418908545399406
Risk-Aware Regime Switching,5528,-0.17709526001584253
Risk-Aware Regime Switching,5529,-0.11128554183484218
Risk-Aware Regime Switching,5530,-0.2806976585933316
Risk-Aware Regime Switching,5531,-0.30387824665706664
Risk-Aware Regime Switching,5532,-0.20800931128459876
Risk-Aware Regime Switching,5533,-0.22697023716128817
Risk-Aware Regime Switching,5534,-0.2061158649402296
Risk-Aware Regime Switching,5535,-0.42447273051932843
Risk-Aware Regime Switching,5536,-0.35300813950821297
Risk-Aware Regime Switching,5537,-0.12262790527216383
Risk-Aware Regime Switching,5538,-0.2564624800300317
Risk-Aware Regime Switching,5539,-0.24944849064158214
Risk-Aware Regime Switching,5540,-0.29751877716288266
Risk-Aware Regime Switching,5541,-0.25146973457675825
Risk-Aware Regime Switching,5542,-0.1224193439096426
Risk-Aware Regime Switching,5543,-0.19934929484226083
Risk-Aware Regime Switching,5544,-0.40200846851168803
Risk-Aware Regime Switching,5545,-0.1838428961335803
Risk-Aware Regime Switching,5546,-0.15757241425217938
Risk-Aware Regime Switching,5547,-0.15180774342728132
Risk-Aware Regime Switching,5548,-0.22729245994075686
Risk-Aware Regime Switching,5549,-0.12577573568180667
Risk-Aware Regime Switching,5550,-0.20545829078667532
Risk-Aware Regime Switching,5551,-0.28257137549495104
Risk-Aware Regime Switching,5552,-0.41657763647671897
Risk-Aware Regime Switching,5553,-0.15784283844960423
Risk-Aware Regime Switching,5554,-0.37842654644543183
Risk-Aware Regime Switching,5555,-0.16524004243644486
Risk-Aware Regime Switching,5556,-0.1496148294488141
Risk-Aware Regime Switching,5557,-0.15925274850899163
Risk-Aware Regime Switching,5558,-0.2752910470327895
Risk-Aware Regime Switching,5559,-0.46374658147700243
Risk-Aware Regime Switching,5560,-0.11118288441617519
Risk-Aware Regime Switching,5561,-0.3054369999785247
Risk-Aware Regime Switching,5562,-0.24234361042911368
Risk-Aware Regime Switching,5563,-0.22049457000104966
Risk-Aware Regime Switching,5564,-0.22998795446141385
Risk-Aware Regime Switching,5565,-0.2405933431821493
Risk-Aware Regime Switching,5566,-0.14787678071609311
Risk-Aware Regime Switching,5567,-0.291685026128223
Risk-Aware Regime Switching,5568,-0.21744322690428874
Risk-Aware Regime Switching,5569,-0.06434140115097153
Risk-Aware Regime Switching,5570,-0.3666937936569309
Risk-Aware Regime Switching,5571,-0.3504922141052298
Risk-Aware Regime Switching,5572,-0.30133121100047
Risk-Aware Regime Switching,5573,-0.4589794945349309
Risk-Aware Regime Switching,5574,-0.3370446998556095
Risk-Aware Regime Switching,5575,-0.190415076932407
Risk-Aware Regime Switching,5576,-0.2773640173505003
Risk-Aware Regime Switching,5577,-0.3508324816236392
Risk-Aware Regime Switching,5578,-0.32284231329545166
Risk-Aware Regime Switching,5579,-0.12575771185358076
Risk-Aware Regime Switching,5580,-0.19726946057436945
Risk-Aware Regime Switching,5581,-0.14845303979114577
Risk-Aware Regime Switching,5582,-0.14525760903064944
Risk-Aware Regime Switching,5583,-0.4179482806364496
Risk-Aware Regime Switching,5584,-0.1308676777229263
Risk-Aware Regime Switching,5585,-0.34427864674373376
Risk-Aware Regime Switching,5586,-0.2834321431757334
Risk-Aware Regime Switching,5587,-0.5050467021821524
Risk-Aware Regime Switching,5588,-0.437657092105033
Risk-Aware Regime Switching,5589,-0.2991627834405256
Risk-Aware Regime Switching,5590,-0.1709536632084815
Risk-Aware Regime Switching,5591,-0.11086924176391222
Risk-Aware Regime Switching,5592,-0.23450999017651775
Risk-Aware Regime Switching,5593,-0.27516540410701684
Risk-Aware Regime Switching,5594,-0.4760766227915385
Risk-Aware Regime Switching,5595,-0.3344744210837304
Risk-Aware Regime Switching,5596,-0.14515710860615716
Risk-Aware Regime Switching,5597,-0.48321264708795386
Risk-Aware Regime Switching,5598,-0.2697008779370864
Risk-Aware Regime Switching,5599,-0.14811788149189042
Risk-Aware Regime Switching,5600,-0.553329927543305
Risk-Aware Regime Switching,5601,-0.3324668749336074
Risk-Aware Regime Switching,5602,-0.2669497396340492
Risk-Aware Regime Switching,5603,-0.26899866015336515
Risk-Aware Regime Switching,5604,-0.2299412622629753
Risk-Aware Regime Switching,5605,-0.21954383392755095
Risk-Aware Regime Switching,5606,-0.34078495477628457
Risk-Aware Regime Switching,5607,-0.16915268424440932
Risk-Aware Regime Switching,5608,-0.21959000378027294
Risk-Aware Regime Switching,5609,-0.13005472992562572
Risk-Aware Regime Switching,5610,-0.20431071960037683
Risk-Aware Regime Switching,5611,-0.2625101428612089
Risk-Aware Regime Switching,5612,-0.31716880977968387
Risk-Aware Regime Switching,5613,-0.2573059174261145
Risk-Aware Regime Switching,5614,-0.36245367464666234
Risk-Aware Regime Switching,5615,-0.12879338703098964
Risk-Aware Regime Switching,5616,-0.2277850360236613
Risk-Aware Regime Switching,5617,-0.1527817441211058
Risk-Aware Regime Switching,5618,-0.3922834118306293
Risk-Aware Regime Switching,5619,-0.4469107996120748
Risk-Aware Regime Switching,5620,-0.28480293654079647
Risk-Aware Regime Switching,5621,-0.3011256713278192
Risk-Aware Regime Switching,5622,-0.2588219570258322
Risk-Aware Regime Switching,5623,-0.2369695032619219
Risk-Aware Regime Switching,5624,-0.15250009567383305
Risk-Aware Regime Switching,5625,-0.148993625096156
Risk-Aware Regime Switching,5626,-0.23833341387013995
Risk-Aware Regime Switching,5627,-0.34554715895825117
Risk-Aware Regime Switching,5628,-0.2745028296702636
Risk-Aware Regime Switching,5629,-0.36225330002241174
Risk-Aware Regime Switching,5630,-0.12590406867354054
Risk-Aware Regime Switching,5631,-0.1891690933388268
Risk-Aware Regime Switching,5632,-0.3882922595820898
Risk-Aware Regime Switching,5633,-0.2810144491983547
Risk-Aware Regime Switching,5634,-0.28077313841476614
Risk-Aware Regime Switching,5635,-0.48108318229763103
Risk-Aware Regime Switching,5636,-0.20637107550246836
Risk-Aware Regime Switching,5637,-0.4421306391474028
Risk-Aware Regime Switching,5638,-0.11504521110989607
Risk-Aware Regime Switching,5639,-0.204698657280436
Risk-Aware Regime Switching,5640,-0.18838634362615436
Risk-Aware Regime Switching,5641,-0.2566105437270709
Risk-Aware Regime Switching,5642,-0.3160394394870777
Risk-Aware Regime Switching,5643,-0.24746394304910535
Risk-Aware Regime Switching,5644,-0.21731538385245952
Risk-Aware Regime Switching,5645,-0.26945835999885226
Risk-Aware Regime Switching,5646,-0.1738643601621429
Risk-Aware Regime Switching,5647,-0.2673902488805294
Risk-Aware Regime Switching,5648,-0.32501436075738066
Risk-Aware Regime Switching,5649,-0.5282274912701963
Risk-Aware Regime Switching,5650,-0.20396390464645642
Risk-Aware Regime Switching,5651,-0.3563385666612855
Risk-Aware Regime Switching,5652,-0.11649973183314988
Risk-Aware Regime Switching,5653,-0.2089553330924322
Risk-Aware Regime Switching,5654,-0.20405338243955162
Risk-Aware Regime Switching,5655,-0.31369786961081925
Risk-Aware Regime Switching,5656,-0.37067437314599827
Risk-Aware Regime Switching,5657,-0.17294381674824022
Risk-Aware Regime Switching,5658,-0.18594438697394122
Risk-Aware Regime Switching,5659,-0.35519191830722563
Risk-Aware Regime Switching,5660,-0.29299885525572145
Risk-Aware Regime Switching,5661,-0.11340389730862355
Risk-Aware Regime Switching,5662,-0.2611046954787364
Risk-Aware Regime Switching,5663,-0.3459247951174512
Risk-Aware Regime Switching,5664,-0.2082049491175053
Risk-Aware Regime Switching,5665,-0.23041084084970087
Risk-Aware Regime Switching,5666,-0.24752828135507476
Risk-Aware Regime Switching,5667,-0.14088950288113655
Risk-Aware Regime Switching,5668,-0.20095403322800232
Risk-Aware Regime Switching,5669,-0.30597932028764285
Risk-Aware Regime Switching,5670,-0.14880626944580122
Risk-Aware Regime Switching,5671,-0.3414392702458863
Risk-Aware Regime Switching,5672,-0.22524836754317668
Risk-Aware Regime Switching,5673,-0.2874884858551542
Risk-Aware Regime Switching,5674,-0.13104315359553442
Risk-Aware Regime Switching,5675,-0.2325572827656328
Risk-Aware Regime Switching,5676,-0.22214880733530595
Risk-Aware Regime Switching,5677,-0.17618400328179373
Risk-Aware Regime Switching,5678,-0.3033226253799155
Risk-Aware Regime Switching,5679,-0.2692346303267049
Risk-Aware Regime Switching,5680,-0.16454904039989393
Risk-Aware Regime Switching,5681,-0.16490177887335722
Risk-Aware Regime Switching,5682,-0.15813434029033357
Risk-Aware Regime Switching,5683,-0.2219408592299137
Risk-Aware Regime Switching,5684,-0.3183398451236823
Risk-Aware Regime Switching,5685,-0.3728994795911812
Risk-Aware Regime Switching,5686,-0.12900668757298128
Risk-Aware Regime Switching,5687,-0.25877613029584745
Risk-Aware Regime Switching,5688,-0.23747598409424242
Risk-Aware Regime Switching,5689,-0.20572344646802787
Risk-Aware Regime Switching,5690,-0.2772113210897925
Risk-Aware Regime Switching,5691,-0.2663381615841254
Risk-Aware Regime Switching,5692,-0.12431710388686945
Risk-Aware Regime Switching,5693,-0.12391380825834308
Risk-Aware Regime Switching,5694,-0.2550176673353267
Risk-Aware Regime Switching,5695,-0.24417964383282986
Risk-Aware Regime Switching,5696,-0.2662332997661615
Risk-Aware Regime Switching,5697,-0.256970014175813
Risk-Aware Regime Switching,5698,-0.1419170413371631
Risk-Aware Regime Switching,5699,-0.17970192739183066
Risk-Aware Regime Switching,5700,-0.18248511773972786
Risk-Aware Regime Switching,5701,-0.24544891142777236
Risk-Aware Regime Switching,5702,-0.1355960629476507
Risk-Aware Regime Switching,5703,-0.3251683550164858
Risk-Aware Regime Switching,5704,-0.2654823578292611
Risk-Aware Regime Switching,5705,-0.35128445392144025
Risk-Aware Regime Switching,5706,-0.3267825447981729
Risk-Aware Regime Switching,5707,-0.26293449901976174
Risk-Aware Regime Switching,5708,-0.21992098128248827
Risk-Aware Regime Switching,5709,-0.2715331159282043
Risk-Aware Regime Switching,5710,-0.47787652599433794
Risk-Aware Regime Switching,5711,-0.28348469335592563
Risk-Aware Regime Switching,5712,-0.22929700188229463
Risk-Aware Regime Switching,5713,-0.2039249300697581
Risk-Aware Regime Switching,5714,-0.17577192122318963
Risk-Aware Regime Switching,5715,-0.2548387508874991
Risk-Aware Regime Switching,5716,-0.2618290978967116
Risk-Aware Regime Switching,5717,-0.3422126701257431
Risk-Aware Regime Switching,5718,-0.1601426114819865
Risk-Aware Regime Switching,5719,-0.3551039098903668
Risk-Aware Regime Switching,5720,-0.26528086258443906
Risk-Aware Regime Switching,5721,-0.2767420708568672
Risk-Aware Regime Switching,5722,-0.21782752966994234
Risk-Aware Regime Switching,5723,-0.3601869654949632
Risk-Aware Regime Switching,5724,-0.255859743331161
Risk-Aware Regime Switching,5725,-0.2925104000571649
Risk-Aware Regime Switching,5726,-0.3232133624881265
Risk-Aware Regime Switching,5727,-0.1439038451411756
Risk-Aware Regime Switching,5728,-0.11350422137543092
Risk-Aware Regime Switching,5729,-0.3547371514277401
Risk-Aware Regime Switching,5730,-0.16396665902796548
Risk-Aware Regime Switching,5731,-0.18202746129972802
Risk-Aware Regime Switching,5732,-0.3218317358307704
Risk-Aware Regime Switching,5733,-0.4432278219953034
Risk-Aware Regime Switching,5734,-0.17968892652356183
Risk-Aware Regime Switching,5735,-0.25330374652684706
Risk-Aware Regime Switching,5736,-0.29751789603025713
Risk-Aware Regime Switching,5737,-0.2743261749141285
Risk-Aware Regime Switching,5738,-0.35934092159642317
Risk-Aware Regime Switching,5739,-0.3574174373985677
Risk-Aware Regime Switching,5740,-0.3623278352629228
Risk-Aware Regime Switching,5741,-0.13768714456051356
Risk-Aware Regime Switching,5742,-0.20694900637528102
Risk-Aware Regime Switching,5743,-0.3288052287864691
Risk-Aware Regime Switching,5744,-0.28732847935035344
Risk-Aware Regime Switching,5745,-0.2522795159814941
Risk-Aware Regime Switching,5746,-0.2143524089914539
Risk-Aware Regime Switching,5747,-0.142837577396011
Risk-Aware Regime Switching,5748,-0.23307811767383468
Risk-Aware Regime Switching,5749,-0.49820178540191984
Risk-Aware Regime Switching,5750,-0.3037398627654819
Risk-Aware Regime Switching,5751,-0.33573761488493725
Risk-Aware Regime Switching,5752,-0.21474696519302972
Risk-Aware Regime Switching,5753,-0.28421578051556495
Risk-Aware Regime Switching,5754,-0.24968385769052726
Risk-Aware Regime Switching,5755,-0.2594026063567908
Risk-Aware Regime Switching,5756,-0.20088068483357957
Risk-Aware Regime Switching,5757,-0.23530328440128856
Risk-Aware Regime Switching,5758,-0.19211104793616784
Risk-Aware Regime Switching,5759,-0.31737760498669254
Risk-Aware Regime Switching,5760,-0.18637569529636877
Risk-Aware Regime Switching,5761,-0.41862338097241236
Risk-Aware Regime Switching,5762,-0.18207954506300827
Risk-Aware Regime Switching,5763,-0.3795638248224973
Risk-Aware Regime Switching,5764,-0.1331620180558627
Risk-Aware Regime Switching,5765,-0.21600735812547955
Risk-Aware Regime Switching,5766,-0.2392986906634943
Risk-Aware Regime Switching,5767,-0.3525303753024298
Risk-Aware Regime Switching,5768,-0.1448518676460716
Risk-Aware Regime Switching,5769,-0.4058230275080871
Risk-Aware Regime Switching,5770,-0.2681763385238993
Risk-Aware Regime Switching,5771,-0.15730300609832426
Risk-Aware Regime Switching,5772,-0.42851883208689634
Risk-Aware Regime Switching,5773,-0.32918549696142896
Risk-Aware Regime Switching,5774,-0.3666260705605683
Risk-Aware Regime Switching,5775,-0.49823244930652566
Risk-Aware Regime Switching,5776,-0.32262834824161335
Risk-Aware Regime Switching,5777,-0.2511822633558931
Risk-Aware Regime Switching,5778,-0.11942433103353278
Risk-Aware Regime Switching,5779,-0.16291556385712935
Risk-Aware Regime Switching,5780,-0.25401226830137114
Risk-Aware Regime Switching,5781,-0.23705560787722435
Risk-Aware Regime Switching,5782,-0.16931427833483204
Risk-Aware Regime Switching,5783,-0.19053940793543545
Risk-Aware Regime Switching,5784,-0.25181484143795696
Risk-Aware Regime Switching,5785,-0.2325971849613503
Risk-Aware Regime Switching,5786,-0.2518342458200693
Risk-Aware Regime Switching,5787,-0.14646827522592643
Risk-Aware Regime Switching,5788,-0.1356814246628143
Risk-Aware Regime Switching,5789,-0.19833851984188589
Risk-Aware Regime Switching,5790,-0.2325141794621396
Risk-Aware Regime Switching,5791,-0.2339151748635363
Risk-Aware Regime Switching,5792,-0.2020234465084375
Risk-Aware Regime Switching,5793,-0.32223115644437517
Risk-Aware Regime Switching,5794,-0.45553578811224293
Risk-Aware Regime Switching,5795,-0.15902211015584633
Risk-Aware Regime Switching,5796,-0.26556631736576397
Risk-Aware Regime Switching,5797,-0.4472400821086834
Risk-Aware Regime Switching,5798,-0.137476524541418
Risk-Aware Regime Switching,5799,-0.3210036047606727
Risk-Aware Regime Switching,5800,-0.2646645741669026
Risk-Aware Regime Switching,5801,-0.12368691141505139
Risk-Aware Regime Switching,5802,-0.20224247668856665
Risk-Aware Regime Switching,5803,-0.37313835305116916
Risk-Aware Regime Switching,5804,-0.23391466949218387
Risk-Aware Regime Switching,5805,-0.1618564505945066
Risk-Aware Regime Switching,5806,-0.20289351950797774
Risk-Aware Regime Switching,5807,-0.20969146837852648
Risk-Aware Regime Switching,5808,-0.23030729226797053
Risk-Aware Regime Switching,5809,-0.11289891114437067
Risk-Aware Regime Switching,5810,-0.25142843786023794
Risk-Aware Regime Switching,5811,-0.18486263011991144
Risk-Aware Regime Switching,5812,-0.16257616149838516
Risk-Aware Regime Switching,5813,-0.23099798939704252
Risk-Aware Regime Switching,5814,-0.31740260736827763
Risk-Aware Regime Switching,5815,-0.21662281823550944
Risk-Aware Regime Switching,5816,-0.17010247860149852
Risk-Aware Regime Switching,5817,-0.6526676050530127
Risk-Aware Regime Switching,5818,-0.15802202747410432
Risk-Aware Regime Switching,5819,-0.25060304777726927
Risk-Aware Regime Switching,5820,-0.16086000017229862
Risk-Aware Regime Switching,5821,-0.08187539214353678
Risk-Aware Regime Switching,5822,-0.2092035367646372
Risk-Aware Regime Switching,5823,-0.1287183021349848
Risk-Aware Regime Switching,5824,-0.2370453478082759
Risk-Aware Regime Switching,5825,-0.2186544387297027
Risk-Aware Regime Switching,5826,-0.3429821660871464
Risk-Aware Regime Switching,5827,-0.2734717498899165
Risk-Aware Regime Switching,5828,-0.19986152083970998
Risk-Aware Regime Switching,5829,-0.36106077128648273
Risk-Aware Regime Switching,5830,-0.33401850955465806
Risk-Aware Regime Switching,5831,-0.2770964282807994
Risk-Aware Regime Switching,5832,-0.42508187538482645
Risk-Aware Regime Switching,5833,-0.1259087894899915
Risk-Aware Regime Switching,5834,-0.1821667610635307
Risk-Aware Regime Switching,5835,-0.14891314286055646
Risk-Aware Regime Switching,5836,-0.2511672982208941
Risk-Aware Regime Switching,5837,-0.2001892785157836
Risk-Aware Regime Switching,5838,-0.14004444653584203
Risk-Aware Regime Switching,5839,-0.20141234385037987
Risk-Aware Regime Switching,5840,-0.21364554606889152
Risk-Aware Regime Switching,5841,-0.10186795545574745
Risk-Aware Regime Switching,5842,-0.22841029304343674
Risk-Aware Regime Switching,5843,-0.21321914441114032
Risk-Aware Regime Switching,5844,-0.241076640646798
Risk-Aware Regime Switching,5845,-0.1973317902277858
Risk-Aware Regime Switching,5846,-0.115720374606193
Risk-Aware Regime Switching,5847,-0.2696890164102679
Risk-Aware Regime Switching,5848,-0.23663201867849415
Risk-Aware Regime Switching,5849,-0.12121220708763247
Risk-Aware Regime Switching,5850,-0.23703581313875965
Risk-Aware Regime Switching,5851,-0.4357924870730452
Risk-Aware Regime Switching,5852,-0.1509336414269109
Risk-Aware Regime Switching,5853,-0.1591488004527718
Risk-Aware Regime Switching,5854,-0.22045689621752784
Risk-Aware Regime Switching,5855,-0.3878876240532977
Risk-Aware Regime Switching,5856,-0.20253817174273125
Risk-Aware Regime Switching,5857,-0.20943083502115356
Risk-Aware Regime Switching,5858,-0.2519474409337553
Risk-Aware Regime Switching,5859,-0.19174192823284275
Risk-Aware Regime Switching,5860,-0.2732532462237146
Risk-Aware Regime Switching,5861,-0.2777620623303283
Risk-Aware Regime Switching,5862,-0.37300762975206736
Risk-Aware Regime Switching,5863,-0.29526797011015327
Risk-Aware Regime Switching,5864,-0.22392520577636899
Risk-Aware Regime Switching,5865,-0.11197898668516326
Risk-Aware Regime Switching,5866,-0.27831398305729393
Risk-Aware Regime Switching,5867,-0.2006530867599159
Risk-Aware Regime Switching,5868,-0.20849013586294607
Risk-Aware Regime Switching,5869,-0.20693983879589528
Risk-Aware Regime Switching,5870,-0.2740690502505071
Risk-Aware Regime Switching,5871,-0.32638611095323855
Risk-Aware Regime Switching,5872,-0.517000127514402
Risk-Aware Regime Switching,5873,-0.19415487874070936
Risk-Aware Regime Switching,5874,-0.23579948378535653
Risk-Aware Regime Switching,5875,-0.46728205587948735
Risk-Aware Regime Switching,5876,-0.17920678388525224
Risk-Aware Regime Switching,5877,-0.43326002973714295
Risk-Aware Regime Switching,5878,-0.20875532448480383
Risk-Aware Regime Switching,5879,-0.19678869432325885
Risk-Aware Regime Switching,5880,-0.2633090301040555
Risk-Aware Regime Switching,5881,-0.3336800668172597
Risk-Aware Regime Switching,5882,-0.23548595511165815
Risk-Aware Regime Switching,5883,-0.19447828807803247
Risk-Aware Regime Switching,5884,-0.3371659539145808
Risk-Aware Regime Switching,5885,-0.37104030357737583
Risk-Aware Regime Switching,5886,-0.15309181206813893
Risk-Aware Regime Switching,5887,-0.2365996924158268
Risk-Aware Regime Switching,5888,-0.17151395667121672
Risk-Aware Regime Switching,5889,-0.2558603718926631
Risk-Aware Regime Switching,5890,-0.2381138280627949
Risk-Aware Regime Switching,5891,-0.32051454071744134
Risk-Aware Regime Switching,5892,-0.1758862376786965
Risk-Aware Regime Switching,5893,-0.15414865470536532
Risk-Aware Regime Switching,5894,-0.16280146765301295
Risk-Aware Regime Switching,5895,-0.1837679570030203
Risk-Aware Regime Switching,5896,-0.1978786229147833
Risk-Aware Regime Switching,5897,-0.2669614929257379
Risk-Aware Regime Switching,5898,-0.18898910579383754
Risk-Aware Regime Switching,5899,-0.3178951875983881
Risk-Aware Regime Switching,5900,-0.16633754379658516
Risk-Aware Regime Switching,5901,-0.325464863524745
Risk-Aware Regime Switching,5902,-0.2579714035083054
Risk-Aware Regime Switching,5903,-0.21786880168566647
Risk-Aware Regime Switching,5904,-0.26185197381660474
Risk-Aware Regime Switching,5905,-0.27457607832870945
Risk-Aware Regime Switching,5906,-0.35351692624094955
Risk-Aware Regime Switching,5907,-0.2311802517406224
Risk-Aware Regime Switching,5908,-0.20729375746878564
Risk-Aware Regime Switching,5909,-0.21718792225165517
Risk-Aware Regime Switching,5910,-0.24821004101840705
Risk-Aware Regime Switching,5911,-0.0852059112558834
Risk-Aware Regime Switching,5912,-0.2002178765461845
Risk-Aware Regime Switching,5913,-0.3347135773435911
Risk-Aware Regime Switching,5914,-0.2744748050371597
Risk-Aware Regime Switching,5915,-0.22680825985265474
Risk-Aware Regime Switching,5916,-0.17720746309436441
Risk-Aware Regime Switching,5917,-0.15909392387245092
Risk-Aware Regime Switching,5918,-0.20220761212440108
Risk-Aware Regime Switching,5919,-0.3761018047158924
Risk-Aware Regime Switching,5920,-0.3916943379250094
Risk-Aware Regime Switching,5921,-0.10875764748265548
Risk-Aware Regime Switching,5922,-0.17221226756076669
Risk-Aware Regime Switching,5923,-0.2368825147204734
Risk-Aware Regime Switching,5924,-0.21579634518150614
Risk-Aware Regime Switching,5925,-0.14476745635702903
Risk-Aware Regime Switching,5926,-0.20015076237333218
Risk-Aware Regime Switching,5927,-0.13758052508678786
Risk-Aware Regime Switching,5928,-0.4619102304712338
Risk-Aware Regime Switching,5929,-0.257333095488944
Risk-Aware Regime Switching,5930,-0.2728692370015454
Risk-Aware Regime Switching,5931,-0.2875688403790194
Risk-Aware Regime Switching,5932,-0.22926082318992813
Risk-Aware Regime Switching,5933,-0.3842742743950829
Risk-Aware Regime Switching,5934,-0.22017825379362488
Risk-Aware Regime Switching,5935,-0.22322920903030252
Risk-Aware Regime Switching,5936,-0.2786656725636476
Risk-Aware Regime Switching,5937,-0.17480451275919406
Risk-Aware Regime Switching,5938,-0.36066446416437703
Risk-Aware Regime Switching,5939,-0.2441368663885769
Risk-Aware Regime Switching,5940,-0.24548584507202753
Risk-Aware Regime Switching,5941,-0.37720906433641377
Risk-Aware Regime Switching,5942,-0.2854419317323661
Risk-Aware Regime Switching,5943,-0.27398065932446114
Risk-Aware Regime Switching,5944,-0.13343610344253054
Risk-Aware Regime Switching,5945,-0.22488692229540275
Risk-Aware Regime Switching,5946,-0.22106167825404277
Risk-Aware Regime Switching,5947,-0.2910091585079503
Risk-Aware Regime Switching,5948,-0.22291801644312648
Risk-Aware Regime Switching,5949,-0.41160381837151416
Risk-Aware Regime Switching,5950,-0.2093463080432767
Risk-Aware Regime Switching,5951,-0.20209324220354963
Risk-Aware Regime Switching,5952,-0.4662858022703954
Risk-Aware Regime Switching,5953,-0.29564117360668707
Risk-Aware Regime Switching,5954,-0.17674614461898908
Risk-Aware Regime Switching,5955,-0.289162062078855
Risk-Aware Regime Switching,5956,-0.16022886143837156
Risk-Aware Regime Switching,5957,-0.2857042705365467
Risk-Aware Regime Switching,5958,-0.23066487825560722
Risk-Aware Regime Switching,5959,-0.3141522998503622
Risk-Aware Regime Switching,5960,-0.16080210088199132
Risk-Aware Regime Switching,5961,-0.21239013026177567
Risk-Aware Regime Switching,5962,-0.5166231997680737
Risk-Aware Regime Switching,5963,-0.18215448214809016
Risk-Aware Regime Switching,5964,-0.16217526141631877
Risk-Aware Regime Switching,5965,-0.23486237335113713
Risk-Aware Regime Switching,5966,-0.3589529109870576
Risk-Aware Regime Switching,5967,-0.17632280645443377
Risk-Aware Regime Switching,5968,-0.3868502423567157
Risk-Aware Regime Switching,5969,-0.27741049387903094
Risk-Aware Regime Switching,5970,-0.1577078726760528
Risk-Aware Regime Switching,5971,-0.10851816278510851
Risk-Aware Regime Switching,5972,-0.16428369240499285
Risk-Aware Regime Switching,5973,-0.23928625295669825
Risk-Aware Regime Switching,5974,-0.18839432341866458
Risk-Aware Regime Switching,5975,-0.2964413744619312
Risk-Aware Regime Switching,5976,-0.21479562500580018
Risk-Aware Regime Switching,5977,-0.4047046901476673
Risk-Aware Regime Switching,5978,-0.22366503627311507
Risk-Aware Regime Switching,5979,-0.19641642807271942
Risk-Aware Regime Switching,5980,-0.27947643074164485
Risk-Aware Regime Switching,5981,-0.32674571844467104
Risk-Aware Regime Switching,5982,-0.12621765782709693
Risk-Aware Regime Switching,5983,-0.1190026660219764
Risk-Aware Regime Switching,5984,-0.35187966358081846
Risk-Aware Regime Switching,5985,-0.26131941646988377
Risk-Aware Regime Switching,5986,-0.2963736711904593
Risk-Aware Regime Switching,5987,-0.24050511839021949
Risk-Aware Regime Switching,5988,-0.14781635679664262
Risk-Aware Regime Switching,5989,-0.17277299540781865
Risk-Aware Regime Switching,5990,-0.29215626737742895
Risk-Aware Regime Switching,5991,-0.3741987886084005
Risk-Aware Regime Switching,5992,-0.22617485476083954
Risk-Aware Regime Switching,5993,-0.13541601206951948
Risk-Aware Regime Switching,5994,-0.12910559883779238
Risk-Aware Regime Switching,5995,-0.11530548991767531
Risk-Aware Regime Switching,5996,-0.29346090219646126
Risk-Aware Regime Switching,5997,-0.1771900465321684
Risk-Aware Regime Switching,5998,-0.22887221585116502
Risk-Aware Regime Switching,5999,-0.18248265846056633
Risk-Aware Regime Switching,6000,-0.18429561426125263
Risk-Aware Regime Switching,6001,-0.21781712281344123
Risk-Aware Regime Switching,6002,-0.24415725173255298
Risk-Aware Regime Switching,6003,-0.2558238759625351
Risk-Aware Regime Switching,6004,-0.5687844057860714
Risk-Aware Regime Switching,6005,-0.32811160538248385
Risk-Aware Regime Switching,6006,-0.25892647763295074
Risk-Aware Regime Switching,6007,-0.4621732913405687
Risk-Aware Regime Switching,6008,-0.2842254563156231
Risk-Aware Regime Switching,6009,-0.2548410637135289
Risk-Aware Regime Switching,6010,-0.17282425080962627
Risk-Aware Regime Switching,6011,-0.24514849823792906
Risk-Aware Regime Switching,6012,-0.3411622394463708
Risk-Aware Regime Switching,6013,-0.4530214795660703
Risk-Aware Regime Switching,6014,-0.2348599092866015
Risk-Aware Regime Switching,6015,-0.3035533888292321
Risk-Aware Regime Switching,6016,-0.17163626498841378
Risk-Aware Regime Switching,6017,-0.25663431671399395
Risk-Aware Regime Switching,6018,-0.11352775556398831
Risk-Aware Regime Switching,6019,-0.23368196455843027
Risk-Aware Regime Switching,6020,-0.21505743517179887
Risk-Aware Regime Switching,6021,-0.1850160106106994
Risk-Aware Regime Switching,6022,-0.29438969000926296
Risk-Aware Regime Switching,6023,-0.15312383844520927
Risk-Aware Regime Switching,6024,-0.18612168554572772
Risk-Aware Regime Switching,6025,-0.13853484025810714
Risk-Aware Regime Switching,6026,-0.19834096032293447
Risk-Aware Regime Switching,6027,-0.16706283408758094
Risk-Aware Regime Switching,6028,-0.30902018769598927
Risk-Aware Regime Switching,6029,-0.4888853039664487
Risk-Aware Regime Switching,6030,-0.23995819916321015
Risk-Aware Regime Switching,6031,-0.1580349324970003
Risk-Aware Regime Switching,6032,-0.17895291735737062
Risk-Aware Regime Switching,6033,-0.14325843611067657
Risk-Aware Regime Switching,6034,-0.19699717166442565
Risk-Aware Regime Switching,6035,-0.31586644963613975
Risk-Aware Regime Switching,6036,-0.16270139464156186
Risk-Aware Regime Switching,6037,-0.1834539937094587
Risk-Aware Regime Switching,6038,-0.10648420212063203
Risk-Aware Regime Switching,6039,-0.26987255533225674
Risk-Aware Regime Switching,6040,-0.31099051828114366
Risk-Aware Regime Switching,6041,-0.21705628460308823
Risk-Aware Regime Switching,6042,-0.3594971040612487
Risk-Aware Regime Switching,6043,-0.19387363445158512
Risk-Aware Regime Switching,6044,-0.25969873774484786
Risk-Aware Regime Switching,6045,-0.4421332008280414
Risk-Aware Regime Switching,6046,-0.38945440138383514
Risk-Aware Regime Switching,6047,-0.3376679337850702
Risk-Aware Regime Switching,6048,-0.35688608204509165
Risk-Aware Regime Switching,6049,-0.2735649962986062
Risk-Aware Regime Switching,6050,-0.3815759695219667
Risk-Aware Regime Switching,6051,-0.3059390404962147
Risk-Aware Regime Switching,6052,-0.1676812046942513
Risk-Aware Regime Switching,6053,-0.24296829514397922
Risk-Aware Regime Switching,6054,-0.3830033047810384
Risk-Aware Regime Switching,6055,-0.20683066708536435
Risk-Aware Regime Switching,6056,-0.36820035568562715
Risk-Aware Regime Switching,6057,-0.23258869049578834
Risk-Aware Regime Switching,6058,-0.13906736550044718
Risk-Aware Regime Switching,6059,-0.1801556293545189
Risk-Aware Regime Switching,6060,-0.10726942602352696
Risk-Aware Regime Switching,6061,-0.1788385281905498
Risk-Aware Regime Switching,6062,-0.26331617922121753
Risk-Aware Regime Switching,6063,-0.17769713859995873
Risk-Aware Regime Switching,6064,-0.13161036514961
Risk-Aware Regime Switching,6065,-0.24752122996523507
Risk-Aware Regime Switching,6066,-0.2431616745854006
Risk-Aware Regime Switching,6067,-0.14673063697531152
Risk-Aware Regime Switching,6068,-0.10621410129699116
Risk-Aware Regime Switching,6069,-0.13396946579413838
Risk-Aware Regime Switching,6070,-0.25335313265445736
Risk-Aware Regime Switching,6071,-0.14031079433177995
Risk-Aware Regime Switching,6072,-0.2465422047477912
Risk-Aware Regime Switching,6073,-0.15686986385172452
Risk-Aware Regime Switching,6074,-0.29715213429262466
Risk-Aware Regime Switching,6075,-0.15965358740765612
Risk-Aware Regime Switching,6076,-0.4038130904337083
Risk-Aware Regime Switching,6077,-0.2437787903672356
Risk-Aware Regime Switching,6078,-0.20824312604997208
Risk-Aware Regime Switching,6079,-0.2494822422263373
Risk-Aware Regime Switching,6080,-0.3225238579024159
Risk-Aware Regime Switching,6081,-0.20598531800747855
Risk-Aware Regime Switching,6082,-0.2544309623250083
Risk-Aware Regime Switching,6083,-0.20092234190127223
Risk-Aware Regime Switching,6084,-0.2630807022522266
Risk-Aware Regime Switching,6085,-0.5183087739066718
Risk-Aware Regime Switching,6086,-0.22483866675144104
Risk-Aware Regime Switching,6087,-0.25190333990884306
Risk-Aware Regime Switching,6088,-0.24847653714059248
Risk-Aware Regime Switching,6089,-0.1652498001968652
Risk-Aware Regime Switching,6090,-0.2971165473347982
Risk-Aware Regime Switching,6091,-0.1710993475965933
Risk-Aware Regime Switching,6092,-0.3584903101348086
Risk-Aware Regime Switching,6093,-0.30451837254792136
Risk-Aware Regime Switching,6094,-0.12419972335698803
Risk-Aware Regime Switching,6095,-0.31427638069796004
Risk-Aware Regime Switching,6096,-0.2946348763579214
Risk-Aware Regime Switching,6097,-0.4551562456637587
Risk-Aware Regime Switching,6098,-0.24131412784115036
Risk-Aware Regime Switching,6099,-0.2894111955693782
Risk-Aware Regime Switching,6100,-0.19308491719787357
Risk-Aware Regime Switching,6101,-0.21414869236881162
Risk-Aware Regime Switching,6102,-0.5382638112299007
Risk-Aware Regime Switching,6103,-0.1209045372480474
Risk-Aware Regime Switching,6104,-0.37129738464432605
Risk-Aware Regime Switching,6105,-0.1671911746934437
Risk-Aware Regime Switching,6106,-0.2976609973299267
Risk-Aware Regime Switching,6107,-0.45780651664108274
Risk-Aware Regime Switching,6108,-0.1660938597687419
Risk-Aware Regime Switching,6109,-0.2586361246404765
Risk-Aware Regime Switching,6110,-0.30212968488655234
Risk-Aware Regime Switching,6111,-0.28053935296737265
Risk-Aware Regime Switching,6112,-0.2697274651192114
Risk-Aware Regime Switching,6113,-0.1711768987113681
Risk-Aware Regime Switching,6114,-0.14856040415317306
Risk-Aware Regime Switching,6115,-0.22727535262002607
Risk-Aware Regime Switching,6116,-0.3967455673528405
Risk-Aware Regime Switching,6117,-0.4997272239584769
Risk-Aware Regime Switching,6118,-0.18234643636728665
Risk-Aware Regime Switching,6119,-0.10698889904206799
Risk-Aware Regime Switching,6120,-0.4080453154147968
Risk-Aware Regime Switching,6121,-0.16437232300183213
Risk-Aware Regime Switching,6122,-0.11451791566903258
Risk-Aware Regime Switching,6123,-0.19239706442433702
Risk-Aware Regime Switching,6124,-0.5106045360736025
Risk-Aware Regime Switching,6125,-0.27852751582723956
Risk-Aware Regime Switching,6126,-0.12970770318455505
Risk-Aware Regime Switching,6127,-0.2922902925002643
Risk-Aware Regime Switching,6128,-0.18926949458195996
Risk-Aware Regime Switching,6129,-0.37321884929770144
Risk-Aware Regime Switching,6130,-0.31656020450839084
Risk-Aware Regime Switching,6131,-0.12365054797220565
Risk-Aware Regime Switching,6132,-0.29204873448902247
Risk-Aware Regime Switching,6133,-0.13831208541352102
Risk-Aware Regime Switching,6134,-0.18094975564924565
Risk-Aware Regime Switching,6135,-0.4405610226901352
Risk-Aware Regime Switching,6136,-0.21167698002899726
Risk-Aware Regime Switching,6137,-0.2869368547562391
Risk-Aware Regime Switching,6138,-0.32598717924859677
Risk-Aware Regime Switching,6139,-0.1443318039706023
Risk-Aware Regime Switching,6140,-0.2854653755904958
Risk-Aware Regime Switching,6141,-0.17172100677356816
Risk-Aware Regime Switching,6142,-0.3134619055351553
Risk-Aware Regime Switching,6143,-0.21389937954830907
Risk-Aware Regime Switching,6144,-0.25104567150613755
Risk-Aware Regime Switching,6145,-0.3384186047085721
Risk-Aware Regime Switching,6146,-0.11575818209784039
Risk-Aware Regime Switching,6147,-0.122862791929084
Risk-Aware Regime Switching,6148,-0.2555050313112226
Risk-Aware Regime Switching,6149,-0.17878482741180612
Risk-Aware Regime Switching,6150,-0.31660259404840296
Risk-Aware Regime Switching,6151,-0.35230665129815
Risk-Aware Regime Switching,6152,-0.3215899439349841
Risk-Aware Regime Switching,6153,-0.32528962043741727
Risk-Aware Regime Switching,6154,-0.34191197512590576
Risk-Aware Regime Switching,6155,-0.33755466792889055
Risk-Aware Regime Switching,6156,-0.200384650435674
Risk-Aware Regime Switching,6157,-0.2535208658554897
Risk-Aware Regime Switching,6158,-0.215121048001511
Risk-Aware Regime Switching,6159,-0.1673119227978419
Risk-Aware Regime Switching,6160,-0.336581389560657
Risk-Aware Regime Switching,6161,-0.24637132937018447
Risk-Aware Regime Switching,6162,-0.312129310839252
Risk-Aware Regime Switching,6163,-0.17479528212033124
Risk-Aware Regime Switching,6164,-0.14684212633928007
Risk-Aware Regime Switching,6165,-0.12166938213084888
Risk-Aware Regime Switching,6166,-0.31356527734877004
Risk-Aware Regime Switching,6167,-0.1771703618798106
Risk-Aware Regime Switching,6168,-0.1317625764729321
Risk-Aware Regime Switching,6169,-0.1323065968705729
Risk-Aware Regime Switching,6170,-0.2139297783298465
Risk-Aware Regime Switching,6171,-0.13818094349161592
Risk-Aware Regime Switching,6172,-0.20732862562611842
Risk-Aware Regime Switching,6173,-0.09084171585910672
Risk-Aware Regime Switching,6174,-0.17340068647559803
Risk-Aware Regime Switching,6175,-0.23440092843446092
Risk-Aware Regime Switching,6176,-0.13958489207589864
Risk-Aware Regime Switching,6177,-0.18734185522923497
Risk-Aware Regime Switching,6178,-0.3232104484882562
Risk-Aware Regime Switching,6179,-0.2820202306720062
Risk-Aware Regime Switching,6180,-0.31817566053649626
Risk-Aware Regime Switching,6181,-0.39698523874573766
Risk-Aware Regime Switching,6182,-0.36516858047118683
Risk-Aware Regime Switching,6183,-0.40469794121346025
Risk-Aware Regime Switching,6184,-0.426191372303269
Risk-Aware Regime Switching,6185,-0.2729260696616831
Risk-Aware Regime Switching,6186,-0.1687403207262943
Risk-Aware Regime Switching,6187,-0.27426417544254367
Risk-Aware Regime Switching,6188,-0.38863744244832843
Risk-Aware Regime Switching,6189,-0.1740026386644059
Risk-Aware Regime Switching,6190,-0.2252283123760559
Risk-Aware Regime Switching,6191,-0.10613222640157693
Risk-Aware Regime Switching,6192,-0.4134558724878278
Risk-Aware Regime Switching,6193,-0.14790014772993265
Risk-Aware Regime Switching,6194,-0.2589255420227905
Risk-Aware Regime Switching,6195,-0.2925505766341153
Risk-Aware Regime Switching,6196,-0.36819943873488536
Risk-Aware Regime Switching,6197,-0.25731059641404086
Risk-Aware Regime Switching,6198,-0.3098538967339559
Risk-Aware Regime Switching,6199,-0.3700885317599918
Risk-Aware Regime Switching,6200,-0.21085967260860283
Risk-Aware Regime Switching,6201,-0.17911182662611935
Risk-Aware Regime Switching,6202,-0.15150204613934448
Risk-Aware Regime Switching,6203,-0.15923032863785247
Risk-Aware Regime Switching,6204,-0.15956925523239895
Risk-Aware Regime Switching,6205,-0.1732058111289262
Risk-Aware Regime Switching,6206,-0.09525970986934562
Risk-Aware Regime Switching,6207,-0.1898244318122202
Risk-Aware Regime Switching,6208,-0.1258792900161777
Risk-Aware Regime Switching,6209,-0.3812323384545472
Risk-Aware Regime Switching,6210,-0.21383050161010064
Risk-Aware Regime Switching,6211,-0.36875971982383515
Risk-Aware Regime Switching,6212,-0.34205730477421614
Risk-Aware Regime Switching,6213,-0.3243131983268508
Risk-Aware Regime Switching,6214,-0.24487479173137927
Risk-Aware Regime Switching,6215,-0.15509246685863276
Risk-Aware Regime Switching,6216,-0.21170998771549054
Risk-Aware Regime Switching,6217,-0.32690608478293903
Risk-Aware Regime Switching,6218,-0.1747663192595632
Risk-Aware Regime Switching,6219,-0.12067267249789049
Risk-Aware Regime Switching,6220,-0.26248254552696093
Risk-Aware Regime Switching,6221,-0.17256382795833558
Risk-Aware Regime Switching,6222,-0.2693142381518919
Risk-Aware Regime Switching,6223,-0.12931047133089724
Risk-Aware Regime Switching,6224,-0.3451652979623675
Risk-Aware Regime Switching,6225,-0.1493454811864271
Risk-Aware Regime Switching,6226,-0.4425386120101904
Risk-Aware Regime Switching,6227,-0.2659175865057032
Risk-Aware Regime Switching,6228,-0.18270103119445125
Risk-Aware Regime Switching,6229,-0.2904616993382787
Risk-Aware Regime Switching,6230,-0.17791209172744948
Risk-Aware Regime Switching,6231,-0.2216961968070711
Risk-Aware Regime Switching,6232,-0.365627541530011
Risk-Aware Regime Switching,6233,-0.39055429003831954
Risk-Aware Regime Switching,6234,-0.2185638791491803
Risk-Aware Regime Switching,6235,-0.3999745910742063
Risk-Aware Regime Switching,6236,-0.3892403575660376
Risk-Aware Regime Switching,6237,-0.25578719384341453
Risk-Aware Regime Switching,6238,-0.2368301012127927
Risk-Aware Regime Switching,6239,-0.1452968351160755
Risk-Aware Regime Switching,6240,-0.2577500180905503
Risk-Aware Regime Switching,6241,-0.18993327816126326
Risk-Aware Regime Switching,6242,-0.24148251254623632
Risk-Aware Regime Switching,6243,-0.2590550428099613
Risk-Aware Regime Switching,6244,-0.28788925192783976
Risk-Aware Regime Switching,6245,-0.2857892497459855
Risk-Aware Regime Switching,6246,-0.14637848948014354
Risk-Aware Regime Switching,6247,-0.18873418908299933
Risk-Aware Regime Switching,6248,-0.3035161638961529
Risk-Aware Regime Switching,6249,-0.0848590036330219
Risk-Aware Regime Switching,6250,-0.16525920338789923
Risk-Aware Regime Switching,6251,-0.18791035010563417
Risk-Aware Regime Switching,6252,-0.1493503838900203
Risk-Aware Regime Switching,6253,-0.3169247381344068
Risk-Aware Regime Switching,6254,-0.23718741458837067
Risk-Aware Regime Switching,6255,-0.11082322575971193
Risk-Aware Regime Switching,6256,-0.29970002571860055
Risk-Aware Regime Switching,6257,-0.1788026976400845
Risk-Aware Regime Switching,6258,-0.1784763904524581
Risk-Aware Regime Switching,6259,-0.29848881479627176
Risk-Aware Regime Switching,6260,-0.3221167448132459
Risk-Aware Regime Switching,6261,-0.20157653542366627
Risk-Aware Regime Switching,6262,-0.3045905475360673
Risk-Aware Regime Switching,6263,-0.35013602911968933
Risk-Aware Regime Switching,6264,-0.23582928837660466
Risk-Aware Regime Switching,6265,-0.24400519717891533
Risk-Aware Regime Switching,6266,-0.2587138344026294
Risk-Aware Regime Switching,6267,-0.19249889412066212
Risk-Aware Regime Switching,6268,-0.28930507256206184
Risk-Aware Regime Switching,6269,-0.13064237041966653
Risk-Aware Regime Switching,6270,-0.11312132601792857
Risk-Aware Regime Switching,6271,-0.24503475221173743
Risk-Aware Regime Switching,6272,-0.09793653170204986
Risk-Aware Regime Switching,6273,-0.2080280376768434
Risk-Aware Regime Switching,6274,-0.2632700480899993
Risk-Aware Regime Switching,6275,-0.10234576576032228
Risk-Aware Regime Switching,6276,-0.2696934669295652
Risk-Aware Regime Switching,6277,-0.30144643009005856
Risk-Aware Regime Switching,6278,-0.424384472000256
Risk-Aware Regime Switching,6279,-0.16079741528145786
Risk-Aware Regime Switching,6280,-0.2666881056655609
Risk-Aware Regime Switching,6281,-0.1812009887810322
Risk-Aware Regime Switching,6282,-0.4291690946409017
Risk-Aware Regime Switching,6283,-0.14903629494994675
Risk-Aware Regime Switching,6284,-0.1892464748284799
Risk-Aware Regime Switching,6285,-0.1469172804555866
Risk-Aware Regime Switching,6286,-0.15943039039752915
Risk-Aware Regime Switching,6287,-0.2626877863046533
Risk-Aware Regime Switching,6288,-0.21966177166532652
Risk-Aware Regime Switching,6289,-0.17802027937911036
Risk-Aware Regime Switching,6290,-0.26399251544435964
Risk-Aware Regime Switching,6291,-0.23139836157995397
Risk-Aware Regime Switching,6292,-0.27824975186668066
Risk-Aware Regime Switching,6293,-0.21397267224230587
Risk-Aware Regime Switching,6294,-0.3337167320110441
Risk-Aware Regime Switching,6295,-0.18298369232295453
Risk-Aware Regime Switching,6296,-0.3014687731709771
Risk-Aware Regime Switching,6297,-0.27106924803020915
Risk-Aware Regime Switching,6298,-0.1542875359212581
Risk-Aware Regime Switching,6299,-0.2779794476542229
Risk-Aware Regime Switching,6300,-0.32316717551717355
Risk-Aware Regime Switching,6301,-0.2698418976760446
Risk-Aware Regime Switching,6302,-0.14184016252929155
Risk-Aware Regime Switching,6303,-0.2494898840641565
Risk-Aware Regime Switching,6304,-0.25023463609019136
Risk-Aware Regime Switching,6305,-0.1306692005559259
Risk-Aware Regime Switching,6306,-0.10111750115886942
Risk-Aware Regime Switching,6307,-0.2979568806923806
Risk-Aware Regime Switching,6308,-0.17564901011781753
Risk-Aware Regime Switching,6309,-0.30658770138494007
Risk-Aware Regime Switching,6310,-0.16367089711767735
Risk-Aware Regime Switching,6311,-0.15323188049339487
Risk-Aware Regime Switching,6312,-0.1906488123407466
Risk-Aware Regime Switching,6313,-0.3476997857461368
Risk-Aware Regime Switching,6314,-0.1533439665440809
Risk-Aware Regime Switching,6315,-0.22289252130516357
Risk-Aware Regime Switching,6316,-0.2635405846714469
Risk-Aware Regime Switching,6317,-0.2961619336614387
Risk-Aware Regime Switching,6318,-0.27156401427925436
Risk-Aware Regime Switching,6319,-0.2128024944229071
Risk-Aware Regime Switching,6320,-0.18454913015808616
Risk-Aware Regime Switching,6321,-0.3404695363215179
Risk-Aware Regime Switching,6322,-0.1274947788538192
Risk-Aware Regime Switching,6323,-0.20848314613855523
Risk-Aware Regime Switching,6324,-0.2910173374908205
Risk-Aware Regime Switching,6325,-0.18505222219760653
Risk-Aware Regime Switching,6326,-0.09266055918819971
Risk-Aware Regime Switching,6327,-0.32727749807182727
Risk-Aware Regime Switching,6328,-0.2447398652131867
Risk-Aware Regime Switching,6329,-0.25814161714677797
Risk-Aware Regime Switching,6330,-0.3844829089308004
Risk-Aware Regime Switching,6331,-0.08589313062826076
Risk-Aware Regime Switching,6332,-0.28521653020385085
Risk-Aware Regime Switching,6333,-0.20853054268632287
Risk-Aware Regime Switching,6334,-0.3475160448721262
Risk-Aware Regime Switching,6335,-0.2967635494833841
Risk-Aware Regime Switching,6336,-0.21198695953223368
Risk-Aware Regime Switching,6337,-0.2770988111273003
Risk-Aware Regime Switching,6338,-0.35018364444682504
Risk-Aware Regime Switching,6339,-0.18586476389979
Risk-Aware Regime Switching,6340,-0.32030895063486653
Risk-Aware Regime Switching,6341,-0.18308752782479665
Risk-Aware Regime Switching,6342,-0.1730090105974308
Risk-Aware Regime Switching,6343,-0.23314211206200686
Risk-Aware Regime Switching,6344,-0.26219168515179314
Risk-Aware Regime Switching,6345,-0.21526504351389986
Risk-Aware Regime Switching,6346,-0.21111540347782798
Risk-Aware Regime Switching,6347,-0.3075990778021114
Risk-Aware Regime Switching,6348,-0.14647995519131451
Risk-Aware Regime Switching,6349,-0.40141796531234997
Risk-Aware Regime Switching,6350,-0.11031372052750132
Risk-Aware Regime Switching,6351,-0.3070715600578241
Risk-Aware Regime Switching,6352,-0.345186734904376
Risk-Aware Regime Switching,6353,-0.12137682097456759
Risk-Aware Regime Switching,6354,-0.2267685313733624
Risk-Aware Regime Switching,6355,-0.3039427078832866
Risk-Aware Regime Switching,6356,-0.16339317917374274
Risk-Aware Regime Switching,6357,-0.1446902010941571
Risk-Aware Regime Switching,6358,-0.1660609566133484
Risk-Aware Regime Switching,6359,-0.16550163752862312
Risk-Aware Regime Switching,6360,-0.26602718531052405
Risk-Aware Regime Switching,6361,-0.5025932179384129
Risk-Aware Regime Switching,6362,-0.10835138355254148
Risk-Aware Regime Switching,6363,-0.09348615867017407
Risk-Aware Regime Switching,6364,-0.21491531759688687
Risk-Aware Regime Switching,6365,-0.355024925032565
Risk-Aware Regime Switching,6366,-0.20174724307747327
Risk-Aware Regime Switching,6367,-0.21499041343854708
Risk-Aware Regime Switching,6368,-0.4439630322536535
Risk-Aware Regime Switching,6369,-0.3222104607146482
Risk-Aware Regime Switching,6370,-0.2491955038120397
Risk-Aware Regime Switching,6371,-0.09916165600808136
Risk-Aware Regime Switching,6372,-0.18263963208384448
Risk-Aware Regime Switching,6373,-0.17762325152846026
Risk-Aware Regime Switching,6374,-0.3607558858124126
Risk-Aware Regime Switching,6375,-0.34842723944782117
Risk-Aware Regime Switching,6376,-0.42214111907739704
Risk-Aware Regime Switching,6377,-0.3760006950916045
Risk-Aware Regime Switching,6378,-0.18668369888316827
Risk-Aware Regime Switching,6379,-0.21902747428051128
Risk-Aware Regime Switching,6380,-0.24055128685353666
Risk-Aware Regime Switching,6381,-0.17970407912054387
Risk-Aware Regime Switching,6382,-0.22224996771533923
Risk-Aware Regime Switching,6383,-0.21884651997713345
Risk-Aware Regime Switching,6384,-0.3369792482675591
Risk-Aware Regime Switching,6385,-0.29481420210792764
Risk-Aware Regime Switching,6386,-0.16381381514602944
Risk-Aware Regime Switching,6387,-0.3506065941635955
Risk-Aware Regime Switching,6388,-0.11225765306070923
Risk-Aware Regime Switching,6389,-0.3739348312124833
Risk-Aware Regime Switching,6390,-0.09607138318458996
Risk-Aware Regime Switching,6391,-0.3426302116846527
Risk-Aware Regime Switching,6392,-0.09799008813786603
Risk-Aware Regime Switching,6393,-0.27371836112486736
Risk-Aware Regime Switching,6394,-0.1784956695899097
Risk-Aware Regime Switching,6395,-0.2191590728574352
Risk-Aware Regime Switching,6396,-0.5625676115234526
Risk-Aware Regime Switching,6397,-0.12820582537532954
Risk-Aware Regime Switching,6398,-0.24963291804115983
Risk-Aware Regime Switching,6399,-0.32838629016531773
Risk-Aware Regime Switching,6400,-0.13283315641365012
Risk-Aware Regime Switching,6401,-0.2451287831786707
Risk-Aware Regime Switching,6402,-0.09331805589800135
Risk-Aware Regime Switching,6403,-0.2494507760076583
Risk-Aware Regime Switching,6404,-0.2712019147186051
Risk-Aware Regime Switching,6405,-0.45500697734928397
Risk-Aware Regime Switching,6406,-0.16176504604403774
Risk-Aware Regime Switching,6407,-0.24010755698164143
Risk-Aware Regime Switching,6408,-0.17370290253343978
Risk-Aware Regime Switching,6409,-0.21845042284683203
Risk-Aware Regime Switching,6410,-0.12575806404533896
Risk-Aware Regime Switching,6411,-0.2832497722536673
Risk-Aware Regime Switching,6412,-0.21058660352331926
Risk-Aware Regime Switching,6413,-0.2195857491429084
Risk-Aware Regime Switching,6414,-0.13521650264467422
Risk-Aware Regime Switching,6415,-0.37859822213092253
Risk-Aware Regime Switching,6416,-0.1401822543950625
Risk-Aware Regime Switching,6417,-0.1353517384298828
Risk-Aware Regime Switching,6418,-0.2659105698513933
Risk-Aware Regime Switching,6419,-0.3130538827547117
Risk-Aware Regime Switching,6420,-0.13641153637055503
Risk-Aware Regime Switching,6421,-0.4325263029705799
Risk-Aware Regime Switching,6422,-0.1902679694064715
Risk-Aware Regime Switching,6423,-0.22075284927939332
Risk-Aware Regime Switching,6424,-0.2097500560732699
Risk-Aware Regime Switching,6425,-0.3399577481984426
Risk-Aware Regime Switching,6426,-0.21344430022236194
Risk-Aware Regime Switching,6427,-0.11613789136583896
Risk-Aware Regime Switching,6428,-0.18801738228593978
Risk-Aware Regime Switching,6429,-0.22663862739811114
Risk-Aware Regime Switching,6430,-0.2925586408477875
Risk-Aware Regime Switching,6431,-0.24370458794570582
Risk-Aware Regime Switching,6432,-0.22475994567566915
Risk-Aware Regime Switching,6433,-0.27013543514884075
Risk-Aware Regime Switching,6434,-0.29754870451295456
Risk-Aware Regime Switching,6435,-0.15068178801929133
Risk-Aware Regime Switching,6436,-0.2138804866208881
Risk-Aware Regime Switching,6437,-0.20206387636001122
Risk-Aware Regime Switching,6438,-0.44749005430707745
Risk-Aware Regime Switching,6439,-0.23490360909751584
Risk-Aware Regime Switching,6440,-0.1689586635398831
Risk-Aware Regime Switching,6441,-0.36464559178292577
Risk-Aware Regime Switching,6442,-0.1742517221443115
Risk-Aware Regime Switching,6443,-0.18214949929854563
Risk-Aware Regime Switching,6444,-0.2912447972461648
Risk-Aware Regime Switching,6445,-0.19299187019107023
Risk-Aware Regime Switching,6446,-0.29876958419274446
Risk-Aware Regime Switching,6447,-0.21051482081312178
Risk-Aware Regime Switching,6448,-0.3643338685346653
Risk-Aware Regime Switching,6449,-0.19371383675645615
Risk-Aware Regime Switching,6450,-0.300356381706809
Risk-Aware Regime Switching,6451,-0.24203686299383198
Risk-Aware Regime Switching,6452,-0.21997216275572273
Risk-Aware Regime Switching,6453,-0.18573256141129846
Risk-Aware Regime Switching,6454,-0.3069908298254186
Risk-Aware Regime Switching,6455,-0.1915373017590618
Risk-Aware Regime Switching,6456,-0.2810705150164843
Risk-Aware Regime Switching,6457,-0.1783682880628643
Risk-Aware Regime Switching,6458,-0.24439442787554866
Risk-Aware Regime Switching,6459,-0.22821600436051925
Risk-Aware Regime Switching,6460,-0.3006111749074467
Risk-Aware Regime Switching,6461,-0.1784681500427101
Risk-Aware Regime Switching,6462,-0.2730791540491413
Risk-Aware Regime Switching,6463,-0.17156957282926522
Risk-Aware Regime Switching,6464,-0.15708901397919794
Risk-Aware Regime Switching,6465,-0.329598982130182
Risk-Aware Regime Switching,6466,-0.1611866178864546
Risk-Aware Regime Switching,6467,-0.1496086725162704
Risk-Aware Regime Switching,6468,-0.3582014601163276
Risk-Aware Regime Switching,6469,-0.2288255821955827
Risk-Aware Regime Switching,6470,-0.21376123230106647
Risk-Aware Regime Switching,6471,-0.14924457007598313
Risk-Aware Regime Switching,6472,-0.13028812217703123
Risk-Aware Regime Switching,6473,-0.30077263259498355
Risk-Aware Regime Switching,6474,-0.285091457417172
Risk-Aware Regime Switching,6475,-0.337369241070686
Risk-Aware Regime Switching,6476,-0.25627880020372973
Risk-Aware Regime Switching,6477,-0.20616275344715485
Risk-Aware Regime Switching,6478,-0.2727081470885603
Risk-Aware Regime Switching,6479,-0.2639781949182225
Risk-Aware Regime Switching,6480,-0.19433303448137296
Risk-Aware Regime Switching,6481,-0.22158125584928823
Risk-Aware Regime Switching,6482,-0.2079301816815402
Risk-Aware Regime Switching,6483,-0.17403171427167818
Risk-Aware Regime Switching,6484,-0.37016430196495265
Risk-Aware Regime Switching,6485,-0.2557543233547577
Risk-Aware Regime Switching,6486,-0.20894481726213643
Risk-Aware Regime Switching,6487,-0.1750356480273909
Risk-Aware Regime Switching,6488,-0.19981477892023736
Risk-Aware Regime Switching,6489,-0.3753349109657905
Risk-Aware Regime Switching,6490,-0.39137665967852864
Risk-Aware Regime Switching,6491,-0.11781669553340401
Risk-Aware Regime Switching,6492,-0.3867894682392784
Risk-Aware Regime Switching,6493,-0.3357893423421935
Risk-Aware Regime Switching,6494,-0.11687462540881177
Risk-Aware Regime Switching,6495,-0.3194646140318934
Risk-Aware Regime Switching,6496,-0.3900702319473758
Risk-Aware Regime Switching,6497,-0.32354998050444994
Risk-Aware Regime Switching,6498,-0.2542664588146124
Risk-Aware Regime Switching,6499,-0.3113813718567171
Risk-Aware Regime Switching,6500,-0.45088594371378354
Risk-Aware Regime Switching,6501,-0.08195084880286752
Risk-Aware Regime Switching,6502,-0.1826156032607773
Risk-Aware Regime Switching,6503,-0.3372401367547694
Risk-Aware Regime Switching,6504,-0.38931950760405876
Risk-Aware Regime Switching,6505,-0.3428142589049109
Risk-Aware Regime Switching,6506,-0.18213966145717553
Risk-Aware Regime Switching,6507,-0.2748361964345388
Risk-Aware Regime Switching,6508,-0.26230695173749086
Risk-Aware Regime Switching,6509,-0.2699682894189779
Risk-Aware Regime Switching,6510,-0.1787974066421737
Risk-Aware Regime Switching,6511,-0.4271941604522873
Risk-Aware Regime Switching,6512,-0.38333122970188116
Risk-Aware Regime Switching,6513,-0.180247296243367
Risk-Aware Regime Switching,6514,-0.19682465687598583
Risk-Aware Regime Switching,6515,-0.23319954690063893
Risk-Aware Regime Switching,6516,-0.20703154448589067
Risk-Aware Regime Switching,6517,-0.13812575837902286
Risk-Aware Regime Switching,6518,-0.2567902885988167
Risk-Aware Regime Switching,6519,-0.13477601264089134
Risk-Aware Regime Switching,6520,-0.40251462350753386
Risk-Aware Regime Switching,6521,-0.18195149788270482
Risk-Aware Regime Switching,6522,-0.1488363354460489
Risk-Aware Regime Switching,6523,-0.2780610825638653
Risk-Aware Regime Switching,6524,-0.5321327476768583
Risk-Aware Regime Switching,6525,-0.39599809692886934
Risk-Aware Regime Switching,6526,-0.41373953826905374
Risk-Aware Regime Switching,6527,-0.33671391023048935
Risk-Aware Regime Switching,6528,-0.186747303469186
Risk-Aware Regime Switching,6529,-0.3288419821088018
Risk-Aware Regime Switching,6530,-0.24419735322037928
Risk-Aware Regime Switching,6531,-0.13687720068228892
Risk-Aware Regime Switching,6532,-0.33469629864339123
Risk-Aware Regime Switching,6533,-0.1762830685226342
Risk-Aware Regime Switching,6534,-0.28043452530672563
Risk-Aware Regime Switching,6535,-0.2107569084411015
Risk-Aware Regime Switching,6536,-0.26757388792336545
Risk-Aware Regime Switching,6537,-0.1994986493027292
Risk-Aware Regime Switching,6538,-0.3185517175080218
Risk-Aware Regime Switching,6539,-0.3475118040701495
Risk-Aware Regime Switching,6540,-0.26613457215547587
Risk-Aware Regime Switching,6541,-0.10754827596608874
Risk-Aware Regime Switching,6542,-0.23070495304549077
Risk-Aware Regime Switching,6543,-0.17516959662178855
Risk-Aware Regime Switching,6544,-0.22944630348091377
Risk-Aware Regime Switching,6545,-0.2943934032269646
Risk-Aware Regime Switching,6546,-0.217194718693282
Risk-Aware Regime Switching,6547,-0.4660205732541529
Risk-Aware Regime Switching,6548,-0.22710063880258602
Risk-Aware Regime Switching,6549,-0.2577209308264814
Risk-Aware Regime Switching,6550,-0.47242970877297075
Risk-Aware Regime Switching,6551,-0.21619524176155291
Risk-Aware Regime Switching,6552,-0.1790200936489882
Risk-Aware Regime Switching,6553,-0.36503363164991975
Risk-Aware Regime Switching,6554,-0.17472777534542283
Risk-Aware Regime Switching,6555,-0.17322667590175878
Risk-Aware Regime Switching,6556,-0.17880566555753352
Risk-Aware Regime Switching,6557,-0.22646069931109225
Risk-Aware Regime Switching,6558,-0.09574968145839202
Risk-Aware Regime Switching,6559,-0.36436580043639044
Risk-Aware Regime Switching,6560,-0.3279230846922856
Risk-Aware Regime Switching,6561,-0.2353956600444218
Risk-Aware Regime Switching,6562,-0.3519477565506579
Risk-Aware Regime Switching,6563,-0.18259998638814756
Risk-Aware Regime Switching,6564,-0.3153686565790863
Risk-Aware Regime Switching,6565,-0.22045746638029784
Risk-Aware Regime Switching,6566,-0.2912736846119014
Risk-Aware Regime Switching,6567,-0.15647957734243578
Risk-Aware Regime Switching,6568,-0.20703034799126196
Risk-Aware Regime Switching,6569,-0.3861279406871164
Risk-Aware Regime Switching,6570,-0.17851808693075377
Risk-Aware Regime Switching,6571,-0.1588275397903659
Risk-Aware Regime Switching,6572,-0.43677106163409973
Risk-Aware Regime Switching,6573,-0.5030175073435332
Risk-Aware Regime Switching,6574,-0.2290088676475851
Risk-Aware Regime Switching,6575,-0.2396004202514811
Risk-Aware Regime Switching,6576,-0.24935592420731778
Risk-Aware Regime Switching,6577,-0.36942916089088484
Risk-Aware Regime Switching,6578,-0.1894319213492377
Risk-Aware Regime Switching,6579,-0.136380985273854
Risk-Aware Regime Switching,6580,-0.23076050327488062
Risk-Aware Regime Switching,6581,-0.19882507473678623
Risk-Aware Regime Switching,6582,-0.11022399518400994
Risk-Aware Regime Switching,6583,-0.2838474427184
Risk-Aware Regime Switching,6584,-0.39296666912129097
Risk-Aware Regime Switching,6585,-0.12231601453549124
Risk-Aware Regime Switching,6586,-0.19980224409551606
Risk-Aware Regime Switching,6587,-0.22197115569596404
Risk-Aware Regime Switching,6588,-0.29606478982346895
Risk-Aware Regime Switching,6589,-0.22240818269481066
Risk-Aware Regime Switching,6590,-0.320204836304672
Risk-Aware Regime Switching,6591,-0.19141750839319915
Risk-Aware Regime Switching,6592,-0.5375332164082122
Risk-Aware Regime Switching,6593,-0.1169697928499086
Risk-Aware Regime Switching,6594,-0.24891247649354775
Risk-Aware Regime Switching,6595,-0.28692013778315806
Risk-Aware Regime Switching,6596,-0.22257338742797184
Risk-Aware Regime Switching,6597,-0.24793275217614252
Risk-Aware Regime Switching,6598,-0.28012289912464305
Risk-Aware Regime Switching,6599,-0.20686317311553404
Risk-Aware Regime Switching,6600,-0.17007766958331216
Risk-Aware Regime Switching,6601,-0.3914631510644052
Risk-Aware Regime Switching,6602,-0.24463979125796576
Risk-Aware Regime Switching,6603,-0.09541257820009263
Risk-Aware Regime Switching,6604,-0.19812343656633924
Risk-Aware Regime Switching,6605,-0.15720442008102542
Risk-Aware Regime Switching,6606,-0.19118480383041014
Risk-Aware Regime Switching,6607,-0.30703382577415084
Risk-Aware Regime Switching,6608,-0.3844562970964316
Risk-Aware Regime Switching,6609,-0.17025791677815683
Risk-Aware Regime Switching,6610,-0.2145273268280522
Risk-Aware Regime Switching,6611,-0.14265753593110075
Risk-Aware Regime Switching,6612,-0.4411310755546536
Risk-Aware Regime Switching,6613,-0.17406095130027444
Risk-Aware Regime Switching,6614,-0.1548772203051877
Risk-Aware Regime Switching,6615,-0.28656337931217235
Risk-Aware Regime Switching,6616,-0.2291392641958978
Risk-Aware Regime Switching,6617,-0.1456743113598401
Risk-Aware Regime Switching,6618,-0.16281512430219114
Risk-Aware Regime Switching,6619,-0.17975794432636405
Risk-Aware Regime Switching,6620,-0.2916135964053931
Risk-Aware Regime Switching,6621,-0.19319870050879084
Risk-Aware Regime Switching,6622,-0.1779281716166088
Risk-Aware Regime Switching,6623,-0.33910315997070484
Risk-Aware Regime Switching,6624,-0.40906873199973093
Risk-Aware Regime Switching,6625,-0.19055241443942994
Risk-Aware Regime Switching,6626,-0.28116574604083144
Risk-Aware Regime Switching,6627,-0.31301112638767525
Risk-Aware Regime Switching,6628,-0.16668968733764755
Risk-Aware Regime Switching,6629,-0.20428036547851558
Risk-Aware Regime Switching,6630,-0.3197448148013513
Risk-Aware Regime Switching,6631,-0.18963809307069834
Risk-Aware Regime Switching,6632,-0.13830644394477531
Risk-Aware Regime Switching,6633,-0.09861455894831028
Risk-Aware Regime Switching,6634,-0.32645316583134065
Risk-Aware Regime Switching,6635,-0.24867895580038313
Risk-Aware Regime Switching,6636,-0.24783589791875493
Risk-Aware Regime Switching,6637,-0.2943794034314565
Risk-Aware Regime Switching,6638,-0.3477211906958453
Risk-Aware Regime Switching,6639,-0.2544830350891105
Risk-Aware Regime Switching,6640,-0.22069142315290202
Risk-Aware Regime Switching,6641,-0.5328857024782341
Risk-Aware Regime Switching,6642,-0.16180617420651122
Risk-Aware Regime Switching,6643,-0.20125286083222682
Risk-Aware Regime Switching,6644,-0.17313331130887244
Risk-Aware Regime Switching,6645,-0.14987885104506216
Risk-Aware Regime Switching,6646,-0.3459654147160759
Risk-Aware Regime Switching,6647,-0.21920563930898684
Risk-Aware Regime Switching,6648,-0.3932305549765064
Risk-Aware Regime Switching,6649,-0.20181631096529917
Risk-Aware Regime Switching,6650,-0.1910017571305337
Risk-Aware Regime Switching,6651,-0.10531032359411718
Risk-Aware Regime Switching,6652,-0.2632039936795826
Risk-Aware Regime Switching,6653,-0.2587445938028142
Risk-Aware Regime Switching,6654,-0.3322966075833249
Risk-Aware Regime Switching,6655,-0.25111347629652003
Risk-Aware Regime Switching,6656,-0.1265012168752584
Risk-Aware Regime Switching,6657,-0.20034463501471278
Risk-Aware Regime Switching,6658,-0.22477717567987976
Risk-Aware Regime Switching,6659,-0.12550436619198246
Risk-Aware Regime Switching,6660,-0.1895616654554394
Risk-Aware Regime Switching,6661,-0.38755672039902866
Risk-Aware Regime Switching,6662,-0.5159287634906162
Risk-Aware Regime Switching,6663,-0.23454353594124266
Risk-Aware Regime Switching,6664,-0.15932187773406203
Risk-Aware Regime Switching,6665,-0.28657894436863085
Risk-Aware Regime Switching,6666,-0.15250322770291036
Risk-Aware Regime Switching,6667,-0.2831657716015802
Risk-Aware Regime Switching,6668,-0.15252426758644033
Risk-Aware Regime Switching,6669,-0.358196787990521
Risk-Aware Regime Switching,6670,-0.39900095440070016
Risk-Aware Regime Switching,6671,-0.1408695998173013
Risk-Aware Regime Switching,6672,-0.12604670073458468
Risk-Aware Regime Switching,6673,-0.2982217082427522
Risk-Aware Regime Switching,6674,-0.12960660579047922
Risk-Aware Regime Switching,6675,-0.2959925066566681
Risk-Aware Regime Switching,6676,-0.16637316225393206
Risk-Aware Regime Switching,6677,-0.22006465570615363
Risk-Aware Regime Switching,6678,-0.1604865120520923
Risk-Aware Regime Switching,6679,-0.11859011608269765
Risk-Aware Regime Switching,6680,-0.2813577714544214
Risk-Aware Regime Switching,6681,-0.23809077418224733
Risk-Aware Regime Switching,6682,-0.2614138487876464
Risk-Aware Regime Switching,6683,-0.23047847381868602
Risk-Aware Regime Switching,6684,-0.32467523353367456
Risk-Aware Regime Switching,6685,-0.1371394342679072
Risk-Aware Regime Switching,6686,-0.34452212604425747
Risk-Aware Regime Switching,6687,-0.3381992564549864
Risk-Aware Regime Switching,6688,-0.23922245226559602
Risk-Aware Regime Switching,6689,-0.34930371145177075
Risk-Aware Regime Switching,6690,-0.24992117747051978
Risk-Aware Regime Switching,6691,-0.23782384133784373
Risk-Aware Regime Switching,6692,-0.12285578272469977
Risk-Aware Regime Switching,6693,-0.24368106130547085
Risk-Aware Regime Switching,6694,-0.26806845871580365
Risk-Aware Regime Switching,6695,-0.2642796141323258
Risk-Aware Regime Switching,6696,-0.13213999842884572
Risk-Aware Regime Switching,6697,-0.3130209314184297
Risk-Aware Regime Switching,6698,-0.3766887339150482
Risk-Aware Regime Switching,6699,-0.38188729850520864
Risk-Aware Regime Switching,6700,-0.41429030190461047
Risk-Aware Regime Switching,6701,-0.11292837657162125
Risk-Aware Regime Switching,6702,-0.27627552888627815
Risk-Aware Regime Switching,6703,-0.3595365834783172
Risk-Aware Regime Switching,6704,-0.15812024759051257
Risk-Aware Regime Switching,6705,-0.22884262921322562
Risk-Aware Regime Switching,6706,-0.2839163809932368
Risk-Aware Regime Switching,6707,-0.14765338460301802
Risk-Aware Regime Switching,6708,-0.21699071342854603
Risk-Aware Regime Switching,6709,-0.41057610429681723
Risk-Aware Regime Switching,6710,-0.23337925521598313
Risk-Aware Regime Switching,6711,-0.23286901201904409
Risk-Aware Regime Switching,6712,-0.3226586276168687
Risk-Aware Regime Switching,6713,-0.2096166940297346
Risk-Aware Regime Switching,6714,-0.13065317219273453
Risk-Aware Regime Switching,6715,-0.20331067078717513
Risk-Aware Regime Switching,6716,-0.28480341086219785
Risk-Aware Regime Switching,6717,-0.16011347198078885
Risk-Aware Regime Switching,6718,-0.25477110554762084
Risk-Aware Regime Switching,6719,-0.2786166113691507
Risk-Aware Regime Switching,6720,-0.13797475887757504
Risk-Aware Regime Switching,6721,-0.203266264875401
Risk-Aware Regime Switching,6722,-0.14285456840976685
Risk-Aware Regime Switching,6723,-0.19450002504579444
Risk-Aware Regime Switching,6724,-0.19434262125493218
Risk-Aware Regime Switching,6725,-0.3365753537596966
Risk-Aware Regime Switching,6726,-0.16073646870734104
Risk-Aware Regime Switching,6727,-0.35661634067364933
Risk-Aware Regime Switching,6728,-0.3621191736796191
Risk-Aware Regime Switching,6729,-0.17145994966498856
Risk-Aware Regime Switching,6730,-0.12802692496595114
Risk-Aware Regime Switching,6731,-0.17945647747092786
Risk-Aware Regime Switching,6732,-0.24988932392358187
Risk-Aware Regime Switching,6733,-0.13027951866321752
Risk-Aware Regime Switching,6734,-0.34086219847416566
Risk-Aware Regime Switching,6735,-0.3024276625910196
Risk-Aware Regime Switching,6736,-0.35127936156238837
Risk-Aware Regime Switching,6737,-0.2526755322979385
Risk-Aware Regime Switching,6738,-0.42770404209983504
Risk-Aware Regime Switching,6739,-0.31339160707498703
Risk-Aware Regime Switching,6740,-0.2261742724588045
Risk-Aware Regime Switching,6741,-0.2978197703434964
Risk-Aware Regime Switching,6742,-0.2259246318550827
Risk-Aware Regime Switching,6743,-0.39922416903739355
Risk-Aware Regime Switching,6744,-0.15135176031618447
Risk-Aware Regime Switching,6745,-0.21139606583450643
Risk-Aware Regime Switching,6746,-0.2870105866417988
Risk-Aware Regime Switching,6747,-0.2329021037143575
Risk-Aware Regime Switching,6748,-0.215916949359378
Risk-Aware Regime Switching,6749,-0.22283981044047707
Risk-Aware Regime Switching,6750,-0.31975614886295867
Risk-Aware Regime Switching,6751,-0.47353949641612547
Risk-Aware Regime Switching,6752,-0.26831046401549763
Risk-Aware Regime Switching,6753,-0.30510277180004963
Risk-Aware Regime Switching,6754,-0.31420991649411767
Risk-Aware Regime Switching,6755,-0.17913189735470425
Risk-Aware Regime Switching,6756,-0.19916256830057333
Risk-Aware Regime Switching,6757,-0.15996037384211426
Risk-Aware Regime Switching,6758,-0.13280864605496723
Risk-Aware Regime Switching,6759,-0.1394326468313628
Risk-Aware Regime Switching,6760,-0.3826130413994693
Risk-Aware Regime Switching,6761,-0.16973557412953832
Risk-Aware Regime Switching,6762,-0.1862042152093617
Risk-Aware Regime Switching,6763,-0.33503778607351964
Risk-Aware Regime Switching,6764,-0.3575351426688542
Risk-Aware Regime Switching,6765,-0.31790814995401506
Risk-Aware Regime Switching,6766,-0.287489189390552
Risk-Aware Regime Switching,6767,-0.2767481643939006
Risk-Aware Regime Switching,6768,-0.17152540671354888
Risk-Aware Regime Switching,6769,-0.34616455560497583
Risk-Aware Regime Switching,6770,-0.41068089157420984
Risk-Aware Regime Switching,6771,-0.22932953045379478
Risk-Aware Regime Switching,6772,-0.32069031728334674
Risk-Aware Regime Switching,6773,-0.3205416724677306
Risk-Aware Regime Switching,6774,-0.15753225746182364
Risk-Aware Regime Switching,6775,-0.2911714719363143
Risk-Aware Regime Switching,6776,-0.2528427947737073
Risk-Aware Regime Switching,6777,-0.22737750206652252
Risk-Aware Regime Switching,6778,-0.2778027095661487
Risk-Aware Regime Switching,6779,-0.21942990571588816
Risk-Aware Regime Switching,6780,-0.21256530561245934
Risk-Aware Regime Switching,6781,-0.11750042677451678
Risk-Aware Regime Switching,6782,-0.2035388969319326
Risk-Aware Regime Switching,6783,-0.25086119483752833
Risk-Aware Regime Switching,6784,-0.3300103804614738
Risk-Aware Regime Switching,6785,-0.1363978015589915
Risk-Aware Regime Switching,6786,-0.09474965670017466
Risk-Aware Regime Switching,6787,-0.18271753162052995
Risk-Aware Regime Switching,6788,-0.37772520325412695
Risk-Aware Regime Switching,6789,-0.18465259855459937
Risk-Aware Regime Switching,6790,-0.14205610264743462
Risk-Aware Regime Switching,6791,-0.2123827279288154
Risk-Aware Regime Switching,6792,-0.26131316321553455
Risk-Aware Regime Switching,6793,-0.2683684712729595
Risk-Aware Regime Switching,6794,-0.24274340989067034
Risk-Aware Regime Switching,6795,-0.27843948924888895
Risk-Aware Regime Switching,6796,-0.20003864431107143
Risk-Aware Regime Switching,6797,-0.1921680503929173
Risk-Aware Regime Switching,6798,-0.26703769812014
Risk-Aware Regime Switching,6799,-0.2558466963380357
Risk-Aware Regime Switching,6800,-0.18995157352563596
Risk-Aware Regime Switching,6801,-0.09728973436343091
Risk-Aware Regime Switching,6802,-0.15954191943327922
Risk-Aware Regime Switching,6803,-0.28141602944285926
Risk-Aware Regime Switching,6804,-0.1650935227838799
Risk-Aware Regime Switching,6805,-0.3129191554423453
Risk-Aware Regime Switching,6806,-0.30169242262132556
Risk-Aware Regime Switching,6807,-0.4120596227297635
Risk-Aware Regime Switching,6808,-0.2891668340007115
Risk-Aware Regime Switching,6809,-0.20115605423743543
Risk-Aware Regime Switching,6810,-0.15267602285112558
Risk-Aware Regime Switching,6811,-0.17710207701084468
Risk-Aware Regime Switching,6812,-0.2371516105703534
Risk-Aware Regime Switching,6813,-0.21085227037013876
Risk-Aware Regime Switching,6814,-0.39371795880677296
Risk-Aware Regime Switching,6815,-0.17973279348553328
Risk-Aware Regime Switching,6816,-0.20105502166702227
Risk-Aware Regime Switching,6817,-0.35562920750116556
Risk-Aware Regime Switching,6818,-0.15165389632404924
Risk-Aware Regime Switching,6819,-0.1153096755997377
Risk-Aware Regime Switching,6820,-0.2019564604504006
Risk-Aware Regime Switching,6821,-0.2530459132020203
Risk-Aware Regime Switching,6822,-0.22992943939183508
Risk-Aware Regime Switching,6823,-0.42535396958168425
Risk-Aware Regime Switching,6824,-0.20101364048939951
Risk-Aware Regime Switching,6825,-0.35125797065817543
Risk-Aware Regime Switching,6826,-0.21723647586441253
Risk-Aware Regime Switching,6827,-0.16990501118885515
Risk-Aware Regime Switching,6828,-0.18190229314629203
Risk-Aware Regime Switching,6829,-0.13915890553395827
Risk-Aware Regime Switching,6830,-0.3815390493245079
Risk-Aware Regime Switching,6831,-0.4160997399636026
Risk-Aware Regime Switching,6832,-0.3552324285416386
Risk-Aware Regime Switching,6833,-0.1385854228013158
Risk-Aware Regime Switching,6834,-0.1344376083992066
Risk-Aware Regime Switching,6835,-0.1896245030257433
Risk-Aware Regime Switching,6836,-0.24853116905235673
Risk-Aware Regime Switching,6837,-0.4389109973800842
Risk-Aware Regime Switching,6838,-0.12741034606277524
Risk-Aware Regime Switching,6839,-0.24700945422597542
Risk-Aware Regime Switching,6840,-0.26639033343776286
Risk-Aware Regime Switching,6841,-0.14685858609374003
Risk-Aware Regime Switching,6842,-0.46261809329297143
Risk-Aware Regime Switching,6843,-0.22636157534402612
Risk-Aware Regime Switching,6844,-0.11563810482757353
Risk-Aware Regime Switching,6845,-0.23168388627091296
Risk-Aware Regime Switching,6846,-0.23680976104026552
Risk-Aware Regime Switching,6847,-0.20676518580820857
Risk-Aware Regime Switching,6848,-0.20918908471548436
Risk-Aware Regime Switching,6849,-0.2870229042651722
Risk-Aware Regime Switching,6850,-0.20150939262296452
Risk-Aware Regime Switching,6851,-0.28866397895690854
Risk-Aware Regime Switching,6852,-0.36645615931126874
Risk-Aware Regime Switching,6853,-0.16033840557860723
Risk-Aware Regime Switching,6854,-0.2888745451888871
Risk-Aware Regime Switching,6855,-0.24193729931829044
Risk-Aware Regime Switching,6856,-0.17816681487199937
Risk-Aware Regime Switching,6857,-0.21991128876522958
Risk-Aware Regime Switching,6858,-0.23601638731200403
Risk-Aware Regime Switching,6859,-0.13147751252825668
Risk-Aware Regime Switching,6860,-0.15817883561338275
Risk-Aware Regime Switching,6861,-0.19587718785439734
Risk-Aware Regime Switching,6862,-0.37195290592325336
Risk-Aware Regime Switching,6863,-0.2528356525331775
Risk-Aware Regime Switching,6864,-0.3952469437786701
Risk-Aware Regime Switching,6865,-0.17475664750170683
Risk-Aware Regime Switching,6866,-0.26183342736391435
Risk-Aware Regime Switching,6867,-0.09266609674198001
Risk-Aware Regime Switching,6868,-0.2994683360030308
Risk-Aware Regime Switching,6869,-0.24138138673765297
Risk-Aware Regime Switching,6870,-0.12672140361817885
Risk-Aware Regime Switching,6871,-0.17391595149477512
Risk-Aware Regime Switching,6872,-0.14960038798390107
Risk-Aware Regime Switching,6873,-0.28381341042561437
Risk-Aware Regime Switching,6874,-0.09870685361812104
Risk-Aware Regime Switching,6875,-0.20267530056168015
Risk-Aware Regime Switching,6876,-0.11592433904299049
Risk-Aware Regime Switching,6877,-0.1407489174765112
Risk-Aware Regime Switching,6878,-0.16612398903731151
Risk-Aware Regime Switching,6879,-0.20526240827725628
Risk-Aware Regime Switching,6880,-0.27593899003334443
Risk-Aware Regime Switching,6881,-0.19780685257878117
Risk-Aware Regime Switching,6882,-0.11070155816080807
Risk-Aware Regime Switching,6883,-0.30470618713829345
Risk-Aware Regime Switching,6884,-0.3209358686390569
Risk-Aware Regime Switching,6885,-0.14475957011072949
Risk-Aware Regime Switching,6886,-0.26656615605228584
Risk-Aware Regime Switching,6887,-0.13706461606729892
Risk-Aware Regime Switching,6888,-0.1371464928261965
Risk-Aware Regime Switching,6889,-0.1554308944645998
Risk-Aware Regime Switching,6890,-0.2190334588460836
Risk-Aware Regime Switching,6891,-0.22592315969679289
Risk-Aware Regime Switching,6892,-0.2164169066905266
Risk-Aware Regime Switching,6893,-0.41071419120004016
Risk-Aware Regime Switching,6894,-0.14702319719715795
Risk-Aware Regime Switching,6895,-0.3710835935379696
Risk-Aware Regime Switching,6896,-0.24859887489813504
Risk-Aware Regime Switching,6897,-0.12716828934133118
Risk-Aware Regime Switching,6898,-0.18171952338903086
Risk-Aware Regime Switching,6899,-0.3032438283520753
Risk-Aware Regime Switching,6900,-0.21440059262758382
Risk-Aware Regime Switching,6901,-0.324755788063401
Risk-Aware Regime Switching,6902,-0.19322316783567206
Risk-Aware Regime Switching,6903,-0.26638898718947
Risk-Aware Regime Switching,6904,-0.11726707827118688
Risk-Aware Regime Switching,6905,-0.4700656546745754
Risk-Aware Regime Switching,6906,-0.10047204223284911
Risk-Aware Regime Switching,6907,-0.1328474280687698
Risk-Aware Regime Switching,6908,-0.30686031838227334
Risk-Aware Regime Switching,6909,-0.24425688483998742
Risk-Aware Regime Switching,6910,-0.14609040177111898
Risk-Aware Regime Switching,6911,-0.12762888616353207
Risk-Aware Regime Switching,6912,-0.5452908154874551
Risk-Aware Regime Switching,6913,-0.190113277917355
Risk-Aware Regime Switching,6914,-0.24266892712193433
Risk-Aware Regime Switching,6915,-0.20986488692432304
Risk-Aware Regime Switching,6916,-0.24882100080439018
Risk-Aware Regime Switching,6917,-0.10351746707513043
Risk-Aware Regime Switching,6918,-0.3484539540956093
Risk-Aware Regime Switching,6919,-0.17302913598958536
Risk-Aware Regime Switching,6920,-0.3205051004989946
Risk-Aware Regime Switching,6921,-0.09359438255871977
Risk-Aware Regime Switching,6922,-0.40479190572706925
Risk-Aware Regime Switching,6923,-0.1220655304283661
Risk-Aware Regime Switching,6924,-0.14724896972589196
Risk-Aware Regime Switching,6925,-0.14199496383243904
Risk-Aware Regime Switching,6926,-0.15260467383147147
Risk-Aware Regime Switching,6927,-0.2827253350283294
Risk-Aware Regime Switching,6928,-0.39297092129516253
Risk-Aware Regime Switching,6929,-0.3521543177845887
Risk-Aware Regime Switching,6930,-0.3460740251677745
Risk-Aware Regime Switching,6931,-0.16640176802934126
Risk-Aware Regime Switching,6932,-0.22270258877066895
Risk-Aware Regime Switching,6933,-0.17401852892066616
Risk-Aware Regime Switching,6934,-0.3169011793231651
Risk-Aware Regime Switching,6935,-0.1151945879631423
Risk-Aware Regime Switching,6936,-0.1900754849941606
Risk-Aware Regime Switching,6937,-0.17220457851289994
Risk-Aware Regime Switching,6938,-0.3666871300517561
Risk-Aware Regime Switching,6939,-0.4146235249026202
Risk-Aware Regime Switching,6940,-0.24644984963177985
Risk-Aware Regime Switching,6941,-0.4161995426726941
Risk-Aware Regime Switching,6942,-0.1978921720484519
Risk-Aware Regime Switching,6943,-0.37542579647042795
Risk-Aware Regime Switching,6944,-0.38305188584462124
Risk-Aware Regime Switching,6945,-0.17466520529630014
Risk-Aware Regime Switching,6946,-0.1449136752402863
Risk-Aware Regime Switching,6947,-0.15074096696169814
Risk-Aware Regime Switching,6948,-0.2657066589647932
Risk-Aware Regime Switching,6949,-0.2752526221284166
Risk-Aware Regime Switching,6950,-0.28768725558460073
Risk-Aware Regime Switching,6951,-0.10720331149110729
Risk-Aware Regime Switching,6952,-0.37631753429844217
Risk-Aware Regime Switching,6953,-0.3998142530617337
Risk-Aware Regime Switching,6954,-0.13037245660849994
Risk-Aware Regime Switching,6955,-0.1767868053442756
Risk-Aware Regime Switching,6956,-0.17123232550801692
Risk-Aware Regime Switching,6957,-0.16897392509093645
Risk-Aware Regime Switching,6958,-0.3899888789093907
Risk-Aware Regime Switching,6959,-0.3139148807744122
Risk-Aware Regime Switching,6960,-0.19699931492565015
Risk-Aware Regime Switching,6961,-0.2324483063542332
Risk-Aware Regime Switching,6962,-0.180597552530956
Risk-Aware Regime Switching,6963,-0.18974981877586006
Risk-Aware Regime Switching,6964,-0.34184412450723944
Risk-Aware Regime Switching,6965,-0.38128941864338173
Risk-Aware Regime Switching,6966,-0.27920690395856107
Risk-Aware Regime Switching,6967,-0.224481421846227
Risk-Aware Regime Switching,6968,-0.37278447618798316
Risk-Aware Regime Switching,6969,-0.24151783462949716
Risk-Aware Regime Switching,6970,-0.2087232185547655
Risk-Aware Regime Switching,6971,-0.12873275790525274
Risk-Aware Regime Switching,6972,-0.1924707970621824
Risk-Aware Regime Switching,6973,-0.3526019094293825
Risk-Aware Regime Switching,6974,-0.16946424822735284
Risk-Aware Regime Switching,6975,-0.25378233939607187
Risk-Aware Regime Switching,6976,-0.26232328998353227
Risk-Aware Regime Switching,6977,-0.13387746286951385
Risk-Aware Regime Switching,6978,-0.20970112488649773
Risk-Aware Regime Switching,6979,-0.2648446568824706
Risk-Aware Regime Switching,6980,-0.29129184482940973
Risk-Aware Regime Switching,6981,-0.2167414322079262
Risk-Aware Regime Switching,6982,-0.2972275813898292
Risk-Aware Regime Switching,6983,-0.20568161616829028
Risk-Aware Regime Switching,6984,-0.10761699693624549
Risk-Aware Regime Switching,6985,-0.1252663238186249
Risk-Aware Regime Switching,6986,-0.3314170701389344
Risk-Aware Regime Switching,6987,-0.16811816356552134
Risk-Aware Regime Switching,6988,-0.30514202728799356
Risk-Aware Regime Switching,6989,-0.15982196460462927
Risk-Aware Regime Switching,6990,-0.3118779537230113
Risk-Aware Regime Switching,6991,-0.17340804694895717
Risk-Aware Regime Switching,6992,-0.33668862783689146
Risk-Aware Regime Switching,6993,-0.2530766273546836
Risk-Aware Regime Switching,6994,-0.205621875824204
Risk-Aware Regime Switching,6995,-0.29683456641698447
Risk-Aware Regime Switching,6996,-0.23738706646853902
Risk-Aware Regime Switching,6997,-0.16172413219185078
Risk-Aware Regime Switching,6998,-0.17518149071267097
Risk-Aware Regime Switching,6999,-0.2083798022045792
Risk-Aware Regime Switching,7000,-0.36583627550283304
Risk-Aware Regime Switching,7001,-0.2265231006711399
Risk-Aware Regime Switching,7002,-0.31583729184412035
Risk-Aware Regime Switching,7003,-0.16485596302447503
Risk-Aware Regime Switching,7004,-0.24670865411441878
Risk-Aware Regime Switching,7005,-0.21350846059795203
Risk-Aware Regime Switching,7006,-0.30408711357829765
Risk-Aware Regime Switching,7007,-0.29794121683987373
Risk-Aware Regime Switching,7008,-0.2812532867497901
Risk-Aware Regime Switching,7009,-0.24396146149753928
Risk-Aware Regime Switching,7010,-0.38524548511557855
Risk-Aware Regime Switching,7011,-0.205779877109046
Risk-Aware Regime Switching,7012,-0.14707974755503594
Risk-Aware Regime Switching,7013,-0.35325862447907963
Risk-Aware Regime Switching,7014,-0.21721094266256347
Risk-Aware Regime Switching,7015,-0.20510448246073798
Risk-Aware Regime Switching,7016,-0.2562594026246072
Risk-Aware Regime Switching,7017,-0.21533993933446471
Risk-Aware Regime Switching,7018,-0.1479268766855656
Risk-Aware Regime Switching,7019,-0.3148623577674945
Risk-Aware Regime Switching,7020,-0.1822806714039359
Risk-Aware Regime Switching,7021,-0.2422389944069745
Risk-Aware Regime Switching,7022,-0.1790608348874939
Risk-Aware Regime Switching,7023,-0.37083389338783834
Risk-Aware Regime Switching,7024,-0.18650671214194603
Risk-Aware Regime Switching,7025,-0.29174521758578487
Risk-Aware Regime Switching,7026,-0.39751766953123135
Risk-Aware Regime Switching,7027,-0.1853206104593781
Risk-Aware Regime Switching,7028,-0.17234577735957035
Risk-Aware Regime Switching,7029,-0.2268260182320061
Risk-Aware Regime Switching,7030,-0.19529646480907747
Risk-Aware Regime Switching,7031,-0.27727487747683255
Risk-Aware Regime Switching,7032,-0.3686403795844153
Risk-Aware Regime Switching,7033,-0.31028289794797037
Risk-Aware Regime Switching,7034,-0.14410049339664832
Risk-Aware Regime Switching,7035,-0.3159756353964197
Risk-Aware Regime Switching,7036,-0.16661303184078324
Risk-Aware Regime Switching,7037,-0.23384763993066293
Risk-Aware Regime Switching,7038,-0.32862715456930525
Risk-Aware Regime Switching,7039,-0.4944098557037284
Risk-Aware Regime Switching,7040,-0.15789848475607549
Risk-Aware Regime Switching,7041,-0.3941167496015293
Risk-Aware Regime Switching,7042,-0.25950738461476275
Risk-Aware Regime Switching,7043,-0.16823132394822415
Risk-Aware Regime Switching,7044,-0.3588270186756297
Risk-Aware Regime Switching,7045,-0.09308839042836314
Risk-Aware Regime Switching,7046,-0.2248117041465889
Risk-Aware Regime Switching,7047,-0.1973126618654676
Risk-Aware Regime Switching,7048,-0.24779360858839228
Risk-Aware Regime Switching,7049,-0.1389376532962887
Risk-Aware Regime Switching,7050,-0.3252001282706689
Risk-Aware Regime Switching,7051,-0.374668386885211
Risk-Aware Regime Switching,7052,-0.2753075002586306
Risk-Aware Regime Switching,7053,-0.2193873796571404
Risk-Aware Regime Switching,7054,-0.16352419682711927
Risk-Aware Regime Switching,7055,-0.15871756713115526
Risk-Aware Regime Switching,7056,-0.20292132168612864
Risk-Aware Regime Switching,7057,-0.14707424337049302
Risk-Aware Regime Switching,7058,-0.18613357742254533
Risk-Aware Regime Switching,7059,-0.2596684911818379
Risk-Aware Regime Switching,7060,-0.20232978596196804
Risk-Aware Regime Switching,7061,-0.370859680030067
Risk-Aware Regime Switching,7062,-0.16452808656103812
Risk-Aware Regime Switching,7063,-0.27612648357279423
Risk-Aware Regime Switching,7064,-0.20426937648293797
Risk-Aware Regime Switching,7065,-0.2544263025076282
Risk-Aware Regime Switching,7066,-0.17314359362085874
Risk-Aware Regime Switching,7067,-0.205451679265513
Risk-Aware Regime Switching,7068,-0.20765303560234416
Risk-Aware Regime Switching,7069,-0.549418927815307
Risk-Aware Regime Switching,7070,-0.24298036190512307
Risk-Aware Regime Switching,7071,-0.21072315058646074
Risk-Aware Regime Switching,7072,-0.2045712167993572
Risk-Aware Regime Switching,7073,-0.39801289358199465
Risk-Aware Regime Switching,7074,-0.1940632675736622
Risk-Aware Regime Switching,7075,-0.16660897183333057
Risk-Aware Regime Switching,7076,-0.4153887900455885
Risk-Aware Regime Switching,7077,-0.18708409283418503
Risk-Aware Regime Switching,7078,-0.2447630887815091
Risk-Aware Regime Switching,7079,-0.2038598120775249
Risk-Aware Regime Switching,7080,-0.18437710697648402
Risk-Aware Regime Switching,7081,-0.09189531799345552
Risk-Aware Regime Switching,7082,-0.21939271152328588
Risk-Aware Regime Switching,7083,-0.2386210822764232
Risk-Aware Regime Switching,7084,-0.17054594244875898
Risk-Aware Regime Switching,7085,-0.23655686213979432
Risk-Aware Regime Switching,7086,-0.26868146932426273
Risk-Aware Regime Switching,7087,-0.2025547100427889
Risk-Aware Regime Switching,7088,-0.310109231614656
Risk-Aware Regime Switching,7089,-0.3420386098605084
Risk-Aware Regime Switching,7090,-0.27528872304160423
Risk-Aware Regime Switching,7091,-0.140791141321556
Risk-Aware Regime Switching,7092,-0.298700018239449
Risk-Aware Regime Switching,7093,-0.13107077671864364
Risk-Aware Regime Switching,7094,-0.17911682778715932
Risk-Aware Regime Switching,7095,-0.47476671410547266
Risk-Aware Regime Switching,7096,-0.14991916675368533
Risk-Aware Regime Switching,7097,-0.14517140797846417
Risk-Aware Regime Switching,7098,-0.2702586030520122
Risk-Aware Regime Switching,7099,-0.3564703380980988
Risk-Aware Regime Switching,7100,-0.35621152703399994
Risk-Aware Regime Switching,7101,-0.121539341722121
Risk-Aware Regime Switching,7102,-0.2214198617312324
Risk-Aware Regime Switching,7103,-0.20756253915847034
Risk-Aware Regime Switching,7104,-0.10473435949823251
Risk-Aware Regime Switching,7105,-0.12135923368300872
Risk-Aware Regime Switching,7106,-0.3576228630323022
Risk-Aware Regime Switching,7107,-0.28877288301453297
Risk-Aware Regime Switching,7108,-0.4862133930191256
Risk-Aware Regime Switching,7109,-0.3428281881854972
Risk-Aware Regime Switching,7110,-0.29844762129459
Risk-Aware Regime Switching,7111,-0.22931496422877318
Risk-Aware Regime Switching,7112,-0.32722581674053186
Risk-Aware Regime Switching,7113,-0.15619285571217756
Risk-Aware Regime Switching,7114,-0.25721636346563603
Risk-Aware Regime Switching,7115,-0.38848672936508866
Risk-Aware Regime Switching,7116,-0.1323978745546771
Risk-Aware Regime Switching,7117,-0.2816238230535285
Risk-Aware Regime Switching,7118,-0.3968677039783247
Risk-Aware Regime Switching,7119,-0.27434756607194943
Risk-Aware Regime Switching,7120,-0.22103722330351827
Risk-Aware Regime Switching,7121,-0.2007205361233776
Risk-Aware Regime Switching,7122,-0.2087439299050663
Risk-Aware Regime Switching,7123,-0.39763963051088436
Risk-Aware Regime Switching,7124,-0.20042137257874193
Risk-Aware Regime Switching,7125,-0.2947680104435413
Risk-Aware Regime Switching,7126,-0.2244490328845552
Risk-Aware Regime Switching,7127,-0.21442228846211242
Risk-Aware Regime Switching,7128,-0.4652904532441152
Risk-Aware Regime Switching,7129,-0.16236055388832127
Risk-Aware Regime Switching,7130,-0.27781625388077447
Risk-Aware Regime Switching,7131,-0.17236914828984162
Risk-Aware Regime Switching,7132,-0.2113246981875444
Risk-Aware Regime Switching,7133,-0.20232349050251186
Risk-Aware Regime Switching,7134,-0.1561925075943259
Risk-Aware Regime Switching,7135,-0.1711678199260127
Risk-Aware Regime Switching,7136,-0.20769478938156416
Risk-Aware Regime Switching,7137,-0.29331966562826195
Risk-Aware Regime Switching,7138,-0.3283364745478303
Risk-Aware Regime Switching,7139,-0.12359703326601901
Risk-Aware Regime Switching,7140,-0.29407912098812594
Risk-Aware Regime Switching,7141,-0.301100736258039
Risk-Aware Regime Switching,7142,-0.3569604119982662
Risk-Aware Regime Switching,7143,-0.3093688019267159
Risk-Aware Regime Switching,7144,-0.19419852427512185
Risk-Aware Regime Switching,7145,-0.3072360712061488
Risk-Aware Regime Switching,7146,-0.15109466828732532
Risk-Aware Regime Switching,7147,-0.3805468448722562
Risk-Aware Regime Switching,7148,-0.14805744396538367
Risk-Aware Regime Switching,7149,-0.20928318020873293
Risk-Aware Regime Switching,7150,-0.3804374670074995
Risk-Aware Regime Switching,7151,-0.46951277763432164
Risk-Aware Regime Switching,7152,-0.20706440737587706
Risk-Aware Regime Switching,7153,-0.24950010926783794
Risk-Aware Regime Switching,7154,-0.2245526456687087
Risk-Aware Regime Switching,7155,-0.4473538071139833
Risk-Aware Regime Switching,7156,-0.3614802160922954
Risk-Aware Regime Switching,7157,-0.24393324657741633
Risk-Aware Regime Switching,7158,-0.14404404854440367
Risk-Aware Regime Switching,7159,-0.1480027457253026
Risk-Aware Regime Switching,7160,-0.20900462067936187
Risk-Aware Regime Switching,7161,-0.38935352700685777
Risk-Aware Regime Switching,7162,-0.34571721334233496
Risk-Aware Regime Switching,7163,-0.26891448802361284
Risk-Aware Regime Switching,7164,-0.17658033604278522
Risk-Aware Regime Switching,7165,-0.2002503423417601
Risk-Aware Regime Switching,7166,-0.18690404662844895
Risk-Aware Regime Switching,7167,-0.17292135400226272
Risk-Aware Regime Switching,7168,-0.12025111112654341
Risk-Aware Regime Switching,7169,-0.11472731902820477
Risk-Aware Regime Switching,7170,-0.21274944870924317
Risk-Aware Regime Switching,7171,-0.20264425022254784
Risk-Aware Regime Switching,7172,-0.35842935917316066
Risk-Aware Regime Switching,7173,-0.19214648243481292
Risk-Aware Regime Switching,7174,-0.26090960119541995
Risk-Aware Regime Switching,7175,-0.3945771791581687
Risk-Aware Regime Switching,7176,-0.1192881128294333
Risk-Aware Regime Switching,7177,-0.32506014796918414
Risk-Aware Regime Switching,7178,-0.2738130048871542
Risk-Aware Regime Switching,7179,-0.21166087493505614
Risk-Aware Regime Switching,7180,-0.4413598803599673
Risk-Aware Regime Switching,7181,-0.1457777328480775
Risk-Aware Regime Switching,7182,-0.24525564162038183
Risk-Aware Regime Switching,7183,-0.24158567877359016
Risk-Aware Regime Switching,7184,-0.13220032465147358
Risk-Aware Regime Switching,7185,-0.14997296080132094
Risk-Aware Regime Switching,7186,-0.3817474834963336
Risk-Aware Regime Switching,7187,-0.4641009293768098
Risk-Aware Regime Switching,7188,-0.3396009140378483
Risk-Aware Regime Switching,7189,-0.340285625971949
Risk-Aware Regime Switching,7190,-0.17297727659056117
Risk-Aware Regime Switching,7191,-0.17304716109002383
Risk-Aware Regime Switching,7192,-0.1813890684551993
Risk-Aware Regime Switching,7193,-0.17432873201002475
Risk-Aware Regime Switching,7194,-0.17454446035623628
Risk-Aware Regime Switching,7195,-0.2842135270099315
Risk-Aware Regime Switching,7196,-0.1777939053418507
Risk-Aware Regime Switching,7197,-0.1451811431175064
Risk-Aware Regime Switching,7198,-0.1819325081555453
Risk-Aware Regime Switching,7199,-0.4120687416122296
Risk-Aware Regime Switching,7200,-0.21499128739411655
Risk-Aware Regime Switching,7201,-0.1651183822809491
Risk-Aware Regime Switching,7202,-0.24422540557398498
Risk-Aware Regime Switching,7203,-0.18329855879015278
Risk-Aware Regime Switching,7204,-0.1824277202626987
Risk-Aware Regime Switching,7205,-0.17497020460247692
Risk-Aware Regime Switching,7206,-0.2497614136989278
Risk-Aware Regime Switching,7207,-0.237875254354031
Risk-Aware Regime Switching,7208,-0.27387355290553217
Risk-Aware Regime Switching,7209,-0.20428748805695585
Risk-Aware Regime Switching,7210,-0.41141028387565337
Risk-Aware Regime Switching,7211,-0.12573516827897002
Risk-Aware Regime Switching,7212,-0.3367679435932841
Risk-Aware Regime Switching,7213,-0.23912801220162816
Risk-Aware Regime Switching,7214,-0.13610979509198018
Risk-Aware Regime Switching,7215,-0.16897105639997256
Risk-Aware Regime Switching,7216,-0.22923571005168697
Risk-Aware Regime Switching,7217,-0.22354076052317506
Risk-Aware Regime Switching,7218,-0.18369608712943097
Risk-Aware Regime Switching,7219,-0.4124469785023115
Risk-Aware Regime Switching,7220,-0.20262699201451495
Risk-Aware Regime Switching,7221,-0.2961088452235363
Risk-Aware Regime Switching,7222,-0.39480886911556
Risk-Aware Regime Switching,7223,-0.47928200898915685
Risk-Aware Regime Switching,7224,-0.2660682815819513
Risk-Aware Regime Switching,7225,-0.1955761845825268
Risk-Aware Regime Switching,7226,-0.16033407858746884
Risk-Aware Regime Switching,7227,-0.1674975864310323
Risk-Aware Regime Switching,7228,-0.34235232865385534
Risk-Aware Regime Switching,7229,-0.13748126572550046
Risk-Aware Regime Switching,7230,-0.12255799761389852
Risk-Aware Regime Switching,7231,-0.2497487816284707
Risk-Aware Regime Switching,7232,-0.3454524587687485
Risk-Aware Regime Switching,7233,-0.17246513945109998
Risk-Aware Regime Switching,7234,-0.17259328178151012
Risk-Aware Regime Switching,7235,-0.18448406159131803
Risk-Aware Regime Switching,7236,-0.15547813731937832
Risk-Aware Regime Switching,7237,-0.24654467467673902
Risk-Aware Regime Switching,7238,-0.19750538479826374
Risk-Aware Regime Switching,7239,-0.27196680379366456
Risk-Aware Regime Switching,7240,-0.4022115773649251
Risk-Aware Regime Switching,7241,-0.2759734375774091
Risk-Aware Regime Switching,7242,-0.2524972364073248
Risk-Aware Regime Switching,7243,-0.33735815847829087
Risk-Aware Regime Switching,7244,-0.2677121951463276
Risk-Aware Regime Switching,7245,-0.1676071943051558
Risk-Aware Regime Switching,7246,-0.3387654759067724
Risk-Aware Regime Switching,7247,-0.19604760230994112
Risk-Aware Regime Switching,7248,-0.24632155279934542
Risk-Aware Regime Switching,7249,-0.11980586175614005
Risk-Aware Regime Switching,7250,-0.2461231326599641
Risk-Aware Regime Switching,7251,-0.2620614063567982
Risk-Aware Regime Switching,7252,-0.24386401599729057
Risk-Aware Regime Switching,7253,-0.2580122139851677
Risk-Aware Regime Switching,7254,-0.18735227860902692
Risk-Aware Regime Switching,7255,-0.3982129374648319
Risk-Aware Regime Switching,7256,-0.16067198850258035
Risk-Aware Regime Switching,7257,-0.2328679242822269
Risk-Aware Regime Switching,7258,-0.11446729209562334
Risk-Aware Regime Switching,7259,-0.2653272178856503
Risk-Aware Regime Switching,7260,-0.1613173248921278
Risk-Aware Regime Switching,7261,-0.6210806174169172
Risk-Aware Regime Switching,7262,-0.24788717793751736
Risk-Aware Regime Switching,7263,-0.14302097652256907
Risk-Aware Regime Switching,7264,-0.2669955765773808
Risk-Aware Regime Switching,7265,-0.2984671591878266
Risk-Aware Regime Switching,7266,-0.2652805932936443
Risk-Aware Regime Switching,7267,-0.18876748186127845
Risk-Aware Regime Switching,7268,-0.20166344270310288
Risk-Aware Regime Switching,7269,-0.39261777619645954
Risk-Aware Regime Switching,7270,-0.21666218913569812
Risk-Aware Regime Switching,7271,-0.33774686712267277
Risk-Aware Regime Switching,7272,-0.37266806998395574
Risk-Aware Regime Switching,7273,-0.14019848628517084
Risk-Aware Regime Switching,7274,-0.17375995149592938
Risk-Aware Regime Switching,7275,-0.1581948409621784
Risk-Aware Regime Switching,7276,-0.1733569792024242
Risk-Aware Regime Switching,7277,-0.2623424949193369
Risk-Aware Regime Switching,7278,-0.2861219591139469
Risk-Aware Regime Switching,7279,-0.12194540018944655
Risk-Aware Regime Switching,7280,-0.3325265688321296
Risk-Aware Regime Switching,7281,-0.4572835904656761
Risk-Aware Regime Switching,7282,-0.4516337505944118
Risk-Aware Regime Switching,7283,-0.29832591739835057
Risk-Aware Regime Switching,7284,-0.358482762715575
Risk-Aware Regime Switching,7285,-0.28556595207088675
Risk-Aware Regime Switching,7286,-0.33450051219130117
Risk-Aware Regime Switching,7287,-0.14372475812869434
Risk-Aware Regime Switching,7288,-0.2507310334621121
Risk-Aware Regime Switching,7289,-0.14981792021693452
Risk-Aware Regime Switching,7290,-0.14979500490754427
Risk-Aware Regime Switching,7291,-0.11396642121611034
Risk-Aware Regime Switching,7292,-0.22580484070771356
Risk-Aware Regime Switching,7293,-0.11902390464741108
Risk-Aware Regime Switching,7294,-0.2955168703351454
Risk-Aware Regime Switching,7295,-0.13825053727352044
Risk-Aware Regime Switching,7296,-0.33749182253635857
Risk-Aware Regime Switching,7297,-0.23107018893992137
Risk-Aware Regime Switching,7298,-0.24710761883306698
Risk-Aware Regime Switching,7299,-0.3364917671348826
Risk-Aware Regime Switching,7300,-0.2729250029504162
Risk-Aware Regime Switching,7301,-0.3781790773965019
Risk-Aware Regime Switching,7302,-0.21411194292315894
Risk-Aware Regime Switching,7303,-0.2546044212833559
Risk-Aware Regime Switching,7304,-0.08923223496111787
Risk-Aware Regime Switching,7305,-0.27092728061423865
Risk-Aware Regime Switching,7306,-0.31829146861286284
Risk-Aware Regime Switching,7307,-0.1322360520296192
Risk-Aware Regime Switching,7308,-0.3120098442178345
Risk-Aware Regime Switching,7309,-0.15361407745555278
Risk-Aware Regime Switching,7310,-0.1397634460802617
Risk-Aware Regime Switching,7311,-0.2501308646355753
Risk-Aware Regime Switching,7312,-0.11812429345224051
Risk-Aware Regime Switching,7313,-0.2795262415758498
Risk-Aware Regime Switching,7314,-0.2547287283681886
Risk-Aware Regime Switching,7315,-0.45969481485172925
Risk-Aware Regime Switching,7316,-0.16849348115002893
Risk-Aware Regime Switching,7317,-0.22395966899607234
Risk-Aware Regime Switching,7318,-0.20651858205307516
Risk-Aware Regime Switching,7319,-0.26699632607297086
Risk-Aware Regime Switching,7320,-0.354089744732493
Risk-Aware Regime Switching,7321,-0.49003004690191976
Risk-Aware Regime Switching,7322,-0.15566894077465232
Risk-Aware Regime Switching,7323,-0.32895625626229286
Risk-Aware Regime Switching,7324,-0.16166963402080092
Risk-Aware Regime Switching,7325,-0.15850092388566062
Risk-Aware Regime Switching,7326,-0.32310423309875813
Risk-Aware Regime Switching,7327,-0.40462147516853464
Risk-Aware Regime Switching,7328,-0.27836113092655945
Risk-Aware Regime Switching,7329,-0.26725465585671204
Risk-Aware Regime Switching,7330,-0.12833447844819101
Risk-Aware Regime Switching,7331,-0.21935739655792297
Risk-Aware Regime Switching,7332,-0.06097562128930267
Risk-Aware Regime Switching,7333,-0.19753750805909032
Risk-Aware Regime Switching,7334,-0.2583885160887678
Risk-Aware Regime Switching,7335,-0.22557628075810165
Risk-Aware Regime Switching,7336,-0.24259979189471437
Risk-Aware Regime Switching,7337,-0.16208727238546283
Risk-Aware Regime Switching,7338,-0.14264480554558723
Risk-Aware Regime Switching,7339,-0.27108376361666164
Risk-Aware Regime Switching,7340,-0.35070861996390434
Risk-Aware Regime Switching,7341,-0.23085167692756714
Risk-Aware Regime Switching,7342,-0.17856609184288053
Risk-Aware Regime Switching,7343,-0.2031098996747297
Risk-Aware Regime Switching,7344,-0.37814151369655413
Risk-Aware Regime Switching,7345,-0.13455383474081206
Risk-Aware Regime Switching,7346,-0.30955664359825097
Risk-Aware Regime Switching,7347,-0.271094816824332
Risk-Aware Regime Switching,7348,-0.2565429416488081
Risk-Aware Regime Switching,7349,-0.2623404364531706
Risk-Aware Regime Switching,7350,-0.17186386509384521
Risk-Aware Regime Switching,7351,-0.1533712247718666
Risk-Aware Regime Switching,7352,-0.21010548941076146
Risk-Aware Regime Switching,7353,-0.2363658954231933
Risk-Aware Regime Switching,7354,-0.1755308787055211
Risk-Aware Regime Switching,7355,-0.22452313171654914
Risk-Aware Regime Switching,7356,-0.44274116247008544
Risk-Aware Regime Switching,7357,-0.4590503335976639
Risk-Aware Regime Switching,7358,-0.36345347723114074
Risk-Aware Regime Switching,7359,-0.16801622295390994
Risk-Aware Regime Switching,7360,-0.27769048751470593
Risk-Aware Regime Switching,7361,-0.1604505118962093
Risk-Aware Regime Switching,7362,-0.31630079466452665
Risk-Aware Regime Switching,7363,-0.24471379865314302
Risk-Aware Regime Switching,7364,-0.349174810409855
Risk-Aware Regime Switching,7365,-0.27344243129541446
Risk-Aware Regime Switching,7366,-0.2515820118476956
Risk-Aware Regime Switching,7367,-0.2654900378336751
Risk-Aware Regime Switching,7368,-0.38380223091479193
Risk-Aware Regime Switching,7369,-0.2161506107715826
Risk-Aware Regime Switching,7370,-0.4595465872240633
Risk-Aware Regime Switching,7371,-0.1009742602314192
Risk-Aware Regime Switching,7372,-0.3112188562138126
Risk-Aware Regime Switching,7373,-0.3737138075745202
Risk-Aware Regime Switching,7374,-0.20190544371075148
Risk-Aware Regime Switching,7375,-0.38463843671813436
Risk-Aware Regime Switching,7376,-0.17405103106697772
Risk-Aware Regime Switching,7377,-0.32874972350360043
Risk-Aware Regime Switching,7378,-0.4450270221702841
Risk-Aware Regime Switching,7379,-0.2701143803393614
Risk-Aware Regime Switching,7380,-0.20850383083941593
Risk-Aware Regime Switching,7381,-0.17417028374271293
Risk-Aware Regime Switching,7382,-0.23076128427781883
Risk-Aware Regime Switching,7383,-0.20024600118462055
Risk-Aware Regime Switching,7384,-0.1505550803706316
Risk-Aware Regime Switching,7385,-0.2284514525586283
Risk-Aware Regime Switching,7386,-0.13864429822099533
Risk-Aware Regime Switching,7387,-0.2501811886806363
Risk-Aware Regime Switching,7388,-0.15076627791892605
Risk-Aware Regime Switching,7389,-0.23052229133115398
Risk-Aware Regime Switching,7390,-0.40211172332305434
Risk-Aware Regime Switching,7391,-0.13617583596734717
Risk-Aware Regime Switching,7392,-0.11137558500180489
Risk-Aware Regime Switching,7393,-0.3437818438864777
Risk-Aware Regime Switching,7394,-0.24705617706553495
Risk-Aware Regime Switching,7395,-0.20356469584430803
Risk-Aware Regime Switching,7396,-0.11099402583249252
Risk-Aware Regime Switching,7397,-0.36086676626647085
Risk-Aware Regime Switching,7398,-0.18965779186497012
Risk-Aware Regime Switching,7399,-0.22072685168979278
Risk-Aware Regime Switching,7400,-0.17360205018210828
Risk-Aware Regime Switching,7401,-0.17749746190261084
Risk-Aware Regime Switching,7402,-0.3400427578029023
Risk-Aware Regime Switching,7403,-0.1035249457426567
Risk-Aware Regime Switching,7404,-0.2352550242988496
Risk-Aware Regime Switching,7405,-0.3026127780505289
Risk-Aware Regime Switching,7406,-0.23808653674723634
Risk-Aware Regime Switching,7407,-0.17014147916396705
Risk-Aware Regime Switching,7408,-0.19422716515802296
Risk-Aware Regime Switching,7409,-0.17498607972737168
Risk-Aware Regime Switching,7410,-0.2555723896852985
Risk-Aware Regime Switching,7411,-0.37645015590939856
Risk-Aware Regime Switching,7412,-0.25506087147989365
Risk-Aware Regime Switching,7413,-0.2808366717047879
Risk-Aware Regime Switching,7414,-0.26684473627614724
Risk-Aware Regime Switching,7415,-0.4233303891291963
Risk-Aware Regime Switching,7416,-0.42261070423791636
Risk-Aware Regime Switching,7417,-0.3749094489846325
Risk-Aware Regime Switching,7418,-0.3221360808574344
Risk-Aware Regime Switching,7419,-0.2329499861029919
Risk-Aware Regime Switching,7420,-0.33679925330774996
Risk-Aware Regime Switching,7421,-0.15045799195774412
Risk-Aware Regime Switching,7422,-0.4342913470618519
Risk-Aware Regime Switching,7423,-0.3025932451861262
Risk-Aware Regime Switching,7424,-0.5473497441997774
Risk-Aware Regime Switching,7425,-0.1687909985946333
Risk-Aware Regime Switching,7426,-0.20224922062691264
Risk-Aware Regime Switching,7427,-0.37134770253896465
Risk-Aware Regime Switching,7428,-0.28152993362713497
Risk-Aware Regime Switching,7429,-0.14072629875436782
Risk-Aware Regime Switching,7430,-0.2758278984228437
Risk-Aware Regime Switching,7431,-0.32447412857330193
Risk-Aware Regime Switching,7432,-0.28484087542727454
Risk-Aware Regime Switching,7433,-0.21923800119021997
Risk-Aware Regime Switching,7434,-0.19206684419517905
Risk-Aware Regime Switching,7435,-0.2501000224159369
Risk-Aware Regime Switching,7436,-0.12871997451086958
Risk-Aware Regime Switching,7437,-0.2564983413189469
Risk-Aware Regime Switching,7438,-0.2594392354266073
Risk-Aware Regime Switching,7439,-0.2446834258040259
Risk-Aware Regime Switching,7440,-0.3137980150853995
Risk-Aware Regime Switching,7441,-0.33600592060392187
Risk-Aware Regime Switching,7442,-0.1220316523803594
Risk-Aware Regime Switching,7443,-0.14635353575245835
Risk-Aware Regime Switching,7444,-0.20353399230491798
Risk-Aware Regime Switching,7445,-0.19842518050437752
Risk-Aware Regime Switching,7446,-0.3352020391544974
Risk-Aware Regime Switching,7447,-0.3833907707400874
Risk-Aware Regime Switching,7448,-0.2688792458362488
Risk-Aware Regime Switching,7449,-0.22647196438394712
Risk-Aware Regime Switching,7450,-0.15523069161790426
Risk-Aware Regime Switching,7451,-0.25408443024241767
Risk-Aware Regime Switching,7452,-0.20616795191667603
Risk-Aware Regime Switching,7453,-0.2591833052466247
Risk-Aware Regime Switching,7454,-0.12696866159872788
Risk-Aware Regime Switching,7455,-0.24496703617524396
Risk-Aware Regime Switching,7456,-0.31762901124552023
Risk-Aware Regime Switching,7457,-0.14200768547625586
Risk-Aware Regime Switching,7458,-0.23558164553561156
Risk-Aware Regime Switching,7459,-0.2607161754285443
Risk-Aware Regime Switching,7460,-0.15005139679816515
Risk-Aware Regime Switching,7461,-0.15654383234664215
Risk-Aware Regime Switching,7462,-0.41881667989435767
Risk-Aware Regime Switching,7463,-0.1560542501055424
Risk-Aware Regime Switching,7464,-0.3396869039327517
Risk-Aware Regime Switching,7465,-0.2935835980054594
Risk-Aware Regime Switching,7466,-0.2733331756516595
Risk-Aware Regime Switching,7467,-0.2641678489385001
Risk-Aware Regime Switching,7468,-0.14920956159952392
Risk-Aware Regime Switching,7469,-0.3631774465851362
Risk-Aware Regime Switching,7470,-0.2224959488187983
Risk-Aware Regime Switching,7471,-0.36826636621290454
Risk-Aware Regime Switching,7472,-0.309382933154721
Risk-Aware Regime Switching,7473,-0.21570617524136582
Risk-Aware Regime Switching,7474,-0.25107940888969893
Risk-Aware Regime Switching,7475,-0.19968015585837617
Risk-Aware Regime Switching,7476,-0.22137903607493292
Risk-Aware Regime Switching,7477,-0.30311135718091986
Risk-Aware Regime Switching,7478,-0.39923271495689494
Risk-Aware Regime Switching,7479,-0.2812357635641334
Risk-Aware Regime Switching,7480,-0.23538647956790693
Risk-Aware Regime Switching,7481,-0.3172120643603471
Risk-Aware Regime Switching,7482,-0.39666163988974434
Risk-Aware Regime Switching,7483,-0.1709048884980623
Risk-Aware Regime Switching,7484,-0.41430869094641143
Risk-Aware Regime Switching,7485,-0.24970273967725642
Risk-Aware Regime Switching,7486,-0.12542782801822883
Risk-Aware Regime Switching,7487,-0.1765337237063035
Risk-Aware Regime Switching,7488,-0.15104263896391723
Risk-Aware Regime Switching,7489,-0.27235300950017716
Risk-Aware Regime Switching,7490,-0.26054633254596904
Risk-Aware Regime Switching,7491,-0.29608991588087374
Risk-Aware Regime Switching,7492,-0.38098058891180253
Risk-Aware Regime Switching,7493,-0.2168299802707817
Risk-Aware Regime Switching,7494,-0.23155092525643883
Risk-Aware Regime Switching,7495,-0.23340108610684507
Risk-Aware Regime Switching,7496,-0.4971080355466685
Risk-Aware Regime Switching,7497,-0.32261755208213116
Risk-Aware Regime Switching,7498,-0.17244345710259512
Risk-Aware Regime Switching,7499,-0.21552613633642592
Risk-Aware Regime Switching,7500,-0.49620993307173833
Risk-Aware Regime Switching,7501,-0.42348578715644825
Risk-Aware Regime Switching,7502,-0.32098359254215636
Risk-Aware Regime Switching,7503,-0.3557978764109111
Risk-Aware Regime Switching,7504,-0.22301448874965135
Risk-Aware Regime Switching,7505,-0.23140515541475803
Risk-Aware Regime Switching,7506,-0.2277799340715042
Risk-Aware Regime Switching,7507,-0.13747528321088964
Risk-Aware Regime Switching,7508,-0.3311574080685834
Risk-Aware Regime Switching,7509,-0.3590800090231643
Risk-Aware Regime Switching,7510,-0.18910871497094384
Risk-Aware Regime Switching,7511,-0.35405868744550384
Risk-Aware Regime Switching,7512,-0.14248695062583416
Risk-Aware Regime Switching,7513,-0.13443844194042265
Risk-Aware Regime Switching,7514,-0.5224421787681544
Risk-Aware Regime Switching,7515,-0.215007428210356
Risk-Aware Regime Switching,7516,-0.2709160843329146
Risk-Aware Regime Switching,7517,-0.39605508341653695
Risk-Aware Regime Switching,7518,-0.13500632866521856
Risk-Aware Regime Switching,7519,-0.30018323315662954
Risk-Aware Regime Switching,7520,-0.23817987885702108
Risk-Aware Regime Switching,7521,-0.4502232428550692
Risk-Aware Regime Switching,7522,-0.15613161079043736
Risk-Aware Regime Switching,7523,-0.2610895639312636
Risk-Aware Regime Switching,7524,-0.2124068214346112
Risk-Aware Regime Switching,7525,-0.14430585772662963
Risk-Aware Regime Switching,7526,-0.14934438706309938
Risk-Aware Regime Switching,7527,-0.2940687390333302
Risk-Aware Regime Switching,7528,-0.2317227836366681
Risk-Aware Regime Switching,7529,-0.1966308281074839
Risk-Aware Regime Switching,7530,-0.2767068793083426
Risk-Aware Regime Switching,7531,-0.17456804498749345
Risk-Aware Regime Switching,7532,-0.22332568976657274
Risk-Aware Regime Switching,7533,-0.28801972044830126
Risk-Aware Regime Switching,7534,-0.08307720532196583
Risk-Aware Regime Switching,7535,-0.4231708116768049
Risk-Aware Regime Switching,7536,-0.2703833554051034
Risk-Aware Regime Switching,7537,-0.39057988697876334
Risk-Aware Regime Switching,7538,-0.22753293465392255
Risk-Aware Regime Switching,7539,-0.14353490912482958
Risk-Aware Regime Switching,7540,-0.3730183470047689
Risk-Aware Regime Switching,7541,-0.39367762354935787
Risk-Aware Regime Switching,7542,-0.25305477593703984
Risk-Aware Regime Switching,7543,-0.2881393223401072
Risk-Aware Regime Switching,7544,-0.1865457789142254
Risk-Aware Regime Switching,7545,-0.10307092538380958
Risk-Aware Regime Switching,7546,-0.22981259724870062
Risk-Aware Regime Switching,7547,-0.3268007661145752
Risk-Aware Regime Switching,7548,-0.23739980936230187
Risk-Aware Regime Switching,7549,-0.36389337545748535
Risk-Aware Regime Switching,7550,-0.13072000698483566
Risk-Aware Regime Switching,7551,-0.2149007329403425
Risk-Aware Regime Switching,7552,-0.2517472949940335
Risk-Aware Regime Switching,7553,-0.3133743579125361
Risk-Aware Regime Switching,7554,-0.2970812016842159
Risk-Aware Regime Switching,7555,-0.3979780130386771
Risk-Aware Regime Switching,7556,-0.41132741606367795
Risk-Aware Regime Switching,7557,-0.12501986431203693
Risk-Aware Regime Switching,7558,-0.22595380442300217
Risk-Aware Regime Switching,7559,-0.28603296178993554
Risk-Aware Regime Switching,7560,-0.3829517229467474
Risk-Aware Regime Switching,7561,-0.25171216902690874
Risk-Aware Regime Switching,7562,-0.25422897566929115
Risk-Aware Regime Switching,7563,-0.26062654470307234
Risk-Aware Regime Switching,7564,-0.2905788706685116
Risk-Aware Regime Switching,7565,-0.1654653687305091
Risk-Aware Regime Switching,7566,-0.39997919134834037
Risk-Aware Regime Switching,7567,-0.17214262867953156
Risk-Aware Regime Switching,7568,-0.18940996896780393
Risk-Aware Regime Switching,7569,-0.09080306337286304
Risk-Aware Regime Switching,7570,-0.20923157350413724
Risk-Aware Regime Switching,7571,-0.3258954152338045
Risk-Aware Regime Switching,7572,-0.2596425899068562
Risk-Aware Regime Switching,7573,-0.267549100465057
Risk-Aware Regime Switching,7574,-0.22041335001962137
Risk-Aware Regime Switching,7575,-0.297464939732645
Risk-Aware Regime Switching,7576,-0.07496695709880719
Risk-Aware Regime Switching,7577,-0.2883221806388637
Risk-Aware Regime Switching,7578,-0.28573234450565566
Risk-Aware Regime Switching,7579,-0.20249173044087831
Risk-Aware Regime Switching,7580,-0.20998946968464582
Risk-Aware Regime Switching,7581,-0.35307688214560795
Risk-Aware Regime Switching,7582,-0.3453426982642982
Risk-Aware Regime Switching,7583,-0.3742819484983181
Risk-Aware Regime Switching,7584,-0.25227234621887085
Risk-Aware Regime Switching,7585,-0.13059849156164172
Risk-Aware Regime Switching,7586,-0.2934269040166979
Risk-Aware Regime Switching,7587,-0.15725530906631335
Risk-Aware Regime Switching,7588,-0.21475073929594368
Risk-Aware Regime Switching,7589,-0.3634628205687809
Risk-Aware Regime Switching,7590,-0.2671881261404473
Risk-Aware Regime Switching,7591,-0.42588857620146237
Risk-Aware Regime Switching,7592,-0.20955835295356773
Risk-Aware Regime Switching,7593,-0.2126236209629192
Risk-Aware Regime Switching,7594,-0.15282719972938918
Risk-Aware Regime Switching,7595,-0.3679998953821966
Risk-Aware Regime Switching,7596,-0.3710631943934387
Risk-Aware Regime Switching,7597,-0.29841022570190945
Risk-Aware Regime Switching,7598,-0.1591528585691926
Risk-Aware Regime Switching,7599,-0.263490844281401
Risk-Aware Regime Switching,7600,-0.09629465950898142
Risk-Aware Regime Switching,7601,-0.31760346174123055
Risk-Aware Regime Switching,7602,-0.33973195150425806
Risk-Aware Regime Switching,7603,-0.12622496240567005
Risk-Aware Regime Switching,7604,-0.17484966826853499
Risk-Aware Regime Switching,7605,-0.22810211507612688
Risk-Aware Regime Switching,7606,-0.40026055718795117
Risk-Aware Regime Switching,7607,-0.1370046335721462
Risk-Aware Regime Switching,7608,-0.10247369140361118
Risk-Aware Regime Switching,7609,-0.2099626226082295
Risk-Aware Regime Switching,7610,-0.16030179044081028
Risk-Aware Regime Switching,7611,-0.1742150258170898
Risk-Aware Regime Switching,7612,-0.2794762949713355
Risk-Aware Regime Switching,7613,-0.1704719480000939
Risk-Aware Regime Switching,7614,-0.14215748902996217
Risk-Aware Regime Switching,7615,-0.511759482002952
Risk-Aware Regime Switching,7616,-0.14395364210162276
Risk-Aware Regime Switching,7617,-0.15117194241223142
Risk-Aware Regime Switching,7618,-0.18731141122282657
Risk-Aware Regime Switching,7619,-0.15730165480775005
Risk-Aware Regime Switching,7620,-0.3605430018630168
Risk-Aware Regime Switching,7621,-0.33319314507736053
Risk-Aware Regime Switching,7622,-0.16815962768374215
Risk-Aware Regime Switching,7623,-0.19935329120470535
Risk-Aware Regime Switching,7624,-0.17363292365680227
Risk-Aware Regime Switching,7625,-0.22905131498900166
Risk-Aware Regime Switching,7626,-0.3491978100874099
Risk-Aware Regime Switching,7627,-0.2075389529960492
Risk-Aware Regime Switching,7628,-0.232328822208551
Risk-Aware Regime Switching,7629,-0.2442177295567497
Risk-Aware Regime Switching,7630,-0.23229788155377462
Risk-Aware Regime Switching,7631,-0.214500305428322
Risk-Aware Regime Switching,7632,-0.26289343754454175
Risk-Aware Regime Switching,7633,-0.1488797564470019
Risk-Aware Regime Switching,7634,-0.21549742250689197
Risk-Aware Regime Switching,7635,-0.29090290395402474
Risk-Aware Regime Switching,7636,-0.170835640323434
Risk-Aware Regime Switching,7637,-0.3041893277866039
Risk-Aware Regime Switching,7638,-0.2670313488632552
Risk-Aware Regime Switching,7639,-0.3023224869383706
Risk-Aware Regime Switching,7640,-0.4584482679624926
Risk-Aware Regime Switching,7641,-0.16772316423693867
Risk-Aware Regime Switching,7642,-0.1527760916757399
Risk-Aware Regime Switching,7643,-0.2875820347984266
Risk-Aware Regime Switching,7644,-0.4275364628794709
Risk-Aware Regime Switching,7645,-0.2097684807950968
Risk-Aware Regime Switching,7646,-0.15984051727705983
Risk-Aware Regime Switching,7647,-0.19456415549295158
Risk-Aware Regime Switching,7648,-0.1913591214083067
Risk-Aware Regime Switching,7649,-0.30808315024347654
Risk-Aware Regime Switching,7650,-0.37654178062937704
Risk-Aware Regime Switching,7651,-0.32294882415750714
Risk-Aware Regime Switching,7652,-0.26000149113618254
Risk-Aware Regime Switching,7653,-0.18650917233179543
Risk-Aware Regime Switching,7654,-0.23111898969654832
Risk-Aware Regime Switching,7655,-0.1326225916050755
Risk-Aware Regime Switching,7656,-0.3557860599344931
Risk-Aware Regime Switching,7657,-0.2436115305344977
Risk-Aware Regime Switching,7658,-0.31603638043374294
Risk-Aware Regime Switching,7659,-0.14890065635596084
Risk-Aware Regime Switching,7660,-0.08965878595877608
Risk-Aware Regime Switching,7661,-0.2041122855124562
Risk-Aware Regime Switching,7662,-0.16305522582719145
Risk-Aware Regime Switching,7663,-0.21772358921105184
Risk-Aware Regime Switching,7664,-0.21284401122205432
Risk-Aware Regime Switching,7665,-0.18330502069115195
Risk-Aware Regime Switching,7666,-0.1797754846064461
Risk-Aware Regime Switching,7667,-0.1506279870608973
Risk-Aware Regime Switching,7668,-0.5133056706792216
Risk-Aware Regime Switching,7669,-0.15645794457002826
Risk-Aware Regime Switching,7670,-0.38190270775816104
Risk-Aware Regime Switching,7671,-0.38165775620202425
Risk-Aware Regime Switching,7672,-0.17252962033322983
Risk-Aware Regime Switching,7673,-0.21490889776868738
Risk-Aware Regime Switching,7674,-0.1430535141793824
Risk-Aware Regime Switching,7675,-0.12876878010676984
Risk-Aware Regime Switching,7676,-0.3163292379617464
Risk-Aware Regime Switching,7677,-0.3062318442475168
Risk-Aware Regime Switching,7678,-0.20354149192994853
Risk-Aware Regime Switching,7679,-0.16636444693754637
Risk-Aware Regime Switching,7680,-0.33128438174123476
Risk-Aware Regime Switching,7681,-0.19557119488103014
Risk-Aware Regime Switching,7682,-0.24670613244137596
Risk-Aware Regime Switching,7683,-0.1883327871481798
Risk-Aware Regime Switching,7684,-0.38311156926878187
Risk-Aware Regime Switching,7685,-0.17665207541491368
Risk-Aware Regime Switching,7686,-0.1402018432345229
Risk-Aware Regime Switching,7687,-0.44431017107955906
Risk-Aware Regime Switching,7688,-0.16789428458982536
Risk-Aware Regime Switching,7689,-0.16676010413306963
Risk-Aware Regime Switching,7690,-0.4056233163766326
Risk-Aware Regime Switching,7691,-0.4081530925671707
Risk-Aware Regime Switching,7692,-0.11974078128077348
Risk-Aware Regime Switching,7693,-0.2681323886872281
Risk-Aware Regime Switching,7694,-0.23490083184573474
Risk-Aware Regime Switching,7695,-0.32252623425970783
Risk-Aware Regime Switching,7696,-0.2693487727448761
Risk-Aware Regime Switching,7697,-0.16460687664863982
Risk-Aware Regime Switching,7698,-0.3600129346725728
Risk-Aware Regime Switching,7699,-0.27048968921776817
Risk-Aware Regime Switching,7700,-0.2971374997942391
Risk-Aware Regime Switching,7701,-0.19045534113542895
Risk-Aware Regime Switching,7702,-0.31506436980250263
Risk-Aware Regime Switching,7703,-0.43824808014734207
Risk-Aware Regime Switching,7704,-0.2080353213812275
Risk-Aware Regime Switching,7705,-0.25183250952027236
Risk-Aware Regime Switching,7706,-0.14398169079992873
Risk-Aware Regime Switching,7707,-0.20093434271085775
Risk-Aware Regime Switching,7708,-0.4180935118823139
Risk-Aware Regime Switching,7709,-0.22418668213893345
Risk-Aware Regime Switching,7710,-0.3768835378934321
Risk-Aware Regime Switching,7711,-0.3334982739995893
Risk-Aware Regime Switching,7712,-0.19893162984853607
Risk-Aware Regime Switching,7713,-0.18865756222170105
Risk-Aware Regime Switching,7714,-0.26623621146260534
Risk-Aware Regime Switching,7715,-0.13207908048377726
Risk-Aware Regime Switching,7716,-0.11144157547386868
Risk-Aware Regime Switching,7717,-0.1417565229001272
Risk-Aware Regime Switching,7718,-0.31559332247760064
Risk-Aware Regime Switching,7719,-0.15765756342084913
Risk-Aware Regime Switching,7720,-0.1582756098635777
Risk-Aware Regime Switching,7721,-0.15673973612755998
Risk-Aware Regime Switching,7722,-0.13526367501860315
Risk-Aware Regime Switching,7723,-0.32776873674047136
Risk-Aware Regime Switching,7724,-0.21955700290600821
Risk-Aware Regime Switching,7725,-0.2880169613907264
Risk-Aware Regime Switching,7726,-0.1376217483566794
Risk-Aware Regime Switching,7727,-0.3103763850991782
Risk-Aware Regime Switching,7728,-0.10831786066790261
Risk-Aware Regime Switching,7729,-0.15851453729716392
Risk-Aware Regime Switching,7730,-0.4807517226390806
Risk-Aware Regime Switching,7731,-0.2039639443315281
Risk-Aware Regime Switching,7732,-0.34553921928257125
Risk-Aware Regime Switching,7733,-0.34368674011513045
Risk-Aware Regime Switching,7734,-0.3115664213512972
Risk-Aware Regime Switching,7735,-0.4052710213624531
Risk-Aware Regime Switching,7736,-0.28710020038662876
Risk-Aware Regime Switching,7737,-0.20180904734437133
Risk-Aware Regime Switching,7738,-0.4303984932288033
Risk-Aware Regime Switching,7739,-0.39865043430652014
Risk-Aware Regime Switching,7740,-0.3706533084780592
Risk-Aware Regime Switching,7741,-0.32938635905502955
Risk-Aware Regime Switching,7742,-0.3370345519869268
Risk-Aware Regime Switching,7743,-0.19941022597010816
Risk-Aware Regime Switching,7744,-0.056545547731163825
Risk-Aware Regime Switching,7745,-0.15911669759932634
Risk-Aware Regime Switching,7746,-0.3383948197908552
Risk-Aware Regime Switching,7747,-0.26783280749810023
Risk-Aware Regime Switching,7748,-0.21255434121370687
Risk-Aware Regime Switching,7749,-0.3025378148600588
Risk-Aware Regime Switching,7750,-0.3515443432621921
Risk-Aware Regime Switching,7751,-0.3543929476723654
Risk-Aware Regime Switching,7752,-0.12863480522358406
Risk-Aware Regime Switching,7753,-0.22680252902456755
Risk-Aware Regime Switching,7754,-0.3712424524264618
Risk-Aware Regime Switching,7755,-0.19916882495448618
Risk-Aware Regime Switching,7756,-0.22126456898891034
Risk-Aware Regime Switching,7757,-0.24989555288554233
Risk-Aware Regime Switching,7758,-0.22558606278682047
Risk-Aware Regime Switching,7759,-0.14225315767212432
Risk-Aware Regime Switching,7760,-0.3196508817260356
Risk-Aware Regime Switching,7761,-0.36058076036735554
Risk-Aware Regime Switching,7762,-0.11274186263106378
Risk-Aware Regime Switching,7763,-0.2781115207445407
Risk-Aware Regime Switching,7764,-0.20168484864523517
Risk-Aware Regime Switching,7765,-0.10814724575777157
Risk-Aware Regime Switching,7766,-0.2540913129455241
Risk-Aware Regime Switching,7767,-0.2839849435441636
Risk-Aware Regime Switching,7768,-0.1676984104894058
Risk-Aware Regime Switching,7769,-0.4036017379382947
Risk-Aware Regime Switching,7770,-0.1289410023350639
Risk-Aware Regime Switching,7771,-0.18132598653162624
Risk-Aware Regime Switching,7772,-0.22944529110371736
Risk-Aware Regime Switching,7773,-0.23107985334543257
Risk-Aware Regime Switching,7774,-0.2583992619901587
Risk-Aware Regime Switching,7775,-0.3127517624066648
Risk-Aware Regime Switching,7776,-0.19457261519855917
Risk-Aware Regime Switching,7777,-0.12925964520114697
Risk-Aware Regime Switching,7778,-0.2528325893293354
Risk-Aware Regime Switching,7779,-0.2318456204293895
Risk-Aware Regime Switching,7780,-0.38004582793443276
Risk-Aware Regime Switching,7781,-0.20874525366156882
Risk-Aware Regime Switching,7782,-0.33087387300815374
Risk-Aware Regime Switching,7783,-0.15797882936068386
Risk-Aware Regime Switching,7784,-0.1196990977767256
Risk-Aware Regime Switching,7785,-0.2012225916147572
Risk-Aware Regime Switching,7786,-0.3670237585124565
Risk-Aware Regime Switching,7787,-0.16339434067123282
Risk-Aware Regime Switching,7788,-0.22583742326397216
Risk-Aware Regime Switching,7789,-0.4316073211099062
Risk-Aware Regime Switching,7790,-0.29578696295908957
Risk-Aware Regime Switching,7791,-0.41277193216533004
Risk-Aware Regime Switching,7792,-0.23103455098627657
Risk-Aware Regime Switching,7793,-0.12639971600982525
Risk-Aware Regime Switching,7794,-0.20013674186556651
Risk-Aware Regime Switching,7795,-0.2290891804121008
Risk-Aware Regime Switching,7796,-0.16302374879778203
Risk-Aware Regime Switching,7797,-0.27831196281702897
Risk-Aware Regime Switching,7798,-0.18090952650836079
Risk-Aware Regime Switching,7799,-0.14346933506047033
Risk-Aware Regime Switching,7800,-0.31575897158326316
Risk-Aware Regime Switching,7801,-0.33193166656671946
Risk-Aware Regime Switching,7802,-0.370696034757271
Risk-Aware Regime Switching,7803,-0.288077497157988
Risk-Aware Regime Switching,7804,-0.30975046673157547
Risk-Aware Regime Switching,7805,-0.2133968922818762
Risk-Aware Regime Switching,7806,-0.18239790110176635
Risk-Aware Regime Switching,7807,-0.20933367253209878
Risk-Aware Regime Switching,7808,-0.36791973525606136
Risk-Aware Regime Switching,7809,-0.32763166764984697
Risk-Aware Regime Switching,7810,-0.22591996774705692
Risk-Aware Regime Switching,7811,-0.44181286873400527
Risk-Aware Regime Switching,7812,-0.31255447508476664
Risk-Aware Regime Switching,7813,-0.1154920203043367
Risk-Aware Regime Switching,7814,-0.32782640806967567
Risk-Aware Regime Switching,7815,-0.3584572891453822
Risk-Aware Regime Switching,7816,-0.1814682451573828
Risk-Aware Regime Switching,7817,-0.2449044995536639
Risk-Aware Regime Switching,7818,-0.206524011411941
Risk-Aware Regime Switching,7819,-0.2976083120589271
Risk-Aware Regime Switching,7820,-0.27382516177083227
Risk-Aware Regime Switching,7821,-0.3400261841675276
Risk-Aware Regime Switching,7822,-0.18150884157434788
Risk-Aware Regime Switching,7823,-0.3523649253937352
Risk-Aware Regime Switching,7824,-0.1800836418143099
Risk-Aware Regime Switching,7825,-0.10844959757401973
Risk-Aware Regime Switching,7826,-0.2364175342236754
Risk-Aware Regime Switching,7827,-0.1764289831836956
Risk-Aware Regime Switching,7828,-0.16803629854160618
Risk-Aware Regime Switching,7829,-0.15479666621234678
Risk-Aware Regime Switching,7830,-0.238244054057832
Risk-Aware Regime Switching,7831,-0.33415721513722285
Risk-Aware Regime Switching,7832,-0.3099432101356867
Risk-Aware Regime Switching,7833,-0.22792512881458038
Risk-Aware Regime Switching,7834,-0.18007205370631718
Risk-Aware Regime Switching,7835,-0.3617031204367944
Risk-Aware Regime Switching,7836,-0.2784621124502836
Risk-Aware Regime Switching,7837,-0.404276600864222
Risk-Aware Regime Switching,7838,-0.3120386146556896
Risk-Aware Regime Switching,7839,-0.26848746037790094
Risk-Aware Regime Switching,7840,-0.18121539652043606
Risk-Aware Regime Switching,7841,-0.26883342524619536
Risk-Aware Regime Switching,7842,-0.08890967123162541
Risk-Aware Regime Switching,7843,-0.24884754185618518
Risk-Aware Regime Switching,7844,-0.3253120368691975
Risk-Aware Regime Switching,7845,-0.2450892728849341
Risk-Aware Regime Switching,7846,-0.3008603716464201
Risk-Aware Regime Switching,7847,-0.12695531335855392
Risk-Aware Regime Switching,7848,-0.1564841429191295
Risk-Aware Regime Switching,7849,-0.2316211397311766
Risk-Aware Regime Switching,7850,-0.29254575723282816
Risk-Aware Regime Switching,7851,-0.277981194380707
Risk-Aware Regime Switching,7852,-0.3926261193373839
Risk-Aware Regime Switching,7853,-0.3617449908853849
Risk-Aware Regime Switching,7854,-0.4316649818602558
Risk-Aware Regime Switching,7855,-0.2779047708764709
Risk-Aware Regime Switching,7856,-0.27928458860581007
Risk-Aware Regime Switching,7857,-0.15771774618795287
Risk-Aware Regime Switching,7858,-0.18979552643785869
Risk-Aware Regime Switching,7859,-0.41848646611171003
Risk-Aware Regime Switching,7860,-0.38671075345996175
Risk-Aware Regime Switching,7861,-0.16658506698305864
Risk-Aware Regime Switching,7862,-0.226163131072602
Risk-Aware Regime Switching,7863,-0.1581156442087872
Risk-Aware Regime Switching,7864,-0.3349704499499895
Risk-Aware Regime Switching,7865,-0.10406941230121247
Risk-Aware Regime Switching,7866,-0.27936288017322364
Risk-Aware Regime Switching,7867,-0.16367893538331002
Risk-Aware Regime Switching,7868,-0.4210445517995728
Risk-Aware Regime Switching,7869,-0.35526106416176484
Risk-Aware Regime Switching,7870,-0.14812910062187656
Risk-Aware Regime Switching,7871,-0.2515250860042635
Risk-Aware Regime Switching,7872,-0.17252474488003655
Risk-Aware Regime Switching,7873,-0.2915436612543324
Risk-Aware Regime Switching,7874,-0.2393385525830054
Risk-Aware Regime Switching,7875,-0.5061686578031503
Risk-Aware Regime Switching,7876,-0.3911481489437765
Risk-Aware Regime Switching,7877,-0.2287629395679791
Risk-Aware Regime Switching,7878,-0.3361470005303542
Risk-Aware Regime Switching,7879,-0.3795129228237907
Risk-Aware Regime Switching,7880,-0.14277924133853293
Risk-Aware Regime Switching,7881,-0.1169327299090499
Risk-Aware Regime Switching,7882,-0.23233742695752502
Risk-Aware Regime Switching,7883,-0.08589253539316766
Risk-Aware Regime Switching,7884,-0.38550680121236447
Risk-Aware Regime Switching,7885,-0.1274801342941081
Risk-Aware Regime Switching,7886,-0.4009942913994681
Risk-Aware Regime Switching,7887,-0.3429919842077034
Risk-Aware Regime Switching,7888,-0.24141993440042442
Risk-Aware Regime Switching,7889,-0.18160239961615532
Risk-Aware Regime Switching,7890,-0.11127791805964848
Risk-Aware Regime Switching,7891,-0.22824057242227147
Risk-Aware Regime Switching,7892,-0.31501598505984096
Risk-Aware Regime Switching,7893,-0.42906963323859415
Risk-Aware Regime Switching,7894,-0.41962769329763916
Risk-Aware Regime Switching,7895,-0.14523903419943918
Risk-Aware Regime Switching,7896,-0.19859820593962785
Risk-Aware Regime Switching,7897,-0.359473114578024
Risk-Aware Regime Switching,7898,-0.3099383841762826
Risk-Aware Regime Switching,7899,-0.192822561970577
Risk-Aware Regime Switching,7900,-0.27169345849772053
Risk-Aware Regime Switching,7901,-0.18421125591916065
Risk-Aware Regime Switching,7902,-0.2596271018767271
Risk-Aware Regime Switching,7903,-0.09858124591649109
Risk-Aware Regime Switching,7904,-0.2066566640320341
Risk-Aware Regime Switching,7905,-0.25238119906021406
Risk-Aware Regime Switching,7906,-0.33474229247782206
Risk-Aware Regime Switching,7907,-0.18156906527855765
Risk-Aware Regime Switching,7908,-0.35060260720527603
Risk-Aware Regime Switching,7909,-0.1946612620398367
Risk-Aware Regime Switching,7910,-0.10452859180810758
Risk-Aware Regime Switching,7911,-0.30825548173523976
Risk-Aware Regime Switching,7912,-0.20499425458483855
Risk-Aware Regime Switching,7913,-0.2561204671899572
Risk-Aware Regime Switching,7914,-0.13064392561945437
Risk-Aware Regime Switching,7915,-0.21930862134204576
Risk-Aware Regime Switching,7916,-0.24356975298376382
Risk-Aware Regime Switching,7917,-0.2231336610824337
Risk-Aware Regime Switching,7918,-0.42831747048554447
Risk-Aware Regime Switching,7919,-0.11171731233072801
Risk-Aware Regime Switching,7920,-0.4057204765497249
Risk-Aware Regime Switching,7921,-0.188205661075305
Risk-Aware Regime Switching,7922,-0.27924980966073887
Risk-Aware Regime Switching,7923,-0.3042100010815054
Risk-Aware Regime Switching,7924,-0.15279921420978115
Risk-Aware Regime Switching,7925,-0.2238782664372052
Risk-Aware Regime Switching,7926,-0.3722047874406009
Risk-Aware Regime Switching,7927,-0.20327491264926867
Risk-Aware Regime Switching,7928,-0.2054980055186849
Risk-Aware Regime Switching,7929,-0.17076070067532356
Risk-Aware Regime Switching,7930,-0.2915968261336649
Risk-Aware Regime Switching,7931,-0.2617625225989815
Risk-Aware Regime Switching,7932,-0.2192963705376869
Risk-Aware Regime Switching,7933,-0.20557731348615849
Risk-Aware Regime Switching,7934,-0.28114529142932065
Risk-Aware Regime Switching,7935,-0.18974192413856206
Risk-Aware Regime Switching,7936,-0.2900056029524838
Risk-Aware Regime Switching,7937,-0.27910790857636114
Risk-Aware Regime Switching,7938,-0.3973321962257004
Risk-Aware Regime Switching,7939,-0.2778545286073828
Risk-Aware Regime Switching,7940,-0.27325958886916
Risk-Aware Regime Switching,7941,-0.28395512898748254
Risk-Aware Regime Switching,7942,-0.2759050694046099
Risk-Aware Regime Switching,7943,-0.498798444181741
Risk-Aware Regime Switching,7944,-0.3254579087153152
Risk-Aware Regime Switching,7945,-0.2546754183238442
Risk-Aware Regime Switching,7946,-0.1930088382955184
Risk-Aware Regime Switching,7947,-0.1489715726383527
Risk-Aware Regime Switching,7948,-0.08006363878829204
Risk-Aware Regime Switching,7949,-0.21819814343921473
Risk-Aware Regime Switching,7950,-0.10497195296118977
Risk-Aware Regime Switching,7951,-0.19155413349772865
Risk-Aware Regime Switching,7952,-0.2081770418282799
Risk-Aware Regime Switching,7953,-0.2864092380407549
Risk-Aware Regime Switching,7954,-0.23295104822952273
Risk-Aware Regime Switching,7955,-0.10559769599527147
Risk-Aware Regime Switching,7956,-0.2541902786303992
Risk-Aware Regime Switching,7957,-0.17421570321532198
Risk-Aware Regime Switching,7958,-0.14923287972162547
Risk-Aware Regime Switching,7959,-0.3449461341535801
Risk-Aware Regime Switching,7960,-0.38766200292361297
Risk-Aware Regime Switching,7961,-0.3014882808615513
Risk-Aware Regime Switching,7962,-0.2819908591768008
Risk-Aware Regime Switching,7963,-0.3017312404976574
Risk-Aware Regime Switching,7964,-0.29775714465773473
Risk-Aware Regime Switching,7965,-0.28679488272403997
Risk-Aware Regime Switching,7966,-0.2826016002044133
Risk-Aware Regime Switching,7967,-0.21145635064126778
Risk-Aware Regime Switching,7968,-0.27872756605424565
Risk-Aware Regime Switching,7969,-0.14918942972556903
Risk-Aware Regime Switching,7970,-0.2718540916236708
Risk-Aware Regime Switching,7971,-0.13349365357014786
Risk-Aware Regime Switching,7972,-0.13227646470944443
Risk-Aware Regime Switching,7973,-0.34906043234321804
Risk-Aware Regime Switching,7974,-0.15139536150790878
Risk-Aware Regime Switching,7975,-0.27837681719509344
Risk-Aware Regime Switching,7976,-0.17267259074724706
Risk-Aware Regime Switching,7977,-0.12245900736923765
Risk-Aware Regime Switching,7978,-0.3999191108111688
Risk-Aware Regime Switching,7979,-0.1560433605708238
Risk-Aware Regime Switching,7980,-0.1715225103571243
Risk-Aware Regime Switching,7981,-0.22821605866541295
Risk-Aware Regime Switching,7982,-0.22835296085230605
Risk-Aware Regime Switching,7983,-0.18323288140516392
Risk-Aware Regime Switching,7984,-0.29016534695486884
Risk-Aware Regime Switching,7985,-0.29032343612833855
Risk-Aware Regime Switching,7986,-0.1239702910651137
Risk-Aware Regime Switching,7987,-0.07705118858853188
Risk-Aware Regime Switching,7988,-0.13383137178361226
Risk-Aware Regime Switching,7989,-0.2920501765971899
Risk-Aware Regime Switching,7990,-0.1944689390658716
Risk-Aware Regime Switching,7991,-0.19357750821990283
Risk-Aware Regime Switching,7992,-0.21189753401639932
Risk-Aware Regime Switching,7993,-0.30176884389385117
Risk-Aware Regime Switching,7994,-0.1804214164049338
Risk-Aware Regime Switching,7995,-0.4209186191518979
Risk-Aware Regime Switching,7996,-0.2305211778438967
Risk-Aware Regime Switching,7997,-0.2431444160052334
Risk-Aware Regime Switching,7998,-0.2936773767409131
Risk-Aware Regime Switching,7999,-0.15380573647118023
Risk-Aware Regime Switching,8000,-0.4280114060746517
Risk-Aware Regime Switching,8001,-0.23022882289919222
Risk-Aware Regime Switching,8002,-0.20299642537720386
Risk-Aware Regime Switching,8003,-0.4330267698360749
Risk-Aware Regime Switching,8004,-0.22337702109037738
Risk-Aware Regime Switching,8005,-0.3129640646280373
Risk-Aware Regime Switching,8006,-0.17754332668737016
Risk-Aware Regime Switching,8007,-0.4154251848965327
Risk-Aware Regime Switching,8008,-0.25288500178979545
Risk-Aware Regime Switching,8009,-0.43473693523633083
Risk-Aware Regime Switching,8010,-0.4764495458370036
Risk-Aware Regime Switching,8011,-0.20369317401161557
Risk-Aware Regime Switching,8012,-0.135452199046331
Risk-Aware Regime Switching,8013,-0.36173071332032747
Risk-Aware Regime Switching,8014,-0.24336391257452972
Risk-Aware Regime Switching,8015,-0.38381682248136806
Risk-Aware Regime Switching,8016,-0.23218538213362094
Risk-Aware Regime Switching,8017,-0.3682439499701978
Risk-Aware Regime Switching,8018,-0.1739959594545466
Risk-Aware Regime Switching,8019,-0.2831539593114364
Risk-Aware Regime Switching,8020,-0.4411730833296169
Risk-Aware Regime Switching,8021,-0.19140710471130729
Risk-Aware Regime Switching,8022,-0.22119872138162588
Risk-Aware Regime Switching,8023,-0.3515935656898441
Risk-Aware Regime Switching,8024,-0.19050199793559708
Risk-Aware Regime Switching,8025,-0.2187312910642295
Risk-Aware Regime Switching,8026,-0.131136310037828
Risk-Aware Regime Switching,8027,-0.21016671401702236
Risk-Aware Regime Switching,8028,-0.24656776623215815
Risk-Aware Regime Switching,8029,-0.2317999124999135
Risk-Aware Regime Switching,8030,-0.2582162618636904
Risk-Aware Regime Switching,8031,-0.47084533418944785
Risk-Aware Regime Switching,8032,-0.2648194291086633
Risk-Aware Regime Switching,8033,-0.3880238942965556
Risk-Aware Regime Switching,8034,-0.19585898778938904
Risk-Aware Regime Switching,8035,-0.1677767299059122
Risk-Aware Regime Switching,8036,-0.26047179805432596
Risk-Aware Regime Switching,8037,-0.16908769759439113
Risk-Aware Regime Switching,8038,-0.2065196567157742
Risk-Aware Regime Switching,8039,-0.2273918733872684
Risk-Aware Regime Switching,8040,-0.10368590618827178
Risk-Aware Regime Switching,8041,-0.3674511347157057
Risk-Aware Regime Switching,8042,-0.2050345092192345
Risk-Aware Regime Switching,8043,-0.2298117734343087
Risk-Aware Regime Switching,8044,-0.16832767810293614
Risk-Aware Regime Switching,8045,-0.20834876092005972
Risk-Aware Regime Switching,8046,-0.2216974259205826
Risk-Aware Regime Switching,8047,-0.35026759093047977
Risk-Aware Regime Switching,8048,-0.23275120462117516
Risk-Aware Regime Switching,8049,-0.1716093097147725
Risk-Aware Regime Switching,8050,-0.08814363708515904
Risk-Aware Regime Switching,8051,-0.18585131600620086
Risk-Aware Regime Switching,8052,-0.09099993647029514
Risk-Aware Regime Switching,8053,-0.3352955810598477
Risk-Aware Regime Switching,8054,-0.24401681704614142
Risk-Aware Regime Switching,8055,-0.3970184897269379
Risk-Aware Regime Switching,8056,-0.23208782099112346
Risk-Aware Regime Switching,8057,-0.21324807087840647
Risk-Aware Regime Switching,8058,-0.28825336307434746
Risk-Aware Regime Switching,8059,-0.13065257113021878
Risk-Aware Regime Switching,8060,-0.21215236452763786
Risk-Aware Regime Switching,8061,-0.2504913922936487
Risk-Aware Regime Switching,8062,-0.2167793550635181
Risk-Aware Regime Switching,8063,-0.2700223783119756
Risk-Aware Regime Switching,8064,-0.16787560792124967
Risk-Aware Regime Switching,8065,-0.45475106947085264
Risk-Aware Regime Switching,8066,-0.16626173607237182
Risk-Aware Regime Switching,8067,-0.3186826772729031
Risk-Aware Regime Switching,8068,-0.18202035469051314
Risk-Aware Regime Switching,8069,-0.2920770609533625
Risk-Aware Regime Switching,8070,-0.1556569480792157
Risk-Aware Regime Switching,8071,-0.39454470960155263
Risk-Aware Regime Switching,8072,-0.23369896922611688
Risk-Aware Regime Switching,8073,-0.1274234823166106
Risk-Aware Regime Switching,8074,-0.2890113162842163
Risk-Aware Regime Switching,8075,-0.36290808403842323
Risk-Aware Regime Switching,8076,-0.18049319219443571
Risk-Aware Regime Switching,8077,-0.1461294408010817
Risk-Aware Regime Switching,8078,-0.25551698866544403
Risk-Aware Regime Switching,8079,-0.3764084569567162
Risk-Aware Regime Switching,8080,-0.1790225523141954
Risk-Aware Regime Switching,8081,-0.17376578593976255
Risk-Aware Regime Switching,8082,-0.3174671450522554
Risk-Aware Regime Switching,8083,-0.30147823563997767
Risk-Aware Regime Switching,8084,-0.34732316368397487
Risk-Aware Regime Switching,8085,-0.15517146592522346
Risk-Aware Regime Switching,8086,-0.36587122534884153
Risk-Aware Regime Switching,8087,-0.19258798493624518
Risk-Aware Regime Switching,8088,-0.3898688253962783
Risk-Aware Regime Switching,8089,-0.3913009525860002
Risk-Aware Regime Switching,8090,-0.26068808436100144
Risk-Aware Regime Switching,8091,-0.21764425757092565
Risk-Aware Regime Switching,8092,-0.2792645590078021
Risk-Aware Regime Switching,8093,-0.14425810178628795
Risk-Aware Regime Switching,8094,-0.23007348677443407
Risk-Aware Regime Switching,8095,-0.12531346919571007
Risk-Aware Regime Switching,8096,-0.2263255247951549
Risk-Aware Regime Switching,8097,-0.24432068119337524
Risk-Aware Regime Switching,8098,-0.3230107053165314
Risk-Aware Regime Switching,8099,-0.21023761372298488
Risk-Aware Regime Switching,8100,-0.3497067807206471
Risk-Aware Regime Switching,8101,-0.13532606755738796
Risk-Aware Regime Switching,8102,-0.22166777621158318
Risk-Aware Regime Switching,8103,-0.12351050796524565
Risk-Aware Regime Switching,8104,-0.23115231213480514
Risk-Aware Regime Switching,8105,-0.2171512111545698
Risk-Aware Regime Switching,8106,-0.30107538469414197
Risk-Aware Regime Switching,8107,-0.36844877341916904
Risk-Aware Regime Switching,8108,-0.2040323892965792
Risk-Aware Regime Switching,8109,-0.32045957954630977
Risk-Aware Regime Switching,8110,-0.33785806242357574
Risk-Aware Regime Switching,8111,-0.28034174266896916
Risk-Aware Regime Switching,8112,-0.19402939317898193
Risk-Aware Regime Switching,8113,-0.19122080748191472
Risk-Aware Regime Switching,8114,-0.2284895766676095
Risk-Aware Regime Switching,8115,-0.17405425000079477
Risk-Aware Regime Switching,8116,-0.4103167507160581
Risk-Aware Regime Switching,8117,-0.16634813318245356
Risk-Aware Regime Switching,8118,-0.1537357200227999
Risk-Aware Regime Switching,8119,-0.21501567978947433
Risk-Aware Regime Switching,8120,-0.30268701545104204
Risk-Aware Regime Switching,8121,-0.3562433720435668
Risk-Aware Regime Switching,8122,-0.3534858112156163
Risk-Aware Regime Switching,8123,-0.19586253989014868
Risk-Aware Regime Switching,8124,-0.3336924484354935
Risk-Aware Regime Switching,8125,-0.2203669519479292
Risk-Aware Regime Switching,8126,-0.12398933338765306
Risk-Aware Regime Switching,8127,-0.18694517825746426
Risk-Aware Regime Switching,8128,-0.18734525858065432
Risk-Aware Regime Switching,8129,-0.23942376115096597
Risk-Aware Regime Switching,8130,-0.4013582562166935
Risk-Aware Regime Switching,8131,-0.21831416124673586
Risk-Aware Regime Switching,8132,-0.2717620308433385
Risk-Aware Regime Switching,8133,-0.15875431657259842
Risk-Aware Regime Switching,8134,-0.19165507138572424
Risk-Aware Regime Switching,8135,-0.19677761713826158
Risk-Aware Regime Switching,8136,-0.3075741849824487
Risk-Aware Regime Switching,8137,-0.24076640984190556
Risk-Aware Regime Switching,8138,-0.18692601875189319
Risk-Aware Regime Switching,8139,-0.24114637862514476
Risk-Aware Regime Switching,8140,-0.28147072116518346
Risk-Aware Regime Switching,8141,-0.2052491683283878
Risk-Aware Regime Switching,8142,-0.2073541072477254
Risk-Aware Regime Switching,8143,-0.2935486538159007
Risk-Aware Regime Switching,8144,-0.4419549684633646
Risk-Aware Regime Switching,8145,-0.1975655414083497
Risk-Aware Regime Switching,8146,-0.22913355812192604
Risk-Aware Regime Switching,8147,-0.3548268080030077
Risk-Aware Regime Switching,8148,-0.2776758657856814
Risk-Aware Regime Switching,8149,-0.35685520458887454
Risk-Aware Regime Switching,8150,-0.25500915573471217
Risk-Aware Regime Switching,8151,-0.20220252997299948
Risk-Aware Regime Switching,8152,-0.4171380704394815
Risk-Aware Regime Switching,8153,-0.24025658319339982
Risk-Aware Regime Switching,8154,-0.18696293404507058
Risk-Aware Regime Switching,8155,-0.38592294740976396
Risk-Aware Regime Switching,8156,-0.254647159472173
Risk-Aware Regime Switching,8157,-0.41940724964669984
Risk-Aware Regime Switching,8158,-0.34951787765542675
Risk-Aware Regime Switching,8159,-0.18555642233282932
Risk-Aware Regime Switching,8160,-0.27678959781049983
Risk-Aware Regime Switching,8161,-0.24349061711053632
Risk-Aware Regime Switching,8162,-0.231023962359439
Risk-Aware Regime Switching,8163,-0.2570826295588303
Risk-Aware Regime Switching,8164,-0.34453849931065683
Risk-Aware Regime Switching,8165,-0.13181834153067362
Risk-Aware Regime Switching,8166,-0.12358704406115029
Risk-Aware Regime Switching,8167,-0.29799751944202235
Risk-Aware Regime Switching,8168,-0.2928734956758532
Risk-Aware Regime Switching,8169,-0.12658934920231224
Risk-Aware Regime Switching,8170,-0.11420250689893552
Risk-Aware Regime Switching,8171,-0.1500860083318063
Risk-Aware Regime Switching,8172,-0.15662203181392875
Risk-Aware Regime Switching,8173,-0.19145002383734733
Risk-Aware Regime Switching,8174,-0.23002608554705795
Risk-Aware Regime Switching,8175,-0.24300656731905368
Risk-Aware Regime Switching,8176,-0.21620154125467272
Risk-Aware Regime Switching,8177,-0.21897372377365376
Risk-Aware Regime Switching,8178,-0.2619362243538952
Risk-Aware Regime Switching,8179,-0.22787021527346873
Risk-Aware Regime Switching,8180,-0.1935761967902071
Risk-Aware Regime Switching,8181,-0.37659840568601
Risk-Aware Regime Switching,8182,-0.12982724671321633
Risk-Aware Regime Switching,8183,-0.48343417550164036
Risk-Aware Regime Switching,8184,-0.23380716518656985
Risk-Aware Regime Switching,8185,-0.19341423206633412
Risk-Aware Regime Switching,8186,-0.18273326344392238
Risk-Aware Regime Switching,8187,-0.08154420124459816
Risk-Aware Regime Switching,8188,-0.17510863591817327
Risk-Aware Regime Switching,8189,-0.3306611846424534
Risk-Aware Regime Switching,8190,-0.24885515158632687
Risk-Aware Regime Switching,8191,-0.19948305330745475
Risk-Aware Regime Switching,8192,-0.24274148655635275
Risk-Aware Regime Switching,8193,-0.36189899503260115
Risk-Aware Regime Switching,8194,-0.42825771761306575
Risk-Aware Regime Switching,8195,-0.24041596544381605
Risk-Aware Regime Switching,8196,-0.36802227264226584
Risk-Aware Regime Switching,8197,-0.13454921319999547
Risk-Aware Regime Switching,8198,-0.2589451324632154
Risk-Aware Regime Switching,8199,-0.1658331959126439
Risk-Aware Regime Switching,8200,-0.2702340649802276
Risk-Aware Regime Switching,8201,-0.1393855784146969
Risk-Aware Regime Switching,8202,-0.18855414383500368
Risk-Aware Regime Switching,8203,-0.4109985338447708
Risk-Aware Regime Switching,8204,-0.2266262145906579
Risk-Aware Regime Switching,8205,-0.17987302876640976
Risk-Aware Regime Switching,8206,-0.18881055856598872
Risk-Aware Regime Switching,8207,-0.3097310042865198
Risk-Aware Regime Switching,8208,-0.1735714301989819
Risk-Aware Regime Switching,8209,-0.11382252280576388
Risk-Aware Regime Switching,8210,-0.2778259673092759
Risk-Aware Regime Switching,8211,-0.1942745621302412
Risk-Aware Regime Switching,8212,-0.18716133404958624
Risk-Aware Regime Switching,8213,-0.2059852474247993
Risk-Aware Regime Switching,8214,-0.15386460679124392
Risk-Aware Regime Switching,8215,-0.41214431906229887
Risk-Aware Regime Switching,8216,-0.3312643530597309
Risk-Aware Regime Switching,8217,-0.29780567842332284
Risk-Aware Regime Switching,8218,-0.37604973063196045
Risk-Aware Regime Switching,8219,-0.15603333775265293
Risk-Aware Regime Switching,8220,-0.28323143086757185
Risk-Aware Regime Switching,8221,-0.2595091456217202
Risk-Aware Regime Switching,8222,-0.17649050568406333
Risk-Aware Regime Switching,8223,-0.33632483140219904
Risk-Aware Regime Switching,8224,-0.26295012538921136
Risk-Aware Regime Switching,8225,-0.22165090878132643
Risk-Aware Regime Switching,8226,-0.2564377435427405
Risk-Aware Regime Switching,8227,-0.1806658391322925
Risk-Aware Regime Switching,8228,-0.31515299977350897
Risk-Aware Regime Switching,8229,-0.2665089348522267
Risk-Aware Regime Switching,8230,-0.14474620674775907
Risk-Aware Regime Switching,8231,-0.24486722999676702
Risk-Aware Regime Switching,8232,-0.4114377465104201
Risk-Aware Regime Switching,8233,-0.16114352211007688
Risk-Aware Regime Switching,8234,-0.12022493165816228
Risk-Aware Regime Switching,8235,-0.1277707517740192
Risk-Aware Regime Switching,8236,-0.41423939455775194
Risk-Aware Regime Switching,8237,-0.17950887695017226
Risk-Aware Regime Switching,8238,-0.2667741295949435
Risk-Aware Regime Switching,8239,-0.16944556256827414
Risk-Aware Regime Switching,8240,-0.4432957314601019
Risk-Aware Regime Switching,8241,-0.34589369721703767
Risk-Aware Regime Switching,8242,-0.30530276919079036
Risk-Aware Regime Switching,8243,-0.32524941027716203
Risk-Aware Regime Switching,8244,-0.3523092806458574
Risk-Aware Regime Switching,8245,-0.1653116157234361
Risk-Aware Regime Switching,8246,-0.3341900610373948
Risk-Aware Regime Switching,8247,-0.23102513411081227
Risk-Aware Regime Switching,8248,-0.17536475423231568
Risk-Aware Regime Switching,8249,-0.20390701883664897
Risk-Aware Regime Switching,8250,-0.22584779027025692
Risk-Aware Regime Switching,8251,-0.31281303523460113
Risk-Aware Regime Switching,8252,-0.1645880521051999
Risk-Aware Regime Switching,8253,-0.3358412178315816
Risk-Aware Regime Switching,8254,-0.2471613438784892
Risk-Aware Regime Switching,8255,-0.31255272080155383
Risk-Aware Regime Switching,8256,-0.3146703072271101
Risk-Aware Regime Switching,8257,-0.34817479111045047
Risk-Aware Regime Switching,8258,-0.25015750235460454
Risk-Aware Regime Switching,8259,-0.20194924343813891
Risk-Aware Regime Switching,8260,-0.16271319130397033
Risk-Aware Regime Switching,8261,-0.38467095300206533
Risk-Aware Regime Switching,8262,-0.3037138664810788
Risk-Aware Regime Switching,8263,-0.21929401728698328
Risk-Aware Regime Switching,8264,-0.293722841516479
Risk-Aware Regime Switching,8265,-0.2625377347841371
Risk-Aware Regime Switching,8266,-0.3591052853381739
Risk-Aware Regime Switching,8267,-0.2963058976367352
Risk-Aware Regime Switching,8268,-0.4653472650747327
Risk-Aware Regime Switching,8269,-0.24256963103577467
Risk-Aware Regime Switching,8270,-0.20791562874391156
Risk-Aware Regime Switching,8271,-0.28772427596403405
Risk-Aware Regime Switching,8272,-0.11840031853043431
Risk-Aware Regime Switching,8273,-0.2784716715334231
Risk-Aware Regime Switching,8274,-0.2580936007796356
Risk-Aware Regime Switching,8275,-0.3387147711174098
Risk-Aware Regime Switching,8276,-0.25172408724030415
Risk-Aware Regime Switching,8277,-0.3535888920679594
Risk-Aware Regime Switching,8278,-0.25656625681309086
Risk-Aware Regime Switching,8279,-0.2302118079502945
Risk-Aware Regime Switching,8280,-0.29768101835696203
Risk-Aware Regime Switching,8281,-0.19591929300235011
Risk-Aware Regime Switching,8282,-0.1059309827643421
Risk-Aware Regime Switching,8283,-0.19817935337373838
Risk-Aware Regime Switching,8284,-0.145134964024631
Risk-Aware Regime Switching,8285,-0.34931583912200526
Risk-Aware Regime Switching,8286,-0.3196333711733851
Risk-Aware Regime Switching,8287,-0.2033258106296253
Risk-Aware Regime Switching,8288,-0.17813151109136793
Risk-Aware Regime Switching,8289,-0.242257214242951
Risk-Aware Regime Switching,8290,-0.32747726570943225
Risk-Aware Regime Switching,8291,-0.10880888323661064
Risk-Aware Regime Switching,8292,-0.12020050054594611
Risk-Aware Regime Switching,8293,-0.13255464299174136
Risk-Aware Regime Switching,8294,-0.2351884521459
Risk-Aware Regime Switching,8295,-0.15023095750782134
Risk-Aware Regime Switching,8296,-0.4242546229153883
Risk-Aware Regime Switching,8297,-0.43459168847078056
Risk-Aware Regime Switching,8298,-0.2433644028911227
Risk-Aware Regime Switching,8299,-0.20913294581544528
Risk-Aware Regime Switching,8300,-0.19299905431039288
Risk-Aware Regime Switching,8301,-0.24494986129751328
Risk-Aware Regime Switching,8302,-0.15057291028094044
Risk-Aware Regime Switching,8303,-0.3316261250667192
Risk-Aware Regime Switching,8304,-0.14737087235553414
Risk-Aware Regime Switching,8305,-0.3151561503489526
Risk-Aware Regime Switching,8306,-0.17410162127921947
Risk-Aware Regime Switching,8307,-0.15958156444445526
Risk-Aware Regime Switching,8308,-0.27756516568355594
Risk-Aware Regime Switching,8309,-0.28833730470733054
Risk-Aware Regime Switching,8310,-0.19244728012285628
Risk-Aware Regime Switching,8311,-0.30801957657149626
Risk-Aware Regime Switching,8312,-0.20379113240494107
Risk-Aware Regime Switching,8313,-0.2621615338158446
Risk-Aware Regime Switching,8314,-0.22656579821347111
Risk-Aware Regime Switching,8315,-0.21051312443883918
Risk-Aware Regime Switching,8316,-0.14832968711978134
Risk-Aware Regime Switching,8317,-0.264636153338187
Risk-Aware Regime Switching,8318,-0.285425548241366
Risk-Aware Regime Switching,8319,-0.15896385612371622
Risk-Aware Regime Switching,8320,-0.15713096933140813
Risk-Aware Regime Switching,8321,-0.18330648330982968
Risk-Aware Regime Switching,8322,-0.2993271350515223
Risk-Aware Regime Switching,8323,-0.1700430451566336
Risk-Aware Regime Switching,8324,-0.13704207858909978
Risk-Aware Regime Switching,8325,-0.3985178610491229
Risk-Aware Regime Switching,8326,-0.39444547901293936
Risk-Aware Regime Switching,8327,-0.21437548748422475
Risk-Aware Regime Switching,8328,-0.23006244192544478
Risk-Aware Regime Switching,8329,-0.2054916373021235
Risk-Aware Regime Switching,8330,-0.3483219689559689
Risk-Aware Regime Switching,8331,-0.13298141315907908
Risk-Aware Regime Switching,8332,-0.16797844635678372
Risk-Aware Regime Switching,8333,-0.2760406866805992
Risk-Aware Regime Switching,8334,-0.17953636604533296
Risk-Aware Regime Switching,8335,-0.3126281287222795
Risk-Aware Regime Switching,8336,-0.2548639316745893
Risk-Aware Regime Switching,8337,-0.2620923273647586
Risk-Aware Regime Switching,8338,-0.10836872016276788
Risk-Aware Regime Switching,8339,-0.16305592570072847
Risk-Aware Regime Switching,8340,-0.13793250491073816
Risk-Aware Regime Switching,8341,-0.14696503932776628
Risk-Aware Regime Switching,8342,-0.17243392749454456
Risk-Aware Regime Switching,8343,-0.2050529382281926
Risk-Aware Regime Switching,8344,-0.28981746080323556
Risk-Aware Regime Switching,8345,-0.32573357584312623
Risk-Aware Regime Switching,8346,-0.3099245109990043
Risk-Aware Regime Switching,8347,-0.22485286802619786
Risk-Aware Regime Switching,8348,-0.30917597077193004
Risk-Aware Regime Switching,8349,-0.3753350190894815
Risk-Aware Regime Switching,8350,-0.21928410580877744
Risk-Aware Regime Switching,8351,-0.3256876068451673
Risk-Aware Regime Switching,8352,-0.21175915826696767
Risk-Aware Regime Switching,8353,-0.22695599770791586
Risk-Aware Regime Switching,8354,-0.4420215212676941
Risk-Aware Regime Switching,8355,-0.2160621890331963
Risk-Aware Regime Switching,8356,-0.13602893238503588
Risk-Aware Regime Switching,8357,-0.3270460259627206
Risk-Aware Regime Switching,8358,-0.2717311086733588
Risk-Aware Regime Switching,8359,-0.36150638223278997
Risk-Aware Regime Switching,8360,-0.37256833430559344
Risk-Aware Regime Switching,8361,-0.3269174165102787
Risk-Aware Regime Switching,8362,-0.10091977516490402
Risk-Aware Regime Switching,8363,-0.1995836201378114
Risk-Aware Regime Switching,8364,-0.28108158525957694
Risk-Aware Regime Switching,8365,-0.3401774451516826
Risk-Aware Regime Switching,8366,-0.2772228782691699
Risk-Aware Regime Switching,8367,-0.17323588978581417
Risk-Aware Regime Switching,8368,-0.18100812617313278
Risk-Aware Regime Switching,8369,-0.30366326502613417
Risk-Aware Regime Switching,8370,-0.24238645565593187
Risk-Aware Regime Switching,8371,-0.08431114958851238
Risk-Aware Regime Switching,8372,-0.32567439410131527
Risk-Aware Regime Switching,8373,-0.17712918236613073
Risk-Aware Regime Switching,8374,-0.3053355093796335
Risk-Aware Regime Switching,8375,-0.22728769584982422
Risk-Aware Regime Switching,8376,-0.20142362964504745
Risk-Aware Regime Switching,8377,-0.1934996828969736
Risk-Aware Regime Switching,8378,-0.1283049673155765
Risk-Aware Regime Switching,8379,-0.20793007475617697
Risk-Aware Regime Switching,8380,-0.4151533883844273
Risk-Aware Regime Switching,8381,-0.24288823691508798
Risk-Aware Regime Switching,8382,-0.22606236917523004
Risk-Aware Regime Switching,8383,-0.20684941128551804
Risk-Aware Regime Switching,8384,-0.3525095762407542
Risk-Aware Regime Switching,8385,-0.3918449300735679
Risk-Aware Regime Switching,8386,-0.17704375445380582
Risk-Aware Regime Switching,8387,-0.14927350368293058
Risk-Aware Regime Switching,8388,-0.22045364524396427
Risk-Aware Regime Switching,8389,-0.250013823662379
Risk-Aware Regime Switching,8390,-0.19418619424202144
Risk-Aware Regime Switching,8391,-0.1807401455193377
Risk-Aware Regime Switching,8392,-0.291197322026403
Risk-Aware Regime Switching,8393,-0.2225231726792487
Risk-Aware Regime Switching,8394,-0.21470776463064634
Risk-Aware Regime Switching,8395,-0.19051298190969557
Risk-Aware Regime Switching,8396,-0.24841871074061028
Risk-Aware Regime Switching,8397,-0.11547266224313135
Risk-Aware Regime Switching,8398,-0.2149562484210975
Risk-Aware Regime Switching,8399,-0.1543406077927827
Risk-Aware Regime Switching,8400,-0.16077036940117273
Risk-Aware Regime Switching,8401,-0.17819179443042965
Risk-Aware Regime Switching,8402,-0.30533495797560417
Risk-Aware Regime Switching,8403,-0.14706256147417585
Risk-Aware Regime Switching,8404,-0.15012648973122966
Risk-Aware Regime Switching,8405,-0.28820315304253996
Risk-Aware Regime Switching,8406,-0.17106858282637283
Risk-Aware Regime Switching,8407,-0.25834976067897863
Risk-Aware Regime Switching,8408,-0.14526220848826898
Risk-Aware Regime Switching,8409,-0.18972606547928783
Risk-Aware Regime Switching,8410,-0.1321536127244871
Risk-Aware Regime Switching,8411,-0.1826582890965457
Risk-Aware Regime Switching,8412,-0.24934691998003733
Risk-Aware Regime Switching,8413,-0.28426102536827624
Risk-Aware Regime Switching,8414,-0.3597808678618958
Risk-Aware Regime Switching,8415,-0.2618967527564817
Risk-Aware Regime Switching,8416,-0.16856966392854278
Risk-Aware Regime Switching,8417,-0.17466106931366898
Risk-Aware Regime Switching,8418,-0.2634797703670444
Risk-Aware Regime Switching,8419,-0.22507075351825745
Risk-Aware Regime Switching,8420,-0.11802488385405241
Risk-Aware Regime Switching,8421,-0.08281762195555953
Risk-Aware Regime Switching,8422,-0.1299515572446528
Risk-Aware Regime Switching,8423,-0.2699477825345471
Risk-Aware Regime Switching,8424,-0.21970903236985428
Risk-Aware Regime Switching,8425,-0.27239513590760334
Risk-Aware Regime Switching,8426,-0.3930058628764712
Risk-Aware Regime Switching,8427,-0.19276096400379017
Risk-Aware Regime Switching,8428,-0.2952447119115258
Risk-Aware Regime Switching,8429,-0.2388862429021008
Risk-Aware Regime Switching,8430,-0.37380446027256664
Risk-Aware Regime Switching,8431,-0.1667397245738671
Risk-Aware Regime Switching,8432,-0.36994289536275027
Risk-Aware Regime Switching,8433,-0.16301592034864365
Risk-Aware Regime Switching,8434,-0.19380216364355063
Risk-Aware Regime Switching,8435,-0.33273329563784626
Risk-Aware Regime Switching,8436,-0.34717763407324287
Risk-Aware Regime Switching,8437,-0.31588711414870496
Risk-Aware Regime Switching,8438,-0.23403765768826434
Risk-Aware Regime Switching,8439,-0.45488272044851685
Risk-Aware Regime Switching,8440,-0.11183545842694775
Risk-Aware Regime Switching,8441,-0.22950207781802323
Risk-Aware Regime Switching,8442,-0.143433092980092
Risk-Aware Regime Switching,8443,-0.2579912192444408
Risk-Aware Regime Switching,8444,-0.18293997211275004
Risk-Aware Regime Switching,8445,-0.37801050186109564
Risk-Aware Regime Switching,8446,-0.1671114237386816
Risk-Aware Regime Switching,8447,-0.2682300837371837
Risk-Aware Regime Switching,8448,-0.48433018781697057
Risk-Aware Regime Switching,8449,-0.2160198243341258
Risk-Aware Regime Switching,8450,-0.355622479407409
Risk-Aware Regime Switching,8451,-0.18303388748140836
Risk-Aware Regime Switching,8452,-0.14391856347550358
Risk-Aware Regime Switching,8453,-0.13589719608397577
Risk-Aware Regime Switching,8454,-0.2487689979112907
Risk-Aware Regime Switching,8455,-0.3159000851937951
Risk-Aware Regime Switching,8456,-0.14711482877631044
Risk-Aware Regime Switching,8457,-0.19581312184938549
Risk-Aware Regime Switching,8458,-0.2981974306192181
Risk-Aware Regime Switching,8459,-0.37908397480525335
Risk-Aware Regime Switching,8460,-0.09188741894238861
Risk-Aware Regime Switching,8461,-0.22221679752440804
Risk-Aware Regime Switching,8462,-0.16054433166275084
Risk-Aware Regime Switching,8463,-0.17385921750637856
Risk-Aware Regime Switching,8464,-0.23178918426784767
Risk-Aware Regime Switching,8465,-0.22840444972297824
Risk-Aware Regime Switching,8466,-0.2516083977481689
Risk-Aware Regime Switching,8467,-0.15522275533398922
Risk-Aware Regime Switching,8468,-0.27964585113006446
Risk-Aware Regime Switching,8469,-0.5035181733733037
Risk-Aware Regime Switching,8470,-0.41792848178102027
Risk-Aware Regime Switching,8471,-0.39416882657167696
Risk-Aware Regime Switching,8472,-0.17353019194310138
Risk-Aware Regime Switching,8473,-0.17827955794690753
Risk-Aware Regime Switching,8474,-0.2203083420796932
Risk-Aware Regime Switching,8475,-0.24747344577345842
Risk-Aware Regime Switching,8476,-0.27889010638548506
Risk-Aware Regime Switching,8477,-0.282697347362169
Risk-Aware Regime Switching,8478,-0.1623905579930215
Risk-Aware Regime Switching,8479,-0.25500284236659554
Risk-Aware Regime Switching,8480,-0.2334481349708437
Risk-Aware Regime Switching,8481,-0.24159316821403776
Risk-Aware Regime Switching,8482,-0.3378883163467362
Risk-Aware Regime Switching,8483,-0.21399509939757277
Risk-Aware Regime Switching,8484,-0.20630952370793953
Risk-Aware Regime Switching,8485,-0.14112715693545275
Risk-Aware Regime Switching,8486,-0.23820781408176162
Risk-Aware Regime Switching,8487,-0.22630606683774213
Risk-Aware Regime Switching,8488,-0.22634782782718355
Risk-Aware Regime Switching,8489,-0.35769786428653927
Risk-Aware Regime Switching,8490,-0.27793940223513913
Risk-Aware Regime Switching,8491,-0.14282471113202255
Risk-Aware Regime Switching,8492,-0.22665408086168237
Risk-Aware Regime Switching,8493,-0.24941995506695602
Risk-Aware Regime Switching,8494,-0.37208371752088343
Risk-Aware Regime Switching,8495,-0.4325484931517396
Risk-Aware Regime Switching,8496,-0.24126908821057969
Risk-Aware Regime Switching,8497,-0.12819405568706677
Risk-Aware Regime Switching,8498,-0.18946751169228937
Risk-Aware Regime Switching,8499,-0.23949004838210253
Risk-Aware Regime Switching,8500,-0.1440619841495664
Risk-Aware Regime Switching,8501,-0.19117290345579985
Risk-Aware Regime Switching,8502,-0.2462792529392599
Risk-Aware Regime Switching,8503,-0.14381702463770696
Risk-Aware Regime Switching,8504,-0.3573895096899248
Risk-Aware Regime Switching,8505,-0.2721139672546745
Risk-Aware Regime Switching,8506,-0.3553095890310509
Risk-Aware Regime Switching,8507,-0.36558987088838324
Risk-Aware Regime Switching,8508,-0.16834945387187772
Risk-Aware Regime Switching,8509,-0.17886554143740352
Risk-Aware Regime Switching,8510,-0.4599284952792443
Risk-Aware Regime Switching,8511,-0.22904090294142032
Risk-Aware Regime Switching,8512,-0.17187950438063282
Risk-Aware Regime Switching,8513,-0.36399939258754954
Risk-Aware Regime Switching,8514,-0.19581243393947023
Risk-Aware Regime Switching,8515,-0.17786253416286923
Risk-Aware Regime Switching,8516,-0.2688114413633348
Risk-Aware Regime Switching,8517,-0.3235371657075615
Risk-Aware Regime Switching,8518,-0.1963297436482352
Risk-Aware Regime Switching,8519,-0.2431500317266666
Risk-Aware Regime Switching,8520,-0.09492861353050541
Risk-Aware Regime Switching,8521,-0.11367900927811125
Risk-Aware Regime Switching,8522,-0.1947352745199381
Risk-Aware Regime Switching,8523,-0.1511258846376312
Risk-Aware Regime Switching,8524,-0.16137840674682236
Risk-Aware Regime Switching,8525,-0.32037032769028007
Risk-Aware Regime Switching,8526,-0.1928165677212852
Risk-Aware Regime Switching,8527,-0.1947968478369898
Risk-Aware Regime Switching,8528,-0.27445730442431404
Risk-Aware Regime Switching,8529,-0.15622321431239083
Risk-Aware Regime Switching,8530,-0.3741270592956676
Risk-Aware Regime Switching,8531,-0.14757699716739292
Risk-Aware Regime Switching,8532,-0.19729313881278376
Risk-Aware Regime Switching,8533,-0.1905311255701143
Risk-Aware Regime Switching,8534,-0.18893141153228843
Risk-Aware Regime Switching,8535,-0.49006130592086083
Risk-Aware Regime Switching,8536,-0.40460181854683086
Risk-Aware Regime Switching,8537,-0.14561883739069892
Risk-Aware Regime Switching,8538,-0.2562378600783026
Risk-Aware Regime Switching,8539,-0.2039517920098194
Risk-Aware Regime Switching,8540,-0.5040604182235235
Risk-Aware Regime Switching,8541,-0.5267465002660449
Risk-Aware Regime Switching,8542,-0.29349256417209124
Risk-Aware Regime Switching,8543,-0.1988464076405816
Risk-Aware Regime Switching,8544,-0.3283842122435183
Risk-Aware Regime Switching,8545,-0.274331964474001
Risk-Aware Regime Switching,8546,-0.2302657761828253
Risk-Aware Regime Switching,8547,-0.22042233806287115
Risk-Aware Regime Switching,8548,-0.3991539422652147
Risk-Aware Regime Switching,8549,-0.20416442305203564
Risk-Aware Regime Switching,8550,-0.3078061698347131
Risk-Aware Regime Switching,8551,-0.17159437549569567
Risk-Aware Regime Switching,8552,-0.19953432693927642
Risk-Aware Regime Switching,8553,-0.198344895196225
Risk-Aware Regime Switching,8554,-0.20811385335293897
Risk-Aware Regime Switching,8555,-0.3072616683160584
Risk-Aware Regime Switching,8556,-0.2739801277666083
Risk-Aware Regime Switching,8557,-0.41706952580268186
Risk-Aware Regime Switching,8558,-0.1785771968938864
Risk-Aware Regime Switching,8559,-0.32510878581081026
Risk-Aware Regime Switching,8560,-0.390971559695815
Risk-Aware Regime Switching,8561,-0.17185019184448513
Risk-Aware Regime Switching,8562,-0.23221622606758263
Risk-Aware Regime Switching,8563,-0.24314039420097344
Risk-Aware Regime Switching,8564,-0.09830328619300033
Risk-Aware Regime Switching,8565,-0.2480662003915326
Risk-Aware Regime Switching,8566,-0.28902417312784656
Risk-Aware Regime Switching,8567,-0.34719158121979377
Risk-Aware Regime Switching,8568,-0.13767243158150377
Risk-Aware Regime Switching,8569,-0.46128992248489253
Risk-Aware Regime Switching,8570,-0.19906674025302395
Risk-Aware Regime Switching,8571,-0.18781797701259773
Risk-Aware Regime Switching,8572,-0.23185989451988187
Risk-Aware Regime Switching,8573,-0.3312591810358808
Risk-Aware Regime Switching,8574,-0.30465329981733
Risk-Aware Regime Switching,8575,-0.14139791762876563
Risk-Aware Regime Switching,8576,-0.43027935633767334
Risk-Aware Regime Switching,8577,-0.13989003778617437
Risk-Aware Regime Switching,8578,-0.39532807972861295
Risk-Aware Regime Switching,8579,-0.2845716492922329
Risk-Aware Regime Switching,8580,-0.1942838620763998
Risk-Aware Regime Switching,8581,-0.23403226915539965
Risk-Aware Regime Switching,8582,-0.3631903542982704
Risk-Aware Regime Switching,8583,-0.3278961774366066
Risk-Aware Regime Switching,8584,-0.2626679677764736
Risk-Aware Regime Switching,8585,-0.3779847782146798
Risk-Aware Regime Switching,8586,-0.28699415140620543
Risk-Aware Regime Switching,8587,-0.35044051837229984
Risk-Aware Regime Switching,8588,-0.20984457489863573
Risk-Aware Regime Switching,8589,-0.4977718912540732
Risk-Aware Regime Switching,8590,-0.21775024024017442
Risk-Aware Regime Switching,8591,-0.37118544877063664
Risk-Aware Regime Switching,8592,-0.3364558054865956
Risk-Aware Regime Switching,8593,-0.28002752620105453
Risk-Aware Regime Switching,8594,-0.3043355170090717
Risk-Aware Regime Switching,8595,-0.1873403517883131
Risk-Aware Regime Switching,8596,-0.3213103937851277
Risk-Aware Regime Switching,8597,-0.10638202937565644
Risk-Aware Regime Switching,8598,-0.20987210363401043
Risk-Aware Regime Switching,8599,-0.14810919801281563
Risk-Aware Regime Switching,8600,-0.15034750925750806
Risk-Aware Regime Switching,8601,-0.2068856369778297
Risk-Aware Regime Switching,8602,-0.2673764356880278
Risk-Aware Regime Switching,8603,-0.26925020749159834
Risk-Aware Regime Switching,8604,-0.286711177214231
Risk-Aware Regime Switching,8605,-0.27224047769999504
Risk-Aware Regime Switching,8606,-0.15132500977677954
Risk-Aware Regime Switching,8607,-0.20202083145623784
Risk-Aware Regime Switching,8608,-0.24852403715722893
Risk-Aware Regime Switching,8609,-0.20046066179234523
Risk-Aware Regime Switching,8610,-0.38914675813537847
Risk-Aware Regime Switching,8611,-0.30648605720736477
Risk-Aware Regime Switching,8612,-0.32700843631917176
Risk-Aware Regime Switching,8613,-0.4016123244380698
Risk-Aware Regime Switching,8614,-0.3796507472009343
Risk-Aware Regime Switching,8615,-0.39987105688402313
Risk-Aware Regime Switching,8616,-0.13515982325992515
Risk-Aware Regime Switching,8617,-0.4082655227695642
Risk-Aware Regime Switching,8618,-0.3578654676447257
Risk-Aware Regime Switching,8619,-0.22577252919470048
Risk-Aware Regime Switching,8620,-0.1393602722574092
Risk-Aware Regime Switching,8621,-0.3748158689081912
Risk-Aware Regime Switching,8622,-0.343998630259721
Risk-Aware Regime Switching,8623,-0.16770385041031
Risk-Aware Regime Switching,8624,-0.38894778824058773
Risk-Aware Regime Switching,8625,-0.29627358118916325
Risk-Aware Regime Switching,8626,-0.1478621306675194
Risk-Aware Regime Switching,8627,-0.10695474298454632
Risk-Aware Regime Switching,8628,-0.20051373788690185
Risk-Aware Regime Switching,8629,-0.41473771366409995
Risk-Aware Regime Switching,8630,-0.22483162867003403
Risk-Aware Regime Switching,8631,-0.17476296907171496
Risk-Aware Regime Switching,8632,-0.26322667967961977
Risk-Aware Regime Switching,8633,-0.16040084483793882
Risk-Aware Regime Switching,8634,-0.321440162833435
Risk-Aware Regime Switching,8635,-0.19075009621221561
Risk-Aware Regime Switching,8636,-0.2585713690092726
Risk-Aware Regime Switching,8637,-0.2046124110505072
Risk-Aware Regime Switching,8638,-0.17105157347310096
Risk-Aware Regime Switching,8639,-0.1713607899380969
Risk-Aware Regime Switching,8640,-0.13658966302498488
Risk-Aware Regime Switching,8641,-0.37644011294792046
Risk-Aware Regime Switching,8642,-0.1444598751380013
Risk-Aware Regime Switching,8643,-0.21467886308881956
Risk-Aware Regime Switching,8644,-0.17338679706181848
Risk-Aware Regime Switching,8645,-0.36730546555698174
Risk-Aware Regime Switching,8646,-0.16729546853491517
Risk-Aware Regime Switching,8647,-0.27587632953954244
Risk-Aware Regime Switching,8648,-0.27851119523297874
Risk-Aware Regime Switching,8649,-0.30174734378612744
Risk-Aware Regime Switching,8650,-0.3628750405738207
Risk-Aware Regime Switching,8651,-0.2320926840357197
Risk-Aware Regime Switching,8652,-0.2737386161527888
Risk-Aware Regime Switching,8653,-0.12699509435299994
Risk-Aware Regime Switching,8654,-0.22416520050234567
Risk-Aware Regime Switching,8655,-0.1521743549854213
Risk-Aware Regime Switching,8656,-0.26497656653749735
Risk-Aware Regime Switching,8657,-0.2929301549093891
Risk-Aware Regime Switching,8658,-0.1818368298971781
Risk-Aware Regime Switching,8659,-0.24021526795892678
Risk-Aware Regime Switching,8660,-0.13103136709968588
Risk-Aware Regime Switching,8661,-0.2844595964248119
Risk-Aware Regime Switching,8662,-0.341143662561214
Risk-Aware Regime Switching,8663,-0.3210672886774989
Risk-Aware Regime Switching,8664,-0.19838057016957433
Risk-Aware Regime Switching,8665,-0.22805422788084873
Risk-Aware Regime Switching,8666,-0.27820648266539183
Risk-Aware Regime Switching,8667,-0.1907408823175244
Risk-Aware Regime Switching,8668,-0.2211803837338332
Risk-Aware Regime Switching,8669,-0.24006919781465075
Risk-Aware Regime Switching,8670,-0.24988237644706157
Risk-Aware Regime Switching,8671,-0.3442190975120105
Risk-Aware Regime Switching,8672,-0.1756036482201505
Risk-Aware Regime Switching,8673,-0.16080087132373155
Risk-Aware Regime Switching,8674,-0.43202957409256904
Risk-Aware Regime Switching,8675,-0.17587988792622955
Risk-Aware Regime Switching,8676,-0.23561497555644761
Risk-Aware Regime Switching,8677,-0.22130859760276445
Risk-Aware Regime Switching,8678,-0.15359031574017457
Risk-Aware Regime Switching,8679,-0.08639072059984654
Risk-Aware Regime Switching,8680,-0.18349076326631142
Risk-Aware Regime Switching,8681,-0.339815627732021
Risk-Aware Regime Switching,8682,-0.3008821361867995
Risk-Aware Regime Switching,8683,-0.2351401108611484
Risk-Aware Regime Switching,8684,-0.36463516917632066
Risk-Aware Regime Switching,8685,-0.3240856745895967
Risk-Aware Regime Switching,8686,-0.1260947146045165
Risk-Aware Regime Switching,8687,-0.4203964079640582
Risk-Aware Regime Switching,8688,-0.2722777192824636
Risk-Aware Regime Switching,8689,-0.27098217419125037
Risk-Aware Regime Switching,8690,-0.46742486936036787
Risk-Aware Regime Switching,8691,-0.16960624576833727
Risk-Aware Regime Switching,8692,-0.20052554877294237
Risk-Aware Regime Switching,8693,-0.32459158111945574
Risk-Aware Regime Switching,8694,-0.3444948444955699
Risk-Aware Regime Switching,8695,-0.20938024839078284
Risk-Aware Regime Switching,8696,-0.27791094886407086
Risk-Aware Regime Switching,8697,-0.2949398146602912
Risk-Aware Regime Switching,8698,-0.29931076318864247
Risk-Aware Regime Switching,8699,-0.22199810797987418
Risk-Aware Regime Switching,8700,-0.33053278368670347
Risk-Aware Regime Switching,8701,-0.395917451747258
Risk-Aware Regime Switching,8702,-0.2490240213440128
Risk-Aware Regime Switching,8703,-0.2848111821282664
Risk-Aware Regime Switching,8704,-0.34418156453790105
Risk-Aware Regime Switching,8705,-0.33085231761583245
Risk-Aware Regime Switching,8706,-0.16938132261086725
Risk-Aware Regime Switching,8707,-0.15938697939560276
Risk-Aware Regime Switching,8708,-0.25182656246099366
Risk-Aware Regime Switching,8709,-0.24847976326247823
Risk-Aware Regime Switching,8710,-0.14622839515698427
Risk-Aware Regime Switching,8711,-0.2958733342240172
Risk-Aware Regime Switching,8712,-0.24596651071702913
Risk-Aware Regime Switching,8713,-0.2528525938286025
Risk-Aware Regime Switching,8714,-0.2147762835087409
Risk-Aware Regime Switching,8715,-0.2819615338746485
Risk-Aware Regime Switching,8716,-0.3032961371191477
Risk-Aware Regime Switching,8717,-0.3345149274079692
Risk-Aware Regime Switching,8718,-0.19002358636611882
Risk-Aware Regime Switching,8719,-0.28147518977594344
Risk-Aware Regime Switching,8720,-0.16579934691017495
Risk-Aware Regime Switching,8721,-0.21963606144163195
Risk-Aware Regime Switching,8722,-0.31402092645499646
Risk-Aware Regime Switching,8723,-0.1818343418278744
Risk-Aware Regime Switching,8724,-0.20158587976927
Risk-Aware Regime Switching,8725,-0.2934593857815564
Risk-Aware Regime Switching,8726,-0.29683970928328607
Risk-Aware Regime Switching,8727,-0.22823718233380075
Risk-Aware Regime Switching,8728,-0.17863049433757539
Risk-Aware Regime Switching,8729,-0.26452152832608355
Risk-Aware Regime Switching,8730,-0.28635502671558444
Risk-Aware Regime Switching,8731,-0.12907640016792987
Risk-Aware Regime Switching,8732,-0.17451497213021372
Risk-Aware Regime Switching,8733,-0.11598417083323775
Risk-Aware Regime Switching,8734,-0.1554480399303868
Risk-Aware Regime Switching,8735,-0.23452098577608282
Risk-Aware Regime Switching,8736,-0.20631253601447486
Risk-Aware Regime Switching,8737,-0.2633905659117207
Risk-Aware Regime Switching,8738,-0.3193251902558383
Risk-Aware Regime Switching,8739,-0.37392536063500437
Risk-Aware Regime Switching,8740,-0.5160956261715375
Risk-Aware Regime Switching,8741,-0.16737544787199476
Risk-Aware Regime Switching,8742,-0.43780589530985226
Risk-Aware Regime Switching,8743,-0.12464788730369925
Risk-Aware Regime Switching,8744,-0.3284949839001843
Risk-Aware Regime Switching,8745,-0.19807435630515746
Risk-Aware Regime Switching,8746,-0.26871063127139994
Risk-Aware Regime Switching,8747,-0.2191788319099912
Risk-Aware Regime Switching,8748,-0.18285237846822977
Risk-Aware Regime Switching,8749,-0.2715358317952742
Risk-Aware Regime Switching,8750,-0.35077968662167813
Risk-Aware Regime Switching,8751,-0.19668229114087787
Risk-Aware Regime Switching,8752,-0.2109365704718862
Risk-Aware Regime Switching,8753,-0.2825424288608477
Risk-Aware Regime Switching,8754,-0.3376767004591996
Risk-Aware Regime Switching,8755,-0.2908278092207487
Risk-Aware Regime Switching,8756,-0.36129172045361047
Risk-Aware Regime Switching,8757,-0.29321581379627015
Risk-Aware Regime Switching,8758,-0.37225382572899846
Risk-Aware Regime Switching,8759,-0.3446356468267957
Risk-Aware Regime Switching,8760,-0.117067095488529
Risk-Aware Regime Switching,8761,-0.3161080690841953
Risk-Aware Regime Switching,8762,-0.2596230938403046
Risk-Aware Regime Switching,8763,-0.2690186595799884
Risk-Aware Regime Switching,8764,-0.2917586028965681
Risk-Aware Regime Switching,8765,-0.16258045204044858
Risk-Aware Regime Switching,8766,-0.13176881148023534
Risk-Aware Regime Switching,8767,-0.2943391784940227
Risk-Aware Regime Switching,8768,-0.18387414039993388
Risk-Aware Regime Switching,8769,-0.24355277273536258
Risk-Aware Regime Switching,8770,-0.25178947858389555
Risk-Aware Regime Switching,8771,-0.34271583372408576
Risk-Aware Regime Switching,8772,-0.2044005185564839
Risk-Aware Regime Switching,8773,-0.12893088580051115
Risk-Aware Regime Switching,8774,-0.2581952908595513
Risk-Aware Regime Switching,8775,-0.2977257209598325
Risk-Aware Regime Switching,8776,-0.41420746920717044
Risk-Aware Regime Switching,8777,-0.15406357155001116
Risk-Aware Regime Switching,8778,-0.20862624288046439
Risk-Aware Regime Switching,8779,-0.21777368689991472
Risk-Aware Regime Switching,8780,-0.14167114016940507
Risk-Aware Regime Switching,8781,-0.33023844299097793
Risk-Aware Regime Switching,8782,-0.2303346716347694
Risk-Aware Regime Switching,8783,-0.3130799559272207
Risk-Aware Regime Switching,8784,-0.09167199900020195
Risk-Aware Regime Switching,8785,-0.18741629903695067
Risk-Aware Regime Switching,8786,-0.23850791209720745
Risk-Aware Regime Switching,8787,-0.22609764756842476
Risk-Aware Regime Switching,8788,-0.20349691079822496
Risk-Aware Regime Switching,8789,-0.14793759550048158
Risk-Aware Regime Switching,8790,-0.39428931858594163
Risk-Aware Regime Switching,8791,-0.2745892048530648
Risk-Aware Regime Switching,8792,-0.3222741643604864
Risk-Aware Regime Switching,8793,-0.39713101482925184
Risk-Aware Regime Switching,8794,-0.22779865287412937
Risk-Aware Regime Switching,8795,-0.18799373941929898
Risk-Aware Regime Switching,8796,-0.13215009497463015
Risk-Aware Regime Switching,8797,-0.3076650203454341
Risk-Aware Regime Switching,8798,-0.2896791346165696
Risk-Aware Regime Switching,8799,-0.2055548320832813
Risk-Aware Regime Switching,8800,-0.26233605783441427
Risk-Aware Regime Switching,8801,-0.3312311949958864
Risk-Aware Regime Switching,8802,-0.38122374170367046
Risk-Aware Regime Switching,8803,-0.2630294408022128
Risk-Aware Regime Switching,8804,-0.25085076262712436
Risk-Aware Regime Switching,8805,-0.364043831794575
Risk-Aware Regime Switching,8806,-0.2922626829487167
Risk-Aware Regime Switching,8807,-0.34673104028057244
Risk-Aware Regime Switching,8808,-0.1712545498039657
Risk-Aware Regime Switching,8809,-0.4005008118609362
Risk-Aware Regime Switching,8810,-0.2548563136300156
Risk-Aware Regime Switching,8811,-0.21208555649195127
Risk-Aware Regime Switching,8812,-0.3186482970336195
Risk-Aware Regime Switching,8813,-0.17228401135309523
Risk-Aware Regime Switching,8814,-0.32886951303035616
Risk-Aware Regime Switching,8815,-0.1727487815790244
Risk-Aware Regime Switching,8816,-0.31682551133885317
Risk-Aware Regime Switching,8817,-0.24337947226172107
Risk-Aware Regime Switching,8818,-0.2855000654819536
Risk-Aware Regime Switching,8819,-0.11261557424007684
Risk-Aware Regime Switching,8820,-0.20571046816399519
Risk-Aware Regime Switching,8821,-0.33114867980583373
Risk-Aware Regime Switching,8822,-0.27300492184874914
Risk-Aware Regime Switching,8823,-0.17553430522375257
Risk-Aware Regime Switching,8824,-0.09375528409356093
Risk-Aware Regime Switching,8825,-0.37079177667898133
Risk-Aware Regime Switching,8826,-0.2053410431807262
Risk-Aware Regime Switching,8827,-0.27582223940278616
Risk-Aware Regime Switching,8828,-0.144516599259089
Risk-Aware Regime Switching,8829,-0.17502038955952437
Risk-Aware Regime Switching,8830,-0.15576198481431092
Risk-Aware Regime Switching,8831,-0.26518117973427546
Risk-Aware Regime Switching,8832,-0.1547034817266547
Risk-Aware Regime Switching,8833,-0.3604729041490897
Risk-Aware Regime Switching,8834,-0.3830484440454809
Risk-Aware Regime Switching,8835,-0.28193502017415484
Risk-Aware Regime Switching,8836,-0.14547912268484453
Risk-Aware Regime Switching,8837,-0.166289670917648
Risk-Aware Regime Switching,8838,-0.39709018823628306
Risk-Aware Regime Switching,8839,-0.4024174017741631
Risk-Aware Regime Switching,8840,-0.2252037400426431
Risk-Aware Regime Switching,8841,-0.21941913671099555
Risk-Aware Regime Switching,8842,-0.11374497578300846
Risk-Aware Regime Switching,8843,-0.33074839996496896
Risk-Aware Regime Switching,8844,-0.1556047474168647
Risk-Aware Regime Switching,8845,-0.18352128684155034
Risk-Aware Regime Switching,8846,-0.41387139330838985
Risk-Aware Regime Switching,8847,-0.2832270564277546
Risk-Aware Regime Switching,8848,-0.13243460505973248
Risk-Aware Regime Switching,8849,-0.30675492258448744
Risk-Aware Regime Switching,8850,-0.24363021582525257
Risk-Aware Regime Switching,8851,-0.2474928727988227
Risk-Aware Regime Switching,8852,-0.24239266779837132
Risk-Aware Regime Switching,8853,-0.29519103066562935
Risk-Aware Regime Switching,8854,-0.18764550810566838
Risk-Aware Regime Switching,8855,-0.15792747945960384
Risk-Aware Regime Switching,8856,-0.131929749229301
Risk-Aware Regime Switching,8857,-0.19541073535042663
Risk-Aware Regime Switching,8858,-0.23416328954877674
Risk-Aware Regime Switching,8859,-0.18095172784731972
Risk-Aware Regime Switching,8860,-0.28521643870206226
Risk-Aware Regime Switching,8861,-0.13807401460946322
Risk-Aware Regime Switching,8862,-0.1595879117551785
Risk-Aware Regime Switching,8863,-0.18186972274096902
Risk-Aware Regime Switching,8864,-0.18904528663609088
Risk-Aware Regime Switching,8865,-0.3133817099600582
Risk-Aware Regime Switching,8866,-0.13469848283074104
Risk-Aware Regime Switching,8867,-0.2091052069275654
Risk-Aware Regime Switching,8868,-0.36021464062158737
Risk-Aware Regime Switching,8869,-0.21084822328470554
Risk-Aware Regime Switching,8870,-0.17857185594773684
Risk-Aware Regime Switching,8871,-0.29613504793670986
Risk-Aware Regime Switching,8872,-0.12036458040373132
Risk-Aware Regime Switching,8873,-0.1330261687688472
Risk-Aware Regime Switching,8874,-0.11019101387706565
Risk-Aware Regime Switching,8875,-0.4114573289654676
Risk-Aware Regime Switching,8876,-0.26023036801930877
Risk-Aware Regime Switching,8877,-0.18804625290113408
Risk-Aware Regime Switching,8878,-0.16156765157502873
Risk-Aware Regime Switching,8879,-0.20555994035863667
Risk-Aware Regime Switching,8880,-0.38365540484466054
Risk-Aware Regime Switching,8881,-0.3507124813527708
Risk-Aware Regime Switching,8882,-0.2760607093762891
Risk-Aware Regime Switching,8883,-0.2665582459666167
Risk-Aware Regime Switching,8884,-0.23378785782099176
Risk-Aware Regime Switching,8885,-0.4034702590594189
Risk-Aware Regime Switching,8886,-0.08969456891770167
Risk-Aware Regime Switching,8887,-0.20130849228170544
Risk-Aware Regime Switching,8888,-0.23476327941123254
Risk-Aware Regime Switching,8889,-0.1608280100485311
Risk-Aware Regime Switching,8890,-0.18832055412610316
Risk-Aware Regime Switching,8891,-0.29060936362045486
Risk-Aware Regime Switching,8892,-0.22093532951573525
Risk-Aware Regime Switching,8893,-0.3102231547866887
Risk-Aware Regime Switching,8894,-0.39146112218234486
Risk-Aware Regime Switching,8895,-0.17233838358057352
Risk-Aware Regime Switching,8896,-0.18746924091594086
Risk-Aware Regime Switching,8897,-0.3028135595675765
Risk-Aware Regime Switching,8898,-0.1924045264484615
Risk-Aware Regime Switching,8899,-0.1483260979867762
Risk-Aware Regime Switching,8900,-0.16725551578971687
Risk-Aware Regime Switching,8901,-0.23279738605046407
Risk-Aware Regime Switching,8902,-0.31292312871630223
Risk-Aware Regime Switching,8903,-0.14467206637532615
Risk-Aware Regime Switching,8904,-0.3253402494541203
Risk-Aware Regime Switching,8905,-0.12409102394470128
Risk-Aware Regime Switching,8906,-0.2061421614860155
Risk-Aware Regime Switching,8907,-0.5281880943166315
Risk-Aware Regime Switching,8908,-0.33148757984749044
Risk-Aware Regime Switching,8909,-0.21526056186152887
Risk-Aware Regime Switching,8910,-0.13040874783994605
Risk-Aware Regime Switching,8911,-0.2766023795082868
Risk-Aware Regime Switching,8912,-0.15173381009131992
Risk-Aware Regime Switching,8913,-0.16739011425733208
Risk-Aware Regime Switching,8914,-0.3756080981589436
Risk-Aware Regime Switching,8915,-0.40111765617838124
Risk-Aware Regime Switching,8916,-0.11513906194926449
Risk-Aware Regime Switching,8917,-0.38718079165868624
Risk-Aware Regime Switching,8918,-0.24911974282594984
Risk-Aware Regime Switching,8919,-0.07350899299808278
Risk-Aware Regime Switching,8920,-0.11941823701370158
Risk-Aware Regime Switching,8921,-0.3119182544547102
Risk-Aware Regime Switching,8922,-0.17500157613385214
Risk-Aware Regime Switching,8923,-0.2772735160224121
Risk-Aware Regime Switching,8924,-0.18794620859100364
Risk-Aware Regime Switching,8925,-0.21948768954229037
Risk-Aware Regime Switching,8926,-0.24965245158107696
Risk-Aware Regime Switching,8927,-0.14747133549375668
Risk-Aware Regime Switching,8928,-0.3483338402093633
Risk-Aware Regime Switching,8929,-0.2682110175343254
Risk-Aware Regime Switching,8930,-0.2901820209779281
Risk-Aware Regime Switching,8931,-0.29017107565638356
Risk-Aware Regime Switching,8932,-0.0984450774635417
Risk-Aware Regime Switching,8933,-0.3412511117145228
Risk-Aware Regime Switching,8934,-0.17793241191293185
Risk-Aware Regime Switching,8935,-0.14842121303052025
Risk-Aware Regime Switching,8936,-0.15562115765567497
Risk-Aware Regime Switching,8937,-0.2195106384381328
Risk-Aware Regime Switching,8938,-0.17880060317498747
Risk-Aware Regime Switching,8939,-0.16524733542270487
Risk-Aware Regime Switching,8940,-0.4835811463245717
Risk-Aware Regime Switching,8941,-0.36385729570911707
Risk-Aware Regime Switching,8942,-0.16104918505546106
Risk-Aware Regime Switching,8943,-0.17656403657358188
Risk-Aware Regime Switching,8944,-0.12592790521054398
Risk-Aware Regime Switching,8945,-0.12993323930881795
Risk-Aware Regime Switching,8946,-0.16466784643690324
Risk-Aware Regime Switching,8947,-0.1793848463687433
Risk-Aware Regime Switching,8948,-0.4331560241763419
Risk-Aware Regime Switching,8949,-0.1791868669092107
Risk-Aware Regime Switching,8950,-0.308210000104821
Risk-Aware Regime Switching,8951,-0.16720292301128292
Risk-Aware Regime Switching,8952,-0.21958885150026886
Risk-Aware Regime Switching,8953,-0.20138934276040876
Risk-Aware Regime Switching,8954,-0.23597536626530524
Risk-Aware Regime Switching,8955,-0.17040332258094593
Risk-Aware Regime Switching,8956,-0.5416640432467495
Risk-Aware Regime Switching,8957,-0.2278985503012526
Risk-Aware Regime Switching,8958,-0.3721911529229628
Risk-Aware Regime Switching,8959,-0.21154084077591462
Risk-Aware Regime Switching,8960,-0.289317889941188
Risk-Aware Regime Switching,8961,-0.3146009686731782
Risk-Aware Regime Switching,8962,-0.234693845575902
Risk-Aware Regime Switching,8963,-0.3614907377879928
Risk-Aware Regime Switching,8964,-0.22281220735467056
Risk-Aware Regime Switching,8965,-0.3892162389179574
Risk-Aware Regime Switching,8966,-0.19941670016539736
Risk-Aware Regime Switching,8967,-0.11087321702112618
Risk-Aware Regime Switching,8968,-0.19137070602790218
Risk-Aware Regime Switching,8969,-0.35960308101361327
Risk-Aware Regime Switching,8970,-0.2149343553753581
Risk-Aware Regime Switching,8971,-0.35052202949658784
Risk-Aware Regime Switching,8972,-0.23911747249460236
Risk-Aware Regime Switching,8973,-0.11877046650168854
Risk-Aware Regime Switching,8974,-0.42481908156318515
Risk-Aware Regime Switching,8975,-0.2926926596744952
Risk-Aware Regime Switching,8976,-0.2055507292831874
Risk-Aware Regime Switching,8977,-0.42948995562699943
Risk-Aware Regime Switching,8978,-0.1749398403176321
Risk-Aware Regime Switching,8979,-0.17279028172800504
Risk-Aware Regime Switching,8980,-0.19340768760737082
Risk-Aware Regime Switching,8981,-0.196368892677947
Risk-Aware Regime Switching,8982,-0.13565468767422761
Risk-Aware Regime Switching,8983,-0.29711537876715133
Risk-Aware Regime Switching,8984,-0.16738276546620856
Risk-Aware Regime Switching,8985,-0.39230397801286543
Risk-Aware Regime Switching,8986,-0.28893978812750876
Risk-Aware Regime Switching,8987,-0.31405981567112107
Risk-Aware Regime Switching,8988,-0.39326216475374964
Risk-Aware Regime Switching,8989,-0.0878197104975672
Risk-Aware Regime Switching,8990,-0.3050507783683396
Risk-Aware Regime Switching,8991,-0.16740274027740631
Risk-Aware Regime Switching,8992,-0.17895516014865198
Risk-Aware Regime Switching,8993,-0.22803323686072363
Risk-Aware Regime Switching,8994,-0.1967640494931545
Risk-Aware Regime Switching,8995,-0.19057183362494223
Risk-Aware Regime Switching,8996,-0.520584352867181
Risk-Aware Regime Switching,8997,-0.1780766808929064
Risk-Aware Regime Switching,8998,-0.09978215738334628
Risk-Aware Regime Switching,8999,-0.2690515872834267
Risk-Aware Regime Switching,9000,-0.17718461949021147
Risk-Aware Regime Switching,9001,-0.35609874403463093
Risk-Aware Regime Switching,9002,-0.19495421319221062
Risk-Aware Regime Switching,9003,-0.17515545198625815
Risk-Aware Regime Switching,9004,-0.28480147584653914
Risk-Aware Regime Switching,9005,-0.3247300994922442
Risk-Aware Regime Switching,9006,-0.1679690646546178
Risk-Aware Regime Switching,9007,-0.121174981713151
Risk-Aware Regime Switching,9008,-0.14036374736739843
Risk-Aware Regime Switching,9009,-0.18192589437503448
Risk-Aware Regime Switching,9010,-0.28125236008052557
Risk-Aware Regime Switching,9011,-0.2928871558418994
Risk-Aware Regime Switching,9012,-0.15089408608174548
Risk-Aware Regime Switching,9013,-0.47143291130912013
Risk-Aware Regime Switching,9014,-0.2179748995318168
Risk-Aware Regime Switching,9015,-0.21385105776829427
Risk-Aware Regime Switching,9016,-0.3073573976289693
Risk-Aware Regime Switching,9017,-0.21106668131663442
Risk-Aware Regime Switching,9018,-0.3272800875693469
Risk-Aware Regime Switching,9019,-0.20353759571132224
Risk-Aware Regime Switching,9020,-0.28815436898497926
Risk-Aware Regime Switching,9021,-0.2199222157851316
Risk-Aware Regime Switching,9022,-0.1963393592723206
Risk-Aware Regime Switching,9023,-0.17099628444817716
Risk-Aware Regime Switching,9024,-0.28692850169318684
Risk-Aware Regime Switching,9025,-0.4451675650934477
Risk-Aware Regime Switching,9026,-0.2849266906908252
Risk-Aware Regime Switching,9027,-0.19135492337103188
Risk-Aware Regime Switching,9028,-0.44284679974199315
Risk-Aware Regime Switching,9029,-0.25716620284221325
Risk-Aware Regime Switching,9030,-0.21205381322405537
Risk-Aware Regime Switching,9031,-0.19066295873751526
Risk-Aware Regime Switching,9032,-0.3436720186015061
Risk-Aware Regime Switching,9033,-0.1936912334753097
Risk-Aware Regime Switching,9034,-0.1839540242349229
Risk-Aware Regime Switching,9035,-0.1637889676943296
Risk-Aware Regime Switching,9036,-0.46384424001909674
Risk-Aware Regime Switching,9037,-0.10646882515391964
Risk-Aware Regime Switching,9038,-0.21332452890235698
Risk-Aware Regime Switching,9039,-0.28625411933517253
Risk-Aware Regime Switching,9040,-0.2866448161988301
Risk-Aware Regime Switching,9041,-0.2601621021235533
Risk-Aware Regime Switching,9042,-0.20477764040816693
Risk-Aware Regime Switching,9043,-0.10035766161728965
Risk-Aware Regime Switching,9044,-0.33664499597926045
Risk-Aware Regime Switching,9045,-0.2345568694478537
Risk-Aware Regime Switching,9046,-0.19518910769593034
Risk-Aware Regime Switching,9047,-0.32421449331326835
Risk-Aware Regime Switching,9048,-0.2011132688406907
Risk-Aware Regime Switching,9049,-0.2690795316862409
Risk-Aware Regime Switching,9050,-0.2990351764158393
Risk-Aware Regime Switching,9051,-0.21070874612339585
Risk-Aware Regime Switching,9052,-0.1273909969941589
Risk-Aware Regime Switching,9053,-0.31938027405704483
Risk-Aware Regime Switching,9054,-0.2896490770595156
Risk-Aware Regime Switching,9055,-0.1848155331566551
Risk-Aware Regime Switching,9056,-0.10515409059330194
Risk-Aware Regime Switching,9057,-0.1872011683612791
Risk-Aware Regime Switching,9058,-0.34329457800226426
Risk-Aware Regime Switching,9059,-0.14556217825570827
Risk-Aware Regime Switching,9060,-0.27480966417807673
Risk-Aware Regime Switching,9061,-0.296601064468877
Risk-Aware Regime Switching,9062,-0.34869654810585626
Risk-Aware Regime Switching,9063,-0.2301958333844082
Risk-Aware Regime Switching,9064,-0.26800270537000137
Risk-Aware Regime Switching,9065,-0.4191850867915906
Risk-Aware Regime Switching,9066,-0.39589781023211035
Risk-Aware Regime Switching,9067,-0.3658617798991628
Risk-Aware Regime Switching,9068,-0.23906413745884625
Risk-Aware Regime Switching,9069,-0.11098081300384444
Risk-Aware Regime Switching,9070,-0.35792130993708304
Risk-Aware Regime Switching,9071,-0.2335215458921608
Risk-Aware Regime Switching,9072,-0.24214636524568
Risk-Aware Regime Switching,9073,-0.2054789051198389
Risk-Aware Regime Switching,9074,-0.12189027550729459
Risk-Aware Regime Switching,9075,-0.1588391669470488
Risk-Aware Regime Switching,9076,-0.21608045378075114
Risk-Aware Regime Switching,9077,-0.12871375308089905
Risk-Aware Regime Switching,9078,-0.2428070799843186
Risk-Aware Regime Switching,9079,-0.20716884780523903
Risk-Aware Regime Switching,9080,-0.24107339325252508
Risk-Aware Regime Switching,9081,-0.13184401045793048
Risk-Aware Regime Switching,9082,-0.16933048549130025
Risk-Aware Regime Switching,9083,-0.2573595303597712
Risk-Aware Regime Switching,9084,-0.19659929156132794
Risk-Aware Regime Switching,9085,-0.5092847177287817
Risk-Aware Regime Switching,9086,-0.16836482047348034
Risk-Aware Regime Switching,9087,-0.2131428283583462
Risk-Aware Regime Switching,9088,-0.342983090158792
Risk-Aware Regime Switching,9089,-0.16039363689930564
Risk-Aware Regime Switching,9090,-0.2281043493363225
Risk-Aware Regime Switching,9091,-0.1919509998313509
Risk-Aware Regime Switching,9092,-0.17879257874709686
Risk-Aware Regime Switching,9093,-0.23437230445508972
Risk-Aware Regime Switching,9094,-0.4770792215570513
Risk-Aware Regime Switching,9095,-0.2952892162375249
Risk-Aware Regime Switching,9096,-0.4265649144157083
Risk-Aware Regime Switching,9097,-0.31604247954416
Risk-Aware Regime Switching,9098,-0.23827546019131995
Risk-Aware Regime Switching,9099,-0.2881656057727613
Risk-Aware Regime Switching,9100,-0.11393137434869294
Risk-Aware Regime Switching,9101,-0.13469711878988844
Risk-Aware Regime Switching,9102,-0.13465057827125104
Risk-Aware Regime Switching,9103,-0.2988554599902672
Risk-Aware Regime Switching,9104,-0.17236719672029455
Risk-Aware Regime Switching,9105,-0.17118543822564336
Risk-Aware Regime Switching,9106,-0.3793438758555686
Risk-Aware Regime Switching,9107,-0.1633398797598592
Risk-Aware Regime Switching,9108,-0.21176542054478142
Risk-Aware Regime Switching,9109,-0.20508220507884067
Risk-Aware Regime Switching,9110,-0.2077190674712437
Risk-Aware Regime Switching,9111,-0.2601426169724472
Risk-Aware Regime Switching,9112,-0.3465239043479007
Risk-Aware Regime Switching,9113,-0.17264574757640916
Risk-Aware Regime Switching,9114,-0.2883478968741585
Risk-Aware Regime Switching,9115,-0.40415181647782894
Risk-Aware Regime Switching,9116,-0.51077564866651
Risk-Aware Regime Switching,9117,-0.19633529690101548
Risk-Aware Regime Switching,9118,-0.15491743736345354
Risk-Aware Regime Switching,9119,-0.2021290370428963
Risk-Aware Regime Switching,9120,-0.23515380323160373
Risk-Aware Regime Switching,9121,-0.22809511411146066
Risk-Aware Regime Switching,9122,-0.10390275191131537
Risk-Aware Regime Switching,9123,-0.13514071319306165
Risk-Aware Regime Switching,9124,-0.3712511857033799
Risk-Aware Regime Switching,9125,-0.22617521231860827
Risk-Aware Regime Switching,9126,-0.23318845923130027
Risk-Aware Regime Switching,9127,-0.459827063237796
Risk-Aware Regime Switching,9128,-0.5493789386164133
Risk-Aware Regime Switching,9129,-0.3064430483642774
Risk-Aware Regime Switching,9130,-0.16486411706890824
Risk-Aware Regime Switching,9131,-0.15869691179003198
Risk-Aware Regime Switching,9132,-0.28146304887119067
Risk-Aware Regime Switching,9133,-0.30247659057435017
Risk-Aware Regime Switching,9134,-0.11999015171470206
Risk-Aware Regime Switching,9135,-0.172029358349866
Risk-Aware Regime Switching,9136,-0.1925654511234205
Risk-Aware Regime Switching,9137,-0.3220614964092916
Risk-Aware Regime Switching,9138,-0.17300965393125334
Risk-Aware Regime Switching,9139,-0.10132398998260261
Risk-Aware Regime Switching,9140,-0.2416244154842624
Risk-Aware Regime Switching,9141,-0.3669791034253411
Risk-Aware Regime Switching,9142,-0.29239586603609635
Risk-Aware Regime Switching,9143,-0.18056301804308494
Risk-Aware Regime Switching,9144,-0.1399250676461633
Risk-Aware Regime Switching,9145,-0.1257915616687989
Risk-Aware Regime Switching,9146,-0.13340145744735477
Risk-Aware Regime Switching,9147,-0.28485074423324774
Risk-Aware Regime Switching,9148,-0.2407729573208599
Risk-Aware Regime Switching,9149,-0.26856464170523464
Risk-Aware Regime Switching,9150,-0.158812050991194
Risk-Aware Regime Switching,9151,-0.36966681352953323
Risk-Aware Regime Switching,9152,-0.23771824707082267
Risk-Aware Regime Switching,9153,-0.19855996548427035
Risk-Aware Regime Switching,9154,-0.20841841638697267
Risk-Aware Regime Switching,9155,-0.26696738819360644
Risk-Aware Regime Switching,9156,-0.16708339859994892
Risk-Aware Regime Switching,9157,-0.2967931152203096
Risk-Aware Regime Switching,9158,-0.3489951267992024
Risk-Aware Regime Switching,9159,-0.350271902569132
Risk-Aware Regime Switching,9160,-0.17664550292964265
Risk-Aware Regime Switching,9161,-0.2037248615592112
Risk-Aware Regime Switching,9162,-0.29810449538075956
Risk-Aware Regime Switching,9163,-0.1938862341077846
Risk-Aware Regime Switching,9164,-0.19007660389970282
Risk-Aware Regime Switching,9165,-0.33366822181028677
Risk-Aware Regime Switching,9166,-0.1971460698783042
Risk-Aware Regime Switching,9167,-0.1902645999857887
Risk-Aware Regime Switching,9168,-0.26442936790147253
Risk-Aware Regime Switching,9169,-0.3470179056532001
Risk-Aware Regime Switching,9170,-0.2601898419283093
Risk-Aware Regime Switching,9171,-0.15773672437400155
Risk-Aware Regime Switching,9172,-0.12901966216606697
Risk-Aware Regime Switching,9173,-0.2407543483968535
Risk-Aware Regime Switching,9174,-0.19457858128054284
Risk-Aware Regime Switching,9175,-0.21714976499164118
Risk-Aware Regime Switching,9176,-0.08624537155003276
Risk-Aware Regime Switching,9177,-0.31278609058671314
Risk-Aware Regime Switching,9178,-0.2866137048451255
Risk-Aware Regime Switching,9179,-0.3114014745327288
Risk-Aware Regime Switching,9180,-0.16251204461730573
Risk-Aware Regime Switching,9181,-0.26407853305046636
Risk-Aware Regime Switching,9182,-0.14560881406573467
Risk-Aware Regime Switching,9183,-0.16611394289748094
Risk-Aware Regime Switching,9184,-0.2534021620140191
Risk-Aware Regime Switching,9185,-0.10975281231330469
Risk-Aware Regime Switching,9186,-0.42801247407618714
Risk-Aware Regime Switching,9187,-0.2614104753793278
Risk-Aware Regime Switching,9188,-0.19391439164387803
Risk-Aware Regime Switching,9189,-0.3955188481273251
Risk-Aware Regime Switching,9190,-0.19005649980921668
Risk-Aware Regime Switching,9191,-0.20149056400913012
Risk-Aware Regime Switching,9192,-0.2486987454703542
Risk-Aware Regime Switching,9193,-0.23388650553790358
Risk-Aware Regime Switching,9194,-0.32952615216798453
Risk-Aware Regime Switching,9195,-0.41671580111641204
Risk-Aware Regime Switching,9196,-0.20693760739798528
Risk-Aware Regime Switching,9197,-0.323099179519729
Risk-Aware Regime Switching,9198,-0.24013812982979177
Risk-Aware Regime Switching,9199,-0.19761015443306762
Risk-Aware Regime Switching,9200,-0.26703184331748153
Risk-Aware Regime Switching,9201,-0.13034344445307278
Risk-Aware Regime Switching,9202,-0.21668659341712226
Risk-Aware Regime Switching,9203,-0.4439510273020306
Risk-Aware Regime Switching,9204,-0.15876362259346988
Risk-Aware Regime Switching,9205,-0.3201090387794382
Risk-Aware Regime Switching,9206,-0.21901507628697847
Risk-Aware Regime Switching,9207,-0.3329001944362555
Risk-Aware Regime Switching,9208,-0.1864980033614949
Risk-Aware Regime Switching,9209,-0.2451517460047239
Risk-Aware Regime Switching,9210,-0.2688690764687728
Risk-Aware Regime Switching,9211,-0.21973237754101205
Risk-Aware Regime Switching,9212,-0.3517611788262661
Risk-Aware Regime Switching,9213,-0.2947116585869787
Risk-Aware Regime Switching,9214,-0.35426616366307884
Risk-Aware Regime Switching,9215,-0.16937704323724245
Risk-Aware Regime Switching,9216,-0.16698902346852662
Risk-Aware Regime Switching,9217,-0.24759174808704987
Risk-Aware Regime Switching,9218,-0.41266809900873846
Risk-Aware Regime Switching,9219,-0.13443338538243477
Risk-Aware Regime Switching,9220,-0.37705396282389825
Risk-Aware Regime Switching,9221,-0.14479026648693005
Risk-Aware Regime Switching,9222,-0.43498452795286713
Risk-Aware Regime Switching,9223,-0.2231262288061049
Risk-Aware Regime Switching,9224,-0.401215741440739
Risk-Aware Regime Switching,9225,-0.2065219836212232
Risk-Aware Regime Switching,9226,-0.1890267400002955
Risk-Aware Regime Switching,9227,-0.2853046046497485
Risk-Aware Regime Switching,9228,-0.18711240982400024
Risk-Aware Regime Switching,9229,-0.2459590723596925
Risk-Aware Regime Switching,9230,-0.24070383327505573
Risk-Aware Regime Switching,9231,-0.28482271513765844
Risk-Aware Regime Switching,9232,-0.09533950107283129
Risk-Aware Regime Switching,9233,-0.3361352674435105
Risk-Aware Regime Switching,9234,-0.14560173549573918
Risk-Aware Regime Switching,9235,-0.21323687468170738
Risk-Aware Regime Switching,9236,-0.3619092640377263
Risk-Aware Regime Switching,9237,-0.16290974266423464
Risk-Aware Regime Switching,9238,-0.3212724431206665
Risk-Aware Regime Switching,9239,-0.35665284811485565
Risk-Aware Regime Switching,9240,-0.22279389621598378
Risk-Aware Regime Switching,9241,-0.43065392412270864
Risk-Aware Regime Switching,9242,-0.26167331692531814
Risk-Aware Regime Switching,9243,-0.1825249272858851
Risk-Aware Regime Switching,9244,-0.15708118025043794
Risk-Aware Regime Switching,9245,-0.24267602509620312
Risk-Aware Regime Switching,9246,-0.15268447205163926
Risk-Aware Regime Switching,9247,-0.3894147306143495
Risk-Aware Regime Switching,9248,-0.17821988181864568
Risk-Aware Regime Switching,9249,-0.3503539056331424
Risk-Aware Regime Switching,9250,-0.0931266096012674
Risk-Aware Regime Switching,9251,-0.1682321336411463
Risk-Aware Regime Switching,9252,-0.1464522668962731
Risk-Aware Regime Switching,9253,-0.1260537563197882
Risk-Aware Regime Switching,9254,-0.15122260102143414
Risk-Aware Regime Switching,9255,-0.4313495665179098
Risk-Aware Regime Switching,9256,-0.2692843777983953
Risk-Aware Regime Switching,9257,-0.12827859492666893
Risk-Aware Regime Switching,9258,-0.193188515573961
Risk-Aware Regime Switching,9259,-0.30428672309264293
Risk-Aware Regime Switching,9260,-0.1284238209706393
Risk-Aware Regime Switching,9261,-0.28719344107988687
Risk-Aware Regime Switching,9262,-0.27637103209197245
Risk-Aware Regime Switching,9263,-0.2742170262531687
Risk-Aware Regime Switching,9264,-0.22067615492994375
Risk-Aware Regime Switching,9265,-0.14253634306884322
Risk-Aware Regime Switching,9266,-0.1502506530097314
Risk-Aware Regime Switching,9267,-0.2889418117265875
Risk-Aware Regime Switching,9268,-0.3188001253068852
Risk-Aware Regime Switching,9269,-0.24400327556332424
Risk-Aware Regime Switching,9270,-0.16659614730505146
Risk-Aware Regime Switching,9271,-0.29313963005749455
Risk-Aware Regime Switching,9272,-0.29316916897143885
Risk-Aware Regime Switching,9273,-0.10060596409687061
Risk-Aware Regime Switching,9274,-0.12015611599662157
Risk-Aware Regime Switching,9275,-0.23462360170041363
Risk-Aware Regime Switching,9276,-0.16769816122654257
Risk-Aware Regime Switching,9277,-0.1671624495484184
Risk-Aware Regime Switching,9278,-0.2615256498474622
Risk-Aware Regime Switching,9279,-0.25606130491775025
Risk-Aware Regime Switching,9280,-0.16470646596932592
Risk-Aware Regime Switching,9281,-0.22209068030723222
Risk-Aware Regime Switching,9282,-0.3727322260152449
Risk-Aware Regime Switching,9283,-0.16932731011409008
Risk-Aware Regime Switching,9284,-0.23127456912046407
Risk-Aware Regime Switching,9285,-0.14972261997418634
Risk-Aware Regime Switching,9286,-0.27459424127267995
Risk-Aware Regime Switching,9287,-0.0843584186844043
Risk-Aware Regime Switching,9288,-0.2840336464962224
Risk-Aware Regime Switching,9289,-0.20177081251199702
Risk-Aware Regime Switching,9290,-0.2506062263277735
Risk-Aware Regime Switching,9291,-0.3945559817191534
Risk-Aware Regime Switching,9292,-0.21594312697634377
Risk-Aware Regime Switching,9293,-0.278613724520985
Risk-Aware Regime Switching,9294,-0.1515348916784942
Risk-Aware Regime Switching,9295,-0.2603558330058183
Risk-Aware Regime Switching,9296,-0.14224108643355315
Risk-Aware Regime Switching,9297,-0.384965924481677
Risk-Aware Regime Switching,9298,-0.2681913670306082
Risk-Aware Regime Switching,9299,-0.24502686161238807
Risk-Aware Regime Switching,9300,-0.20701761877120772
Risk-Aware Regime Switching,9301,-0.22110922154051404
Risk-Aware Regime Switching,9302,-0.24388591183161534
Risk-Aware Regime Switching,9303,-0.37276070233772185
Risk-Aware Regime Switching,9304,-0.26073213035341936
Risk-Aware Regime Switching,9305,-0.22461065206971464
Risk-Aware Regime Switching,9306,-0.13414472199889493
Risk-Aware Regime Switching,9307,-0.42849404525770307
Risk-Aware Regime Switching,9308,-0.38870122780765093
Risk-Aware Regime Switching,9309,-0.2824080532271924
Risk-Aware Regime Switching,9310,-0.2114619341573729
Risk-Aware Regime Switching,9311,-0.20056946082913496
Risk-Aware Regime Switching,9312,-0.2754556835603861
Risk-Aware Regime Switching,9313,-0.2452926368780216
Risk-Aware Regime Switching,9314,-0.19439785217888905
Risk-Aware Regime Switching,9315,-0.2606791083272427
Risk-Aware Regime Switching,9316,-0.42691586932237335
Risk-Aware Regime Switching,9317,-0.11587432864979863
Risk-Aware Regime Switching,9318,-0.13598775974883082
Risk-Aware Regime Switching,9319,-0.16092319312791925
Risk-Aware Regime Switching,9320,-0.24190876620171264
Risk-Aware Regime Switching,9321,-0.24920966803464684
Risk-Aware Regime Switching,9322,-0.1973274433862361
Risk-Aware Regime Switching,9323,-0.15496851296793923
Risk-Aware Regime Switching,9324,-0.19739737518371503
Risk-Aware Regime Switching,9325,-0.4227346729123349
Risk-Aware Regime Switching,9326,-0.2154246526435034
Risk-Aware Regime Switching,9327,-0.21164228190922907
Risk-Aware Regime Switching,9328,-0.30877088930623897
Risk-Aware Regime Switching,9329,-0.18018502153917082
Risk-Aware Regime Switching,9330,-0.24483699792183955
Risk-Aware Regime Switching,9331,-0.18099414552078874
Risk-Aware Regime Switching,9332,-0.2864338425369113
Risk-Aware Regime Switching,9333,-0.15324917954347173
Risk-Aware Regime Switching,9334,-0.2957770297303368
Risk-Aware Regime Switching,9335,-0.1746689498254157
Risk-Aware Regime Switching,9336,-0.2829421923587252
Risk-Aware Regime Switching,9337,-0.28897904882858605
Risk-Aware Regime Switching,9338,-0.29504964048595106
Risk-Aware Regime Switching,9339,-0.18845109107702174
Risk-Aware Regime Switching,9340,-0.20362420538832227
Risk-Aware Regime Switching,9341,-0.22925271821257998
Risk-Aware Regime Switching,9342,-0.5350185784355233
Risk-Aware Regime Switching,9343,-0.2248594382418958
Risk-Aware Regime Switching,9344,-0.4055532088128305
Risk-Aware Regime Switching,9345,-0.33915468367088464
Risk-Aware Regime Switching,9346,-0.3050964357713395
Risk-Aware Regime Switching,9347,-0.27948830235790145
Risk-Aware Regime Switching,9348,-0.3995910012110515
Risk-Aware Regime Switching,9349,-0.2783751804046326
Risk-Aware Regime Switching,9350,-0.19075495701024114
Risk-Aware Regime Switching,9351,-0.26184801145227543
Risk-Aware Regime Switching,9352,-0.23646296020199276
Risk-Aware Regime Switching,9353,-0.12317731163419521
Risk-Aware Regime Switching,9354,-0.14428013720637523
Risk-Aware Regime Switching,9355,-0.4043438934491608
Risk-Aware Regime Switching,9356,-0.16089964632506826
Risk-Aware Regime Switching,9357,-0.2956513959395276
Risk-Aware Regime Switching,9358,-0.19504661311409766
Risk-Aware Regime Switching,9359,-0.2565938578437622
Risk-Aware Regime Switching,9360,-0.2687301680651306
Risk-Aware Regime Switching,9361,-0.3126603929117622
Risk-Aware Regime Switching,9362,-0.28457175341974716
Risk-Aware Regime Switching,9363,-0.14432674484361574
Risk-Aware Regime Switching,9364,-0.29987820610542415
Risk-Aware Regime Switching,9365,-0.2657889070685422
Risk-Aware Regime Switching,9366,-0.20745031589830554
Risk-Aware Regime Switching,9367,-0.3111386404166585
Risk-Aware Regime Switching,9368,-0.4468120521283939
Risk-Aware Regime Switching,9369,-0.17001983955847466
Risk-Aware Regime Switching,9370,-0.31958910418601705
Risk-Aware Regime Switching,9371,-0.3384120869855233
Risk-Aware Regime Switching,9372,-0.30226350739531316
Risk-Aware Regime Switching,9373,-0.23950200122998788
Risk-Aware Regime Switching,9374,-0.33791171432368095
Risk-Aware Regime Switching,9375,-0.3649805802828685
Risk-Aware Regime Switching,9376,-0.16986083076679703
Risk-Aware Regime Switching,9377,-0.21100688167064519
Risk-Aware Regime Switching,9378,-0.3857350174014328
Risk-Aware Regime Switching,9379,-0.20208734404655115
Risk-Aware Regime Switching,9380,-0.23907372309216934
Risk-Aware Regime Switching,9381,-0.24119489125103866
Risk-Aware Regime Switching,9382,-0.2139670078803949
Risk-Aware Regime Switching,9383,-0.29152762570916313
Risk-Aware Regime Switching,9384,-0.2239474869595658
Risk-Aware Regime Switching,9385,-0.12202523923923203
Risk-Aware Regime Switching,9386,-0.3019872222676804
Risk-Aware Regime Switching,9387,-0.34011484982328033
Risk-Aware Regime Switching,9388,-0.18215536492953277
Risk-Aware Regime Switching,9389,-0.2638759300613013
Risk-Aware Regime Switching,9390,-0.31759231384228803
Risk-Aware Regime Switching,9391,-0.26874215775043975
Risk-Aware Regime Switching,9392,-0.18244712945908492
Risk-Aware Regime Switching,9393,-0.18620764822152702
Risk-Aware Regime Switching,9394,-0.23179943634391065
Risk-Aware Regime Switching,9395,-0.13533851387943363
Risk-Aware Regime Switching,9396,-0.13401873239248596
Risk-Aware Regime Switching,9397,-0.44541021129372194
Risk-Aware Regime Switching,9398,-0.27852709718430235
Risk-Aware Regime Switching,9399,-0.18771857859247465
Risk-Aware Regime Switching,9400,-0.19997497624954363
Risk-Aware Regime Switching,9401,-0.14366762429129187
Risk-Aware Regime Switching,9402,-0.11128538770910967
Risk-Aware Regime Switching,9403,-0.18960880308207306
Risk-Aware Regime Switching,9404,-0.15213158989175146
Risk-Aware Regime Switching,9405,-0.16982033895922888
Risk-Aware Regime Switching,9406,-0.21824269630345206
Risk-Aware Regime Switching,9407,-0.12982197841723586
Risk-Aware Regime Switching,9408,-0.18335853950357806
Risk-Aware Regime Switching,9409,-0.24034425549234295
Risk-Aware Regime Switching,9410,-0.2750020135229043
Risk-Aware Regime Switching,9411,-0.2875733549928372
Risk-Aware Regime Switching,9412,-0.37280432133484087
Risk-Aware Regime Switching,9413,-0.22440765697061515
Risk-Aware Regime Switching,9414,-0.19154704479891294
Risk-Aware Regime Switching,9415,-0.3754349662090215
Risk-Aware Regime Switching,9416,-0.3584339402031711
Risk-Aware Regime Switching,9417,-0.2290922579914313
Risk-Aware Regime Switching,9418,-0.29357984331027054
Risk-Aware Regime Switching,9419,-0.1619030400125132
Risk-Aware Regime Switching,9420,-0.17980546102081185
Risk-Aware Regime Switching,9421,-0.21629839713251875
Risk-Aware Regime Switching,9422,-0.1659453157674804
Risk-Aware Regime Switching,9423,-0.32317644309127647
Risk-Aware Regime Switching,9424,-0.09893128375771698
Risk-Aware Regime Switching,9425,-0.16995913715851108
Risk-Aware Regime Switching,9426,-0.25951128430327475
Risk-Aware Regime Switching,9427,-0.3009320581351581
Risk-Aware Regime Switching,9428,-0.3527890019960842
Risk-Aware Regime Switching,9429,-0.381818296058542
Risk-Aware Regime Switching,9430,-0.22184088977675553
Risk-Aware Regime Switching,9431,-0.32216678959658696
Risk-Aware Regime Switching,9432,-0.2690905589391631
Risk-Aware Regime Switching,9433,-0.17180780727431744
Risk-Aware Regime Switching,9434,-0.27466904918018076
Risk-Aware Regime Switching,9435,-0.1851770851150435
Risk-Aware Regime Switching,9436,-0.17407152801686376
Risk-Aware Regime Switching,9437,-0.19997648989888805
Risk-Aware Regime Switching,9438,-0.15432671353687755
Risk-Aware Regime Switching,9439,-0.27438461336013253
Risk-Aware Regime Switching,9440,-0.3041422703340654
Risk-Aware Regime Switching,9441,-0.28276883161027333
Risk-Aware Regime Switching,9442,-0.28720729020910385
Risk-Aware Regime Switching,9443,-0.27393874439444477
Risk-Aware Regime Switching,9444,-0.3817411595913385
Risk-Aware Regime Switching,9445,-0.18920103619862016
Risk-Aware Regime Switching,9446,-0.3043553881000953
Risk-Aware Regime Switching,9447,-0.19604113686811464
Risk-Aware Regime Switching,9448,-0.29815071210789545
Risk-Aware Regime Switching,9449,-0.2338167039306439
Risk-Aware Regime Switching,9450,-0.1467624553381438
Risk-Aware Regime Switching,9451,-0.24067748230066977
Risk-Aware Regime Switching,9452,-0.257296644538183
Risk-Aware Regime Switching,9453,-0.39432629179908185
Risk-Aware Regime Switching,9454,-0.12178390400246009
Risk-Aware Regime Switching,9455,-0.10739347333618876
Risk-Aware Regime Switching,9456,-0.3646220129300769
Risk-Aware Regime Switching,9457,-0.3255328401745252
Risk-Aware Regime Switching,9458,-0.41138799598616815
Risk-Aware Regime Switching,9459,-0.14847531300926686
Risk-Aware Regime Switching,9460,-0.4334444082381045
Risk-Aware Regime Switching,9461,-0.13135208447733138
Risk-Aware Regime Switching,9462,-0.21377785081506773
Risk-Aware Regime Switching,9463,-0.1876717461095816
Risk-Aware Regime Switching,9464,-0.09963655588741116
Risk-Aware Regime Switching,9465,-0.35782557779207624
Risk-Aware Regime Switching,9466,-0.2853328078416164
Risk-Aware Regime Switching,9467,-0.11088893106762499
Risk-Aware Regime Switching,9468,-0.2386963937011033
Risk-Aware Regime Switching,9469,-0.3983198057312892
Risk-Aware Regime Switching,9470,-0.29612439314507844
Risk-Aware Regime Switching,9471,-0.2634603058723236
Risk-Aware Regime Switching,9472,-0.15933845231575605
Risk-Aware Regime Switching,9473,-0.20340003648487215
Risk-Aware Regime Switching,9474,-0.46125347272565864
Risk-Aware Regime Switching,9475,-0.3705239849179278
Risk-Aware Regime Switching,9476,-0.24711093707899667
Risk-Aware Regime Switching,9477,-0.16172337163119688
Risk-Aware Regime Switching,9478,-0.14206779166692507
Risk-Aware Regime Switching,9479,-0.26149768369998394
Risk-Aware Regime Switching,9480,-0.24298204299179993
Risk-Aware Regime Switching,9481,-0.2720306383630329
Risk-Aware Regime Switching,9482,-0.2709853871651743
Risk-Aware Regime Switching,9483,-0.2338759895699819
Risk-Aware Regime Switching,9484,-0.4058774516515439
Risk-Aware Regime Switching,9485,-0.11858078144632034
Risk-Aware Regime Switching,9486,-0.3494098147294252
Risk-Aware Regime Switching,9487,-0.2608219045895166
Risk-Aware Regime Switching,9488,-0.2842037490443293
Risk-Aware Regime Switching,9489,-0.2661916551586886
Risk-Aware Regime Switching,9490,-0.21086577355521596
Risk-Aware Regime Switching,9491,-0.24611903556163417
Risk-Aware Regime Switching,9492,-0.19698486746670352
Risk-Aware Regime Switching,9493,-0.19991689140831015
Risk-Aware Regime Switching,9494,-0.3708897267850303
Risk-Aware Regime Switching,9495,-0.261515315054311
Risk-Aware Regime Switching,9496,-0.14875278137802161
Risk-Aware Regime Switching,9497,-0.447210028582284
Risk-Aware Regime Switching,9498,-0.1553381917079094
Risk-Aware Regime Switching,9499,-0.18585435964874086
Risk-Aware Regime Switching,9500,-0.2528172038330362
Risk-Aware Regime Switching,9501,-0.19952829514682568
Risk-Aware Regime Switching,9502,-0.09057241972512864
Risk-Aware Regime Switching,9503,-0.645000841435273
Risk-Aware Regime Switching,9504,-0.16375866693415564
Risk-Aware Regime Switching,9505,-0.18279061652359696
Risk-Aware Regime Switching,9506,-0.40945074639193135
Risk-Aware Regime Switching,9507,-0.2427309113387346
Risk-Aware Regime Switching,9508,-0.225600261534044
Risk-Aware Regime Switching,9509,-0.2910382284208558
Risk-Aware Regime Switching,9510,-0.45904739579243303
Risk-Aware Regime Switching,9511,-0.1265272693865942
Risk-Aware Regime Switching,9512,-0.32985513835740676
Risk-Aware Regime Switching,9513,-0.25740230796102914
Risk-Aware Regime Switching,9514,-0.24366578421991147
Risk-Aware Regime Switching,9515,-0.35521951413433583
Risk-Aware Regime Switching,9516,-0.44289945692759136
Risk-Aware Regime Switching,9517,-0.3918326888541187
Risk-Aware Regime Switching,9518,-0.247001513840148
Risk-Aware Regime Switching,9519,-0.11075952127696109
Risk-Aware Regime Switching,9520,-0.2522666778179701
Risk-Aware Regime Switching,9521,-0.4095765004865002
Risk-Aware Regime Switching,9522,-0.21034635085390285
Risk-Aware Regime Switching,9523,-0.18765717292304707
Risk-Aware Regime Switching,9524,-0.32081822281502304
Risk-Aware Regime Switching,9525,-0.26018065584583006
Risk-Aware Regime Switching,9526,-0.23049818666427113
Risk-Aware Regime Switching,9527,-0.24242529093806908
Risk-Aware Regime Switching,9528,-0.2645077114784026
Risk-Aware Regime Switching,9529,-0.3184092269768646
Risk-Aware Regime Switching,9530,-0.4032127762999851
Risk-Aware Regime Switching,9531,-0.419722782127968
Risk-Aware Regime Switching,9532,-0.13762045587341065
Risk-Aware Regime Switching,9533,-0.41411831632583107
Risk-Aware Regime Switching,9534,-0.2985933854507281
Risk-Aware Regime Switching,9535,-0.32016237968715167
Risk-Aware Regime Switching,9536,-0.3592830600701301
Risk-Aware Regime Switching,9537,-0.19386237394849337
Risk-Aware Regime Switching,9538,-0.1528502443422567
Risk-Aware Regime Switching,9539,-0.31210722824049675
Risk-Aware Regime Switching,9540,-0.24177339943371967
Risk-Aware Regime Switching,9541,-0.35692373061351745
Risk-Aware Regime Switching,9542,-0.12698574382537375
Risk-Aware Regime Switching,9543,-0.16082438342584027
Risk-Aware Regime Switching,9544,-0.14196924960506485
Risk-Aware Regime Switching,9545,-0.2109509504633632
Risk-Aware Regime Switching,9546,-0.14538909876317663
Risk-Aware Regime Switching,9547,-0.4180611331535261
Risk-Aware Regime Switching,9548,-0.3104869790361131
Risk-Aware Regime Switching,9549,-0.14624451345322143
Risk-Aware Regime Switching,9550,-0.13743648524185081
Risk-Aware Regime Switching,9551,-0.3822076683980351
Risk-Aware Regime Switching,9552,-0.20333389570146576
Risk-Aware Regime Switching,9553,-0.2887899595549732
Risk-Aware Regime Switching,9554,-0.23147385271990972
Risk-Aware Regime Switching,9555,-0.4666968431267732
Risk-Aware Regime Switching,9556,-0.2405179766368125
Risk-Aware Regime Switching,9557,-0.24422505268882755
Risk-Aware Regime Switching,9558,-0.13638459939629466
Risk-Aware Regime Switching,9559,-0.26012043173795885
Risk-Aware Regime Switching,9560,-0.1753094133814066
Risk-Aware Regime Switching,9561,-0.19975199691593493
Risk-Aware Regime Switching,9562,-0.1402155604857861
Risk-Aware Regime Switching,9563,-0.19003310518381722
Risk-Aware Regime Switching,9564,-0.25019729035391747
Risk-Aware Regime Switching,9565,-0.2639365100286035
Risk-Aware Regime Switching,9566,-0.14956478264188244
Risk-Aware Regime Switching,9567,-0.31240388787502116
Risk-Aware Regime Switching,9568,-0.24855217115616168
Risk-Aware Regime Switching,9569,-0.25962416146779466
Risk-Aware Regime Switching,9570,-0.20333550050273808
Risk-Aware Regime Switching,9571,-0.10603266568272063
Risk-Aware Regime Switching,9572,-0.1704844757004057
Risk-Aware Regime Switching,9573,-0.3056874065793137
Risk-Aware Regime Switching,9574,-0.1411551486627457
Risk-Aware Regime Switching,9575,-0.34082054768894354
Risk-Aware Regime Switching,9576,-0.1936231557052308
Risk-Aware Regime Switching,9577,-0.20645696151134763
Risk-Aware Regime Switching,9578,-0.26010250965471027
Risk-Aware Regime Switching,9579,-0.24685442861881857
Risk-Aware Regime Switching,9580,-0.23908740374534898
Risk-Aware Regime Switching,9581,-0.14159517229056662
Risk-Aware Regime Switching,9582,-0.2724298554214222
Risk-Aware Regime Switching,9583,-0.26338758417943053
Risk-Aware Regime Switching,9584,-0.20406568278949033
Risk-Aware Regime Switching,9585,-0.21390659139640056
Risk-Aware Regime Switching,9586,-0.22922393048785272
Risk-Aware Regime Switching,9587,-0.2831148939885262
Risk-Aware Regime Switching,9588,-0.2015772658224142
Risk-Aware Regime Switching,9589,-0.12022711203235292
Risk-Aware Regime Switching,9590,-0.2389972199285222
Risk-Aware Regime Switching,9591,-0.2391501168837229
Risk-Aware Regime Switching,9592,-0.09777048304226199
Risk-Aware Regime Switching,9593,-0.4511565631523484
Risk-Aware Regime Switching,9594,-0.4463876141184846
Risk-Aware Regime Switching,9595,-0.13451585468924154
Risk-Aware Regime Switching,9596,-0.269643336466883
Risk-Aware Regime Switching,9597,-0.30025183196338234
Risk-Aware Regime Switching,9598,-0.126146466450215
Risk-Aware Regime Switching,9599,-0.1343237121389117
Risk-Aware Regime Switching,9600,-0.21081374928399088
Risk-Aware Regime Switching,9601,-0.23502794442693686
Risk-Aware Regime Switching,9602,-0.3068238579747907
Risk-Aware Regime Switching,9603,-0.28848484613661474
Risk-Aware Regime Switching,9604,-0.29996395830115663
Risk-Aware Regime Switching,9605,-0.1569533692315006
Risk-Aware Regime Switching,9606,-0.47983157854382874
Risk-Aware Regime Switching,9607,-0.07162940218745772
Risk-Aware Regime Switching,9608,-0.26204980187415194
Risk-Aware Regime Switching,9609,-0.12476648404689417
Risk-Aware Regime Switching,9610,-0.27914856164166246
Risk-Aware Regime Switching,9611,-0.31526302937585526
Risk-Aware Regime Switching,9612,-0.37492150522971834
Risk-Aware Regime Switching,9613,-0.3217855781136508
Risk-Aware Regime Switching,9614,-0.288597148137947
Risk-Aware Regime Switching,9615,-0.2062074994940506
Risk-Aware Regime Switching,9616,-0.17754800556560935
Risk-Aware Regime Switching,9617,-0.1802874279775949
Risk-Aware Regime Switching,9618,-0.30734677153204015
Risk-Aware Regime Switching,9619,-0.26308795463962176
Risk-Aware Regime Switching,9620,-0.18316430975565334
Risk-Aware Regime Switching,9621,-0.16142961646974752
Risk-Aware Regime Switching,9622,-0.18857836804504202
Risk-Aware Regime Switching,9623,-0.1702980481523214
Risk-Aware Regime Switching,9624,-0.293745732147762
Risk-Aware Regime Switching,9625,-0.1423972321351311
Risk-Aware Regime Switching,9626,-0.3272352821966156
Risk-Aware Regime Switching,9627,-0.27747916480727775
Risk-Aware Regime Switching,9628,-0.2178547700605582
Risk-Aware Regime Switching,9629,-0.11302992429463443
Risk-Aware Regime Switching,9630,-0.28938082149559163
Risk-Aware Regime Switching,9631,-0.2611276210988047
Risk-Aware Regime Switching,9632,-0.18685655803967682
Risk-Aware Regime Switching,9633,-0.12486343885459006
Risk-Aware Regime Switching,9634,-0.1468225348176695
Risk-Aware Regime Switching,9635,-0.4061383531443805
Risk-Aware Regime Switching,9636,-0.3216933428108236
Risk-Aware Regime Switching,9637,-0.3081479205697426
Risk-Aware Regime Switching,9638,-0.2666048909622214
Risk-Aware Regime Switching,9639,-0.30005683560434526
Risk-Aware Regime Switching,9640,-0.23256431691364632
Risk-Aware Regime Switching,9641,-0.20755776809680304
Risk-Aware Regime Switching,9642,-0.22378393935463536
Risk-Aware Regime Switching,9643,-0.15664146135972112
Risk-Aware Regime Switching,9644,-0.22534310061181462
Risk-Aware Regime Switching,9645,-0.2987896658062048
Risk-Aware Regime Switching,9646,-0.485156984559693
Risk-Aware Regime Switching,9647,-0.30351000961081365
Risk-Aware Regime Switching,9648,-0.14169680982615063
Risk-Aware Regime Switching,9649,-0.18552105849381895
Risk-Aware Regime Switching,9650,-0.24644932795464825
Risk-Aware Regime Switching,9651,-0.3444798232827816
Risk-Aware Regime Switching,9652,-0.2141780385719536
Risk-Aware Regime Switching,9653,-0.15553919882450595
Risk-Aware Regime Switching,9654,-0.22774117913463765
Risk-Aware Regime Switching,9655,-0.25176005175299687
Risk-Aware Regime Switching,9656,-0.3847914965943575
Risk-Aware Regime Switching,9657,-0.2759971637320938
Risk-Aware Regime Switching,9658,-0.2727236520975286
Risk-Aware Regime Switching,9659,-0.23870103059979064
Risk-Aware Regime Switching,9660,-0.17471658075024699
Risk-Aware Regime Switching,9661,-0.36503186620681305
Risk-Aware Regime Switching,9662,-0.31898860588572886
Risk-Aware Regime Switching,9663,-0.1641422793394306
Risk-Aware Regime Switching,9664,-0.19824401270518355
Risk-Aware Regime Switching,9665,-0.3084440423747432
Risk-Aware Regime Switching,9666,-0.2608243330778506
Risk-Aware Regime Switching,9667,-0.1569163132491831
Risk-Aware Regime Switching,9668,-0.19975396122466738
Risk-Aware Regime Switching,9669,-0.3320146070926825
Risk-Aware Regime Switching,9670,-0.4233983723167566
Risk-Aware Regime Switching,9671,-0.45955954776504293
Risk-Aware Regime Switching,9672,-0.16001027642981092
Risk-Aware Regime Switching,9673,-0.3154207577389446
Risk-Aware Regime Switching,9674,-0.14929453607137955
Risk-Aware Regime Switching,9675,-0.15624145233179898
Risk-Aware Regime Switching,9676,-0.14681740739414084
Risk-Aware Regime Switching,9677,-0.29465202208525476
Risk-Aware Regime Switching,9678,-0.40980181761430823
Risk-Aware Regime Switching,9679,-0.25236635049969736
Risk-Aware Regime Switching,9680,-0.20425968861120614
Risk-Aware Regime Switching,9681,-0.3076512524767422
Risk-Aware Regime Switching,9682,-0.24727322738898583
Risk-Aware Regime Switching,9683,-0.28198695191435263
Risk-Aware Regime Switching,9684,-0.27240935171783365
Risk-Aware Regime Switching,9685,-0.14893014620146972
Risk-Aware Regime Switching,9686,-0.21182376637262523
Risk-Aware Regime Switching,9687,-0.34124173124393187
Risk-Aware Regime Switching,9688,-0.26978190537662816
Risk-Aware Regime Switching,9689,-0.35119894954033437
Risk-Aware Regime Switching,9690,-0.1332435981454545
Risk-Aware Regime Switching,9691,-0.25580890684893254
Risk-Aware Regime Switching,9692,-0.2392854800586499
Risk-Aware Regime Switching,9693,-0.4769031148676425
Risk-Aware Regime Switching,9694,-0.24743492877550655
Risk-Aware Regime Switching,9695,-0.2407602500833509
Risk-Aware Regime Switching,9696,-0.2307951258151656
Risk-Aware Regime Switching,9697,-0.36087956500324225
Risk-Aware Regime Switching,9698,-0.3205511446284879
Risk-Aware Regime Switching,9699,-0.19074792113421224
Risk-Aware Regime Switching,9700,-0.1278981970205758
Risk-Aware Regime Switching,9701,-0.290631215342819
Risk-Aware Regime Switching,9702,-0.14610771183705773
Risk-Aware Regime Switching,9703,-0.1676558717761295
Risk-Aware Regime Switching,9704,-0.2328905355378117
Risk-Aware Regime Switching,9705,-0.3116139536713016
Risk-Aware Regime Switching,9706,-0.2547631752104168
Risk-Aware Regime Switching,9707,-0.13688836160729645
Risk-Aware Regime Switching,9708,-0.2202010803885055
Risk-Aware Regime Switching,9709,-0.16828318429999545
Risk-Aware Regime Switching,9710,-0.23230361843804603
Risk-Aware Regime Switching,9711,-0.2631403690344837
Risk-Aware Regime Switching,9712,-0.33688605130720495
Risk-Aware Regime Switching,9713,-0.277645927754654
Risk-Aware Regime Switching,9714,-0.21738217865360798
Risk-Aware Regime Switching,9715,-0.24215541624544
Risk-Aware Regime Switching,9716,-0.2648190685305495
Risk-Aware Regime Switching,9717,-0.35080411023834224
Risk-Aware Regime Switching,9718,-0.27180423958248423
Risk-Aware Regime Switching,9719,-0.154884555012193
Risk-Aware Regime Switching,9720,-0.14788666932114436
Risk-Aware Regime Switching,9721,-0.3122124139516319
Risk-Aware Regime Switching,9722,-0.11150769292241636
Risk-Aware Regime Switching,9723,-0.08861837690020946
Risk-Aware Regime Switching,9724,-0.34890811606829686
Risk-Aware Regime Switching,9725,-0.15826480342539329
Risk-Aware Regime Switching,9726,-0.21433412532593732
Risk-Aware Regime Switching,9727,-0.35229698075237537
Risk-Aware Regime Switching,9728,-0.21775539773306563
Risk-Aware Regime Switching,9729,-0.20208210913606262
Risk-Aware Regime Switching,9730,-0.21456866947895292
Risk-Aware Regime Switching,9731,-0.16968811849812926
Risk-Aware Regime Switching,9732,-0.3901915951454633
Risk-Aware Regime Switching,9733,-0.15931355512312884
Risk-Aware Regime Switching,9734,-0.2761626574000434
Risk-Aware Regime Switching,9735,-0.24516497872717657
Risk-Aware Regime Switching,9736,-0.13108583752861203
Risk-Aware Regime Switching,9737,-0.15499923424474116
Risk-Aware Regime Switching,9738,-0.3354303882152706
Risk-Aware Regime Switching,9739,-0.13758520979960165
Risk-Aware Regime Switching,9740,-0.17595018032214949
Risk-Aware Regime Switching,9741,-0.318152361054595
Risk-Aware Regime Switching,9742,-0.28037167277273256
Risk-Aware Regime Switching,9743,-0.14948311671120806
Risk-Aware Regime Switching,9744,-0.24656988390306134
Risk-Aware Regime Switching,9745,-0.13006123956976834
Risk-Aware Regime Switching,9746,-0.24156887058031207
Risk-Aware Regime Switching,9747,-0.11873646634104607
Risk-Aware Regime Switching,9748,-0.39645749383779727
Risk-Aware Regime Switching,9749,-0.25405130144880117
Risk-Aware Regime Switching,9750,-0.19908826345350517
Risk-Aware Regime Switching,9751,-0.2223690142330571
Risk-Aware Regime Switching,9752,-0.29315798736310217
Risk-Aware Regime Switching,9753,-0.172873029225187
Risk-Aware Regime Switching,9754,-0.33150430342573434
Risk-Aware Regime Switching,9755,-0.30677572732606595
Risk-Aware Regime Switching,9756,-0.1863009713816548
Risk-Aware Regime Switching,9757,-0.2331452710496994
Risk-Aware Regime Switching,9758,-0.2504538353671293
Risk-Aware Regime Switching,9759,-0.2599826570725622
Risk-Aware Regime Switching,9760,-0.2450830873113099
Risk-Aware Regime Switching,9761,-0.1693823429569511
Risk-Aware Regime Switching,9762,-0.3441788336517896
Risk-Aware Regime Switching,9763,-0.37731143116763066
Risk-Aware Regime Switching,9764,-0.21880943602055425
Risk-Aware Regime Switching,9765,-0.18334150280298145
Risk-Aware Regime Switching,9766,-0.19749851698295484
Risk-Aware Regime Switching,9767,-0.18867144343706932
Risk-Aware Regime Switching,9768,-0.2815805484228886
Risk-Aware Regime Switching,9769,-0.2604360837852856
Risk-Aware Regime Switching,9770,-0.1557419040618454
Risk-Aware Regime Switching,9771,-0.26889563125166915
Risk-Aware Regime Switching,9772,-0.16136432066892648
Risk-Aware Regime Switching,9773,-0.25367922238072027
Risk-Aware Regime Switching,9774,-0.20911339423704767
Risk-Aware Regime Switching,9775,-0.1228649303283682
Risk-Aware Regime Switching,9776,-0.294074154543956
Risk-Aware Regime Switching,9777,-0.14825334646307442
Risk-Aware Regime Switching,9778,-0.29498638758326945
Risk-Aware Regime Switching,9779,-0.2314463713279492
Risk-Aware Regime Switching,9780,-0.1612834411180647
Risk-Aware Regime Switching,9781,-0.32682038857767093
Risk-Aware Regime Switching,9782,-0.2598278410281891
Risk-Aware Regime Switching,9783,-0.4252929184948945
Risk-Aware Regime Switching,9784,-0.15330108488235017
Risk-Aware Regime Switching,9785,-0.18353367161009415
Risk-Aware Regime Switching,9786,-0.29089920057176666
Risk-Aware Regime Switching,9787,-0.20549620758178289
Risk-Aware Regime Switching,9788,-0.1274447177871354
Risk-Aware Regime Switching,9789,-0.27071953879248967
Risk-Aware Regime Switching,9790,-0.4247432055253446
Risk-Aware Regime Switching,9791,-0.2885940466357281
Risk-Aware Regime Switching,9792,-0.1678205072092932
Risk-Aware Regime Switching,9793,-0.25040268250653996
Risk-Aware Regime Switching,9794,-0.2018017191092477
Risk-Aware Regime Switching,9795,-0.24717408868017432
Risk-Aware Regime Switching,9796,-0.3471272175790432
Risk-Aware Regime Switching,9797,-0.1511764879846198
Risk-Aware Regime Switching,9798,-0.20048659088406673
Risk-Aware Regime Switching,9799,-0.1494687273234897
Risk-Aware Regime Switching,9800,-0.22199827569607855
Risk-Aware Regime Switching,9801,-0.3391076884866334
Risk-Aware Regime Switching,9802,-0.19602362272175033
Risk-Aware Regime Switching,9803,-0.18595909167474134
Risk-Aware Regime Switching,9804,-0.2651628734238167
Risk-Aware Regime Switching,9805,-0.3277454854256743
Risk-Aware Regime Switching,9806,-0.13050998937971658
Risk-Aware Regime Switching,9807,-0.279588742932098
Risk-Aware Regime Switching,9808,-0.19845860944728666
Risk-Aware Regime Switching,9809,-0.24537431972982837
Risk-Aware Regime Switching,9810,-0.3036955608540649
Risk-Aware Regime Switching,9811,-0.17806148984136638
Risk-Aware Regime Switching,9812,-0.2039906258125097
Risk-Aware Regime Switching,9813,-0.3136085706783668
Risk-Aware Regime Switching,9814,-0.507191643837331
Risk-Aware Regime Switching,9815,-0.256965377387974
Risk-Aware Regime Switching,9816,-0.21547153961787324
Risk-Aware Regime Switching,9817,-0.4614561286655079
Risk-Aware Regime Switching,9818,-0.1265838669838638
Risk-Aware Regime Switching,9819,-0.24601584885846783
Risk-Aware Regime Switching,9820,-0.19830949780066975
Risk-Aware Regime Switching,9821,-0.2030557740332436
Risk-Aware Regime Switching,9822,-0.3811949467535076
Risk-Aware Regime Switching,9823,-0.16639201031070072
Risk-Aware Regime Switching,9824,-0.23575089546580086
Risk-Aware Regime Switching,9825,-0.3911215113672969
Risk-Aware Regime Switching,9826,-0.3340404135359467
Risk-Aware Regime Switching,9827,-0.27599352121463805
Risk-Aware Regime Switching,9828,-0.3648573933167292
Risk-Aware Regime Switching,9829,-0.17477175219951557
Risk-Aware Regime Switching,9830,-0.35761519222060656
Risk-Aware Regime Switching,9831,-0.23678117142275346
Risk-Aware Regime Switching,9832,-0.10231947468413505
Risk-Aware Regime Switching,9833,-0.2991361507700062
Risk-Aware Regime Switching,9834,-0.20030301781320048
Risk-Aware Regime Switching,9835,-0.1448701861882512
Risk-Aware Regime Switching,9836,-0.5071854826671734
Risk-Aware Regime Switching,9837,-0.16269516609392842
Risk-Aware Regime Switching,9838,-0.20953898526450898
Risk-Aware Regime Switching,9839,-0.19390487867107287
Risk-Aware Regime Switching,9840,-0.13878411231839238
Risk-Aware Regime Switching,9841,-0.2508294975227634
Risk-Aware Regime Switching,9842,-0.2302469021715431
Risk-Aware Regime Switching,9843,-0.191672222647154
Risk-Aware Regime Switching,9844,-0.158171766001715
Risk-Aware Regime Switching,9845,-0.3648739015323139
Risk-Aware Regime Switching,9846,-0.30745594468701665
Risk-Aware Regime Switching,9847,-0.3546557390273134
Risk-Aware Regime Switching,9848,-0.2766499070020927
Risk-Aware Regime Switching,9849,-0.20961107910288512
Risk-Aware Regime Switching,9850,-0.14507079716968707
Risk-Aware Regime Switching,9851,-0.33010701107398044
Risk-Aware Regime Switching,9852,-0.31504480190269424
Risk-Aware Regime Switching,9853,-0.23658785326305432
Risk-Aware Regime Switching,9854,-0.33786008374915943
Risk-Aware Regime Switching,9855,-0.3768229719107047
Risk-Aware Regime Switching,9856,-0.30146253031963843
Risk-Aware Regime Switching,9857,-0.22046543615488645
Risk-Aware Regime Switching,9858,-0.24114562741487355
Risk-Aware Regime Switching,9859,-0.2528189805679286
Risk-Aware Regime Switching,9860,-0.26834230272426773
Risk-Aware Regime Switching,9861,-0.29535501108491524
Risk-Aware Regime Switching,9862,-0.17883536761175955
Risk-Aware Regime Switching,9863,-0.3810248099812744
Risk-Aware Regime Switching,9864,-0.39719577358227975
Risk-Aware Regime Switching,9865,-0.25492722233966814
Risk-Aware Regime Switching,9866,-0.18290560292853997
Risk-Aware Regime Switching,9867,-0.36732355684106377
Risk-Aware Regime Switching,9868,-0.4670253052956481
Risk-Aware Regime Switching,9869,-0.3701068110466721
Risk-Aware Regime Switching,9870,-0.2669162095243478
Risk-Aware Regime Switching,9871,-0.15949845276860974
Risk-Aware Regime Switching,9872,-0.33919448141468955
Risk-Aware Regime Switching,9873,-0.4001338697167429
Risk-Aware Regime Switching,9874,-0.4045311817298498
Risk-Aware Regime Switching,9875,-0.2385157421825327
Risk-Aware Regime Switching,9876,-0.12225212587356704
Risk-Aware Regime Switching,9877,-0.3131911413147219
Risk-Aware Regime Switching,9878,-0.3176313823113418
Risk-Aware Regime Switching,9879,-0.2501893755417839
Risk-Aware Regime Switching,9880,-0.2896956825786857
Risk-Aware Regime Switching,9881,-0.2648883452968541
Risk-Aware Regime Switching,9882,-0.19319568595611936
Risk-Aware Regime Switching,9883,-0.39209563566058514
Risk-Aware Regime Switching,9884,-0.11754960475740894
Risk-Aware Regime Switching,9885,-0.15068441125753174
Risk-Aware Regime Switching,9886,-0.16227274831600547
Risk-Aware Regime Switching,9887,-0.24906174529842007
Risk-Aware Regime Switching,9888,-0.44936616879224045
Risk-Aware Regime Switching,9889,-0.29480521012765804
Risk-Aware Regime Switching,9890,-0.3056553479206817
Risk-Aware Regime Switching,9891,-0.271918055403677
Risk-Aware Regime Switching,9892,-0.31140016871342413
Risk-Aware Regime Switching,9893,-0.4209123731843235
Risk-Aware Regime Switching,9894,-0.1467670941653576
Risk-Aware Regime Switching,9895,-0.31492853787798025
Risk-Aware Regime Switching,9896,-0.2700182032027799
Risk-Aware Regime Switching,9897,-0.25290897565341586
Risk-Aware Regime Switching,9898,-0.4019155716063789
Risk-Aware Regime Switching,9899,-0.2454701124680796
Risk-Aware Regime Switching,9900,-0.33489761518799754
Risk-Aware Regime Switching,9901,-0.3869678961303089
Risk-Aware Regime Switching,9902,-0.37279948975163457
Risk-Aware Regime Switching,9903,-0.2511249780951881
Risk-Aware Regime Switching,9904,-0.33679533848147425
Risk-Aware Regime Switching,9905,-0.24330770566175985
Risk-Aware Regime Switching,9906,-0.3423678830111617
Risk-Aware Regime Switching,9907,-0.37407255269936046
Risk-Aware Regime Switching,9908,-0.40935132455373147
Risk-Aware Regime Switching,9909,-0.4737309684847112
Risk-Aware Regime Switching,9910,-0.3573918750756685
Risk-Aware Regime Switching,9911,-0.3300073449306895
Risk-Aware Regime Switching,9912,-0.12083562493684774
Risk-Aware Regime Switching,9913,-0.18789880557519523
Risk-Aware Regime Switching,9914,-0.11687904498739488
Risk-Aware Regime Switching,9915,-0.2011747051374977
Risk-Aware Regime Switching,9916,-0.21428362435190662
Risk-Aware Regime Switching,9917,-0.4817261823575313
Risk-Aware Regime Switching,9918,-0.24524423676209262
Risk-Aware Regime Switching,9919,-0.1528955711622796
Risk-Aware Regime Switching,9920,-0.3502203029158071
Risk-Aware Regime Switching,9921,-0.405389051253617
Risk-Aware Regime Switching,9922,-0.11669520793585209
Risk-Aware Regime Switching,9923,-0.27813808655102457
Risk-Aware Regime Switching,9924,-0.22483631851847108
Risk-Aware Regime Switching,9925,-0.14213971898802968
Risk-Aware Regime Switching,9926,-0.1420272678097193
Risk-Aware Regime Switching,9927,-0.2653880922071895
Risk-Aware Regime Switching,9928,-0.2632638324558274
Risk-Aware Regime Switching,9929,-0.13486277880024333
Risk-Aware Regime Switching,9930,-0.20500518332512618
Risk-Aware Regime Switching,9931,-0.29169086391621646
Risk-Aware Regime Switching,9932,-0.1387770916702331
Risk-Aware Regime Switching,9933,-0.32624191935512203
Risk-Aware Regime Switching,9934,-0.19006513715269802
Risk-Aware Regime Switching,9935,-0.19863919968337806
Risk-Aware Regime Switching,9936,-0.22376439253347813
Risk-Aware Regime Switching,9937,-0.1437319231193802
Risk-Aware Regime Switching,9938,-0.1876701064301044
Risk-Aware Regime Switching,9939,-0.26102103311538305
Risk-Aware Regime Switching,9940,-0.2427704175884372
Risk-Aware Regime Switching,9941,-0.36521280748062457
Risk-Aware Regime Switching,9942,-0.22816409280127825
Risk-Aware Regime Switching,9943,-0.373418377106035
Risk-Aware Regime Switching,9944,-0.16169218597413337
Risk-Aware Regime Switching,9945,-0.3458386840113731
Risk-Aware Regime Switching,9946,-0.3737715464580167
Risk-Aware Regime Switching,9947,-0.35232137914445505
Risk-Aware Regime Switching,9948,-0.23643908977154504
Risk-Aware Regime Switching,9949,-0.33807587442124354
Risk-Aware Regime Switching,9950,-0.2700535562155839
Risk-Aware Regime Switching,9951,-0.20075521941401808
Risk-Aware Regime Switching,9952,-0.25713535916676966
Risk-Aware Regime Switching,9953,-0.2868693047526367
Risk-Aware Regime Switching,9954,-0.08644194646708625
Risk-Aware Regime Switching,9955,-0.19336571676914138
Risk-Aware Regime Switching,9956,-0.15525286871839328
Risk-Aware Regime Switching,9957,-0.25991905833014706
Risk-Aware Regime Switching,9958,-0.1884721396961827
Risk-Aware Regime Switching,9959,-0.20887423406248617
Risk-Aware Regime Switching,9960,-0.2947021559276972
Risk-Aware Regime Switching,9961,-0.1695356567400763
Risk-Aware Regime Switching,9962,-0.07115122809862506
Risk-Aware Regime Switching,9963,-0.28594478591154937
Risk-Aware Regime Switching,9964,-0.3048892608706678
Risk-Aware Regime Switching,9965,-0.18322243618075584
Risk-Aware Regime Switching,9966,-0.18294546916449528
Risk-Aware Regime Switching,9967,-0.3006875750482142
Risk-Aware Regime Switching,9968,-0.29056137990047715
Risk-Aware Regime Switching,9969,-0.09461754461524774
Risk-Aware Regime Switching,9970,-0.23307062722092153
Risk-Aware Regime Switching,9971,-0.3037640410267046
Risk-Aware Regime Switching,9972,-0.33631723826171256
Risk-Aware Regime Switching,9973,-0.12271901770511229
Risk-Aware Regime Switching,9974,-0.15122284620947823
Risk-Aware Regime Switching,9975,-0.22430316069437517
Risk-Aware Regime Switching,9976,-0.2855842842560633
Risk-Aware Regime Switching,9977,-0.2784178917563098
Risk-Aware Regime Switching,9978,-0.31794539832683477
Risk-Aware Regime Switching,9979,-0.29381486766974374
Risk-Aware Regime Switching,9980,-0.3595997922420898
Risk-Aware Regime Switching,9981,-0.302557637224101
Risk-Aware Regime Switching,9982,-0.4106746067437004
Risk-Aware Regime Switching,9983,-0.14969485219664125
Risk-Aware Regime Switching,9984,-0.3186658423445611
Risk-Aware Regime Switching,9985,-0.1185732132650521
Risk-Aware Regime Switching,9986,-0.14974646755532184
Risk-Aware Regime Switching,9987,-0.15463221424597284
Risk-Aware Regime Switching,9988,-0.17615452148074429
Risk-Aware Regime Switching,9989,-0.2190955896597927
Risk-Aware Regime Switching,9990,-0.36226368154740807
Risk-Aware Regime Switching,9991,-0.21656084327082836
Risk-Aware Regime Switching,9992,-0.17192371468228307
Risk-Aware Regime Switching,9993,-0.2827309017306121
Risk-Aware Regime Switching,9994,-0.25923745353663985
Risk-Aware Regime Switching,9995,-0.31741686132189173
Risk-Aware Regime Switching,9996,-0.1548702120578983
Risk-Aware Regime Switching,9997,-0.31612977189804137
Risk-Aware Regime Switching,9998,-0.13451237692466123
Risk-Aware Regime Switching,9999,-0.37953908554421845
Risk-Aware Regime Switching,10000,-0.2953835527480524
