date,HDFCBANK,ICICIBANK,INFY,ITC,LT,RELIANCE,SBIN,TCS
2024-01-02,0.0005888843352037654,-0.017160286488529297,-0.010925940125233291,0.004914077702315556,-0.024776928189290115,0.008281024461512132,-0.0029622900873815805,-0.0073207455167846325
2024-01-03,-0.01541992926592517,0.0018324896659962508,-0.028936468726782905,0.014669916115863657,0.0006544316922332261,-0.010874019967349269,0.006255316318426907,-0.024172637444404788
2024-01-04,0.010729871622110254,0.0031502903200690824,0.01523501637428648,-0.0017810699411892061,0.005333789357307328,0.00516761314101033,-0.0010880030511759564,-0.006758284744133425
2024-01-05,-0.005115721031214604,0.006635229597709014,0.013122209944325558,-0.005142735347122285,0.018272736837075643,0.004255531729745909,-0.001244600181842137,0.019390030944197223
2024-01-08,-0.011146172198728266,-0.011774153946308985,-0.006361816241318263,-0.017828789668021705,-0.005905896155175561,-0.00780367992130282,-0.023288459644550286,-0.015944552569716164
2024-01-09,-0.0077850730639016374,-0.002291274206203231,0.004268423374711006,-0.0020409525585841637,0.015666413887836628,-0.0026475651835438097,-0.0025517281004509007,0.003153453063061251
2024-01-10,0.0033020713660183443,0.01357489069766693,-0.006146580745211905,-0.002690762658783763,-0.0029386714107801915,0.026971545945415842,-0.005836401657126733,0.006274047795449267
2024-01-11,-0.004196937011994306,-0.0019132616009639447,-0.016909131870712968,-0.0014029593678964725,-0.011465236484029973,0.026300947772074146,-0.002492840468886204,0.006059658496296638
2024-01-12,-0.004730127823385888,0.012460258785127465,0.07934008248304081,0.008753956890260817,0.018246216631722767,0.007960075435434977,0.021605891113898545,0.03941865848016546
2024-01-15,0.019254184457035306,0.006327816893898719,0.024399380900565593,0.001928518433901294,-0.007215346398113609,0.017071106552575044,0.010258856604355104,0.00540833165449639
2024-01-16,0.003796093584898408,-0.0007921464773746889,-0.012438734593798406,0.010051116288872786,0.008594291418824396,-0.013987131296874233,-0.004999212171522105,-0.01088672446750294
2024-01-17,-0.08435831477426414,-0.027055157921658135,0.005301683498239118,-0.01206842974838307,-0.0007136380734228398,-0.009493519580024645,-0.01711412991839989,0.006034153638930784
2024-01-18,-0.0333981573979365,0.004685449326059743,0.0014632946362607147,-0.002357464599741732,0.007014926452757475,0.004682012239050959,0.0036740327481832313,0.004633712703072668
2024-01-19,-0.010429727773682673,0.013027885990588572,0.010105842118161679,0.012889193583150993,0.013904364101888556,-0.00036549294992371806,-0.000875348039057311,0.017403769239905387
2024-01-23,-0.029442808304260493,0.029873942066992454,-0.010276016608322891,-0.025874809215103767,-0.026055917148102847,-0.02842879948539434,-0.03608127562500185,-0.021506209806220755
2024-01-24,0.02000204174465736,-0.029007377356333963,0.020247876652620622,0.009362140554800336,0.010757425952343969,0.01151617895516277,0.021814574994251323,-0.004263614958794459
2024-01-25,-0.01442393235318018,0.01075863233599561,-0.0037603374491927966,-0.01714847963470878,0.0011841709297775171,0.006845748689584319,-0.008976249560146199,-0.008199185322968705
2024-01-29,0.013763988567043084,0.006386420582392027,-0.007489064328051631,-0.012838859481745346,0.03187743294732792,0.07019202245224365,0.016646338122189297,-0.0024408405153205637
2024-01-30,-0.007115143203792473,0.0004920001904280547,-0.0031087929608976106,-0.026122655846818166,-0.02014561900249867,-0.027916800826681687,0.006099987068408197,-0.00011823993367399144
2024-01-31,0.012635859431304741,0.011063004900928153,0.005722347514822923,0.007989964313283915,-0.04226180677423863,0.013497792627487293,0.021938540375563864,0.004051837099715794
2024-02-01,0.002598231236304205,-0.0029178423352682614,-0.0023179615783353036,0.0030574250958630422,-0.023493107043997208,1.757932671186957e-05,0.011163274881268226,0.010010602684391134
2024-02-02,-0.013775765877706458,-0.0011218631145459845,0.02190624290791221,-0.006322023850377723,-0.0064596983078006875,0.021764296027886765,0.003088108305293824,0.029098719678637197
2024-02-05,-0.0008989070306042457,-0.0004882274719582025,-0.0036318476144703293,-0.004657999481358588,-0.010159798077235216,-0.012811219482966152,-0.010313324111616118,0.0017648331706228149
2024-02-06,-0.0005191652169186378,0.002833393469781731,0.025041477103037613,-0.015180875380889525,0.02468773179409789,-0.007800462687801102,0.011353881707854452,0.04094826478129798
2024-02-07,-0.009798462970622035,-0.004140683012942903,-0.020642373816693427,0.0009270804917507203,-0.008629686390694613,0.01005047344215071,0.03844671398347321,-0.012717670687110383
2024-02-08,-0.018811680903324413,-0.03213816202134512,-0.0009741451125850897,-0.025297489781630156,-0.01743894029089399,0.005529874015297365,0.03598671589209279,0.0124162932288443
2024-02-09,0.000391887982368333,0.02163150688762605,-0.013444818985857365,0.0022916420280796324,-0.0032828133596962683,0.007326965683905007,0.03673797615147678,-9.68404596745076e-05
2024-02-12,-0.009689274550093496,-0.014445511481588236,0.006439649482471443,-0.02081833113525844,-0.0075199035304019946,-0.005750482688546277,-0.02392277193428005,-0.00314482786240855
2024-02-13,0.0032013155613928035,0.023792812414444864,0.002648627761835387,-0.0002457410620834155,0.00665243914534841,0.00877883789938716,0.007840110862566974,0.006989006183562907
2024-02-14,-0.007458058818447411,0.0028437344557410427,-0.010893091317759063,0.0118008810109973,-0.0037633291495074994,0.011108443676987934,0.04197911030456547,-0.011905022220056849
2024-02-15,0.02167554892818302,-0.005915734823433438,0.006091768139160569,-0.01858828520745981,-0.0026291393920579997,-0.007273645854000144,0.02461660815477007,0.0007561063596084328
2024-02-16,0.004137042787938361,0.0064919390023414625,0.015092246373834106,0.0017331847482169316,0.026194515992672196,-0.006816925896236836,-0.009190031152647937,0.006117150937613447
2024-02-19,-0.001972010983429584,0.020034179751737602,-0.001116591661557531,0.011492710844890786,-0.013848068145030035,0.009191657235465334,0.006028810989290756,-0.005934719054383142
2024-02-20,0.026250854069011842,0.004790366915550015,-0.008530620426044688,-0.007696945540537792,0.005060059343009904,-0.0020183338909782744,0.0011195801582895015,-0.01782498454886572
2024-02-21,-0.010417518612636179,0.003051175781015658,-0.01762352280555257,-0.006771782254376024,-0.017978714876269897,-0.0022603421318484473,0.014998144881058773,-0.009712947940223482
2024-02-22,-0.013618992942338704,0.01021926030695175,0.015583826617147079,0.027519594373142775,0.020431405581377904,0.009572788452789194,-0.007258618664694794,0.0239508062499576
2024-02-23,0.000739641516340539,-0.0013173006299996848,-0.0026763604208435154,-0.00735905405559556,0.007194293949287056,0.008014184592298523,-0.0089438322922899,-0.008563551440574413
2024-02-26,0.001196676765356175,-0.006690117793396233,-0.009959149263848666,-0.005347701464718968,0.024262474140664736,-0.004217955695542952,-0.0001975700832537175,-0.012598300126148598
2024-02-27,-0.0015115587546311593,0.005691599347655174,0.0020781237283511445,0.004765329168687327,0.010460704156595835,-0.001126091609882418,-0.011925247873345368,0.02583066692465419
2024-02-28,-0.007569683956605844,-0.013205122518853751,0.0045985404075250536,-0.006931778401817468,-0.010338178223469718,-0.020210008325691198,-0.009801859730306228,0.003545161328272206
2024-02-29,-0.004257154760713755,0.00573512135663834,0.0015856713518185295,-0.004898310588450694,0.002118141262027695,0.0035552197626391724,0.007542120916094852,-0.005790446735497001
2024-03-01,0.019488318100628454,0.03297850839573635,-0.01147028063558142,0.007875909901686962,0.04484480108551914,0.02144366808541376,0.02813789229845476,-0.00018308647648523912
2024-03-04,0.0013629182346182045,0.005014216421096451,-0.010576060433899137,-0.000976859721387613,0.0030135056985156616,0.01023701342599459,0.0037703124135932686,-0.0033340670661136107
2024-03-05,0.005688507477972893,-0.003936295080380736,-0.018751370888719365,-0.007210817853189999,-0.008739209912172363,-0.004776469739736444,0.015413673229426328,-0.016810685876451847
2024-03-06,0.0012146305649112232,0.008317519164583231,0.006878342390394643,0.004185659995247448,0.008193575298986122,0.0018664767112457348,-6.37923342494684e-05,0.013010494836694919
2024-03-07,0.0024262256836158347,-0.008340172460218565,-0.0006801873209348885,0.01397564259131756,0.009540905011304224,-0.01601793214046021,0.005294032775402524,0.010899956818992695
2024-03-11,-0.012654776329993234,-0.008502347254541798,-0.009805428747403533,-0.010034935343871343,-0.009885873936163803,-0.008333811572690752,-0.018209548670315656,0.003346653998194782
2024-03-12,0.022237020056631085,-0.0017149363943778084,0.007715887442089953,-0.012090937963801895,-0.005205246094515559,0.006017321374223394,-0.01809482415528585,0.016956320298034955
2024-03-13,0.0005824146414918907,0.006593281247659677,-0.0009609403730790333,0.04450487285602267,-0.022945299386768148,-0.029313565099640226,-0.016388102461226906,-0.010316799490479034
2024-03-14,-0.0033896215949710262,-0.00032289763137816063,0.026002241035344875,-0.0066279871057814965,0.019683199794757744,-0.0004888471763835334,-0.008297110823630827,0.014124063656281827
2024-03-15,-0.0019236688346554454,-0.002999189117457113,-0.011673691082319748,-0.001310642566175746,-0.019691284780643303,-0.00925613232791167,-0.01234729378165278,0.002768647702017457
2024-03-18,-0.004543490325907618,0.0007867929945448715,-0.019185886357825366,-0.003937004255360366,0.0067992846574855825,0.014983453782571932,-0.0012979870414383532,-0.015820451081902887
2024-03-19,0.0022821139254969314,0.0025433907814822465,-0.025707467597355094,-0.018924363950441614,-0.016707894166623882,-0.009882018608837861,-0.009781808002503944,-0.04219125628630638
2024-03-20,-0.01262631193685071,0.000507525025710942,-0.004162853764311247,0.015016474530787693,0.002284574474370693,0.012980250727125275,0.017200853093219726,-0.0016091983925359266
2024-03-21,0.010272124715075215,-0.002489661019644429,-0.00016083475966277572,0.01335092294939444,0.01433171707866876,0.005004161720336242,0.010933785608483904,0.0005163293499761412
2024-03-22,-0.002005971621175884,0.007857269261457578,-0.02949108740082962,0.0174480702002906,0.016235987733457247,0.0027912890122081535,0.003224545369927334,-0.015618248085348618
2024-03-26,-0.012094038729833945,-0.006053463843082474,-0.01073670838624552,-0.002216519327667754,0.014456299136402784,-0.009243784098813213,-0.008905907979188776,-0.008540172580802863
2024-03-27,0.010733823622926408,4.6253363100268174e-05,-0.005895494281548896,0.0008184652307043905,0.009890659313740002,0.03556867292553645,-0.009121001860270206,-0.009439043578490458
2024-03-28,0.004997599333016245,0.008812002971068766,0.009569806399801983,0.0008177140727003707,0.015513756114565513,-0.0046890415903863,0.025978467007055972,0.009216634744041885
2024-04-01,0.01560879925730152,0.00580807083531365,-0.0017356659230834959,-0.0038519049008858275,0.019687050532992467,-0.0007233697055262223,0.007908508175680007,0.010435214813549365
2024-04-02,0.006562413278587531,-0.016778072935565325,-0.008425649326923246,-0.001992079610306563,-0.007972895331466279,0.0014647607470079649,0.010681886422774012,-0.008412670275170786
2024-04-03,0.0014526534956316173,-0.0036997591673780805,-0.0014836812482038608,-0.0015264198842134258,-0.006552999405620041,-0.010323074649119857,0.006067280186280888,0.016350076221615772
2024-04-04,0.030560550247808127,0.0015318856821671112,0.004086029470441677,-0.005761939278296824,0.004071480745613476,-0.005894875971114488,-0.015238916570310623,0.01418675960239657
2024-04-05,0.014368988041991715,0.00421751245772195,-0.005111944856500905,0.011354247587673783,-0.014416082589898904,-0.001931177032471365,0.007177656656831566,-0.00600749682904711
2024-04-08,-0.0019038475144921296,0.003461258900081532,-0.0016226731110285941,0.0036252687151292484,0.01729849283211382,0.017721450440681963,0.004641957314285072,-0.0016836832933919688
2024-04-09,0.0012608270930112297,0.018304768367508606,0.012290967439610778,-0.00640872934748038,-0.005935127910604354,-0.015023871684024193,-0.005336434698946402,-0.0065449348849103695
2024-04-10,-0.007878314137259257,0.0021227881832615036,0.007994031746796804,0.02486209377943327,-0.008467138080562986,0.01088040785492117,0.019432095315141895,0.00965398535879114
2024-04-12,-0.011325650134338061,-0.0045070031895715346,-0.014633603442981591,-0.015676762133028932,-0.019703152769041332,-0.008397700983963752,-0.016366052947953458,0.004203603724291405
2024-04-15,-0.01596498077857267,-0.023587459865593297,-0.011180326593507428,-0.009765309652631116,-0.02132224603531152,-0.0015847512239508532,-0.011483695898532265,-0.015044736321447982
2024-04-16,0.009734483233895697,-0.01047888827781085,-0.036576605285813746,0.0,-0.01592707533858273,0.0006315330845154676,-0.00765676576641805,-0.017355015013215902
2024-04-18,-0.009640636618370113,-0.010871127346196108,0.0033935869756385184,-0.016553078394695886,0.0021166064966875453,-0.0009722404490967174,-0.009179315145312672,-0.002788778190574881
2024-04-19,0.024486618230647794,0.011180102903450617,-0.00563675582181189,0.014086178022990614,-0.00918055594790812,0.003960831579741253,0.007585976374629988,-0.009269737426479852
2024-04-22,-0.01247308458483487,0.018177578111667314,0.01523466703585763,0.0012948232053096032,0.02681643185015803,0.006615090840900173,0.020854118980263348,0.010036135607614849
2024-04-23,-0.0030419290161484147,0.0033128658396091026,0.0067353387509923035,0.009170117121981791,-0.0007058947172156049,-0.013869624014868687,0.009006777122813059,0.0026133892606508002
2024-04-24,0.0027194782119566163,0.00596190430886967,-0.008076987184873707,-0.0006989964134720417,0.0068419222401858715,-0.006270052120062264,0.00012930860912718778,-0.011265428622351914
2024-04-25,-0.0006283543928895519,0.01550033134676121,0.005381749731093066,0.020167827495007895,0.004800693465697448,0.006757805531611982,0.05122242940045907,0.005520681138160954
2024-04-26,-0.0006287494703812735,-0.005252486994106964,-0.005700386849457506,0.00559938655015535,-0.012895933722509967,-0.005085633694074887,-0.014027425538329585,-0.008008383044239342
2024-04-29,0.013048067998665314,0.047161279123808075,0.0031463243657408047,-0.004090876350874573,0.008071689299992801,0.008588388197732222,0.031448995664037804,0.012783416258751013
2024-04-30,-0.00614582017964449,-0.008404095574235826,-0.009897119772792506,-0.0058193204026645295,-0.01100630742708908,0.0013480647310561977,-0.00030254083619007943,-0.012803038409732181
2024-05-02,0.00799280433752525,-0.009518452949414336,-0.004294239516216436,0.0076896692506556175,0.0014467160557225522,-0.0003067085032111283,0.004599076425209514,0.011163218320566104
2024-05-03,-0.008255821644699624,0.0022819433136840317,0.0013080064378603318,-0.0058087160095625645,-0.027698223287567658,-0.022195003295895632,0.0016867499252124496,-0.005151073455057387
2024-05-06,0.002007143164551195,0.00372132092878541,0.006778214353488243,-0.003894915667930765,-0.010429119072099646,-0.010094119657954703,-0.02844439153079903,0.02020347469668038
2024-05-07,-0.01083637004209359,-0.012562222306405912,0.010554579200079628,0.01288077258537279,-0.010264812138833013,-0.012715634020197708,-0.00730373364879211,0.014766331578558889
2024-05-08,-0.015602622692396984,-0.007862775645739672,-0.00947276174219902,0.0014762371388912232,0.017241603841404496,0.012183710606438636,0.011098610552005894,-0.0005026159969109267
2024-05-09,-0.02370764520440427,-0.006500535008681085,0.008582572527693788,-0.03605442376742629,-0.06062781366913317,-0.017218423426538232,0.011100063674882366,-0.004211742565624621
2024-05-10,0.00693283975520953,0.001210019508659288,-0.010176792988385919,0.01940717999344921,-0.0012211901527819924,0.00954018077932317,-0.0029884244246605185,-0.016741631077022867
2024-05-13,0.012066123191257994,0.009802630102880183,-0.0010176655661091605,-0.003461350701745136,0.006847103034025359,-0.0033572841312036195,-0.010460677448515643,0.013842307000747622
2024-05-14,0.003916848593604971,-0.00660459147028114,0.000878185189407299,-0.004978666564600109,0.02598786392983321,0.012386827299672554,0.011622170881186777,-0.011804202706912958
2024-05-15,-0.01536677714591983,0.003391128037532498,-0.0033340269344078743,-0.004421690537080192,0.009424643627972795,-0.0026758565755491404,0.002566571759566205,-0.005331641875575888
2024-05-16,0.015119970504954061,0.005959081386450293,0.02352204647877354,0.008531974521625685,0.014451942362490477,0.006407604267281597,-0.010179196950719005,0.012602559114108347
2024-05-17,0.0026365124242591076,-0.0004863902330559666,-0.006226992047759006,0.011241281933237257,-0.002846298641419054,0.007261382286290585,0.007266482593023982,-0.017136805797924648
2024-05-21,-0.0036198379834736505,-0.008447597556680675,-0.007027697433532154,-0.0034381075230702773,-0.0028400336975569207,0.00029601298051340486,0.01565084981332099,-0.0036253658134454136
2024-05-22,0.00027415530208174665,-0.008787201301289405,0.01439880267517557,0.011729652593327922,0.005783337896908103,0.01707730328016077,0.0022032553062236726,0.0030887020370553575
2024-05-23,0.022889141038807015,0.021060281233288514,0.012097758146087267,0.0032960533176666917,0.03598821824592213,0.01738956419771931,0.01630531213915254,0.01603608588440486
2024-05-24,0.016481357665961927,-0.002247717423435436,-0.004957823994864108,-0.011668642636482929,0.011295819233318793,-0.0039030928284150557,-0.004206234367539863,-0.011288243319815927
2024-05-27,0.006920644688955591,-0.0018992940124230584,0.004266009719493313,-0.010774859058257147,0.00719820434628371,-0.009457826453420637,0.006155017336611834,-0.000636329661460322
2024-05-28,0.0018328648540426595,-0.00252271508803692,-0.002922493776128965,-0.005793705329756094,0.0016977118417924597,-0.006854253936252164,-0.0030586063988439216,-0.0018586495223872346
2024-05-29,-0.014505026062158644,-0.022139271987836717,-0.010974544420291332,0.00454547235558711,-0.006396538350403547,-0.01059255978193685,-0.010226837269015188,-0.009440331762562648
2024-05-30,0.004342587096262562,0.010616981744083098,-0.01619618336569706,-0.016475303824537324,-2.7528714208302496e-05,-0.011053153643843294,0.0038898103318742994,-0.017759306285883958
2024-05-31,0.011024222554699481,0.00659971478216459,0.005323572090147,0.006134242457616512,0.009519332657998758,0.0038952465246684387,0.0054489323286919245,-0.017437941193680695
2024-06-03,0.026541674437006613,0.03474414030465045,-0.0007108446312953376,0.009145305476097487,0.062096252838135024,0.05587589380157376,0.09068470706739773,0.00868999261758896
2024-06-04,-0.056640327834704185,-0.07633630569433347,-0.008713186629459524,-0.01742040146205781,-0.12674643454445889,-0.07485139657931561,-0.14404019893146525,0.003281123351017934
2024-06-05,0.046286584690063304,0.034719444690835655,0.0261541609692979,0.03636807682844334,0.001704292690899667,0.016800579588873044,0.018769273160395672,0.008465855601881511
2024-06-06,0.005090880916502893,0.0015785182743845994,0.02947357562319075,0.011852123901753941,0.02157527895364031,0.0076368018301054,0.034441332166824434,0.022407751274832632
2024-06-07,0.008751652213627503,0.01017643049487682,0.04167081613015022,0.008612848061048783,0.014342847464637876,0.026788141380951203,0.015912892039317894,0.016590898213738603
2024-06-10,-0.007658785181035688,0.0018721844231071039,-0.02207215869700463,-0.00512354889874822,0.0031847868551171388,0.000986439710732867,0.002229000110888668,-0.009052528080349398
2024-06-11,0.002241775711910865,-0.004983051992657694,-0.0026671709717033254,-0.00892650125696648,0.015506100465009665,-0.010007403811325588,0.004508283258018775,-0.001710307750958262
2024-06-12,0.0059751990339891314,0.0012073141869568538,-0.0070533655664415384,-0.0016166681199051292,0.008781042236570613,0.00456513344663545,0.004248642695657834,-0.005308876843862387
2024-06-13,0.004192645832201469,-0.010897386453603941,0.005891474901685623,-0.004626394981692927,0.02020487270908089,0.0013154384400813068,0.005720556999694315,0.012135725282848009
2024-06-14,0.010216711590982808,-0.0015351060983409548,-0.003380244078900918,0.0019754605305846162,-0.004279581831572732,0.00839447498001955,-0.0055694240997820055,-0.011887049294684648
2024-06-18,0.006825765731850675,0.01555645203371192,0.006246218387639502,-0.00556657693161966,0.0003796591377691616,0.002351950214810161,0.006792219121384502,-0.004423109069494058
2024-06-19,0.031129382910621395,0.019236699928011358,0.008777173229963964,-0.011895051129736767,-0.026902811178040387,-0.015107785783289307,0.009113373663173885,-0.003512383784972428
2024-06-20,0.006936678673735708,0.01079125225576627,0.0026796956045893605,-0.0008261740778569004,0.009124132079972869,0.010317629239700032,-0.010379984123776831,-0.0038009947629107366
2024-06-21,-0.0021564940878732175,0.0015992615789606202,0.01141615766459636,-0.008740771777257073,-0.01653928413992012,-0.013231871575590248,-0.008829595396912637,0.006205069043659472
2024-06-24,0.003992292204048509,0.009882113882514698,-0.0036210766197850575,0.008817846561619103,-0.0009617925380271952,-0.008750593308440746,-0.004304630541632992,0.0015875090519050783
2024-06-25,0.023289831157372154,0.023801399530944956,0.00969126890356553,0.0,0.01591346017675299,0.00879304571525008,0.011468686173173648,0.005672242826316731
2024-06-26,-0.005755713328143508,0.016737056025565966,-0.000810627413827314,0.0015355223265660634,0.004222621756676093,0.04117530565730987,0.0036805393027083966,0.004533142644265409
2024-06-27,-0.0031442759121885766,0.00155985406456427,0.021191608758473368,0.0038920879344057635,-0.010699597856061116,0.010914635166324516,-0.0015968895369020686,0.020306677118075322
2024-06-28,-0.007281212531948689,-0.016640635003743243,-0.004194857927272033,-0.00164485816400739,-0.004474776580543516,0.02276964031814055,0.0058649522224591966,-0.007625373850596917
2024-07-01,0.012709388172890135,0.010211671918352039,0.015350341875290718,0.009767095573359308,-0.006171717554200762,-0.0033538119265674737,-0.008245497211171848,0.018966976806692903
2024-07-02,0.014895582820719344,-0.01753521288985016,0.019015515587712084,-0.00827412633682556,0.028342155132427216,0.0032208997154759,-0.018765935608866857,0.009853617900419165
2024-07-03,0.02198662685196151,0.009239063944922687,0.003917288164378974,0.006580494486623456,-0.0033502955668911483,-0.008146097436494082,0.016703979873347707,-0.012981005036742488
2024-07-04,-0.02346420080274736,0.026131878731958436,0.014286543053500411,0.0017511408266617234,-0.0113575890906783,0.0010306439714371507,-0.0007739219104039297,0.014047073158872436
2024-07-05,-0.04576909350840774,0.00032441650813130885,-0.0019387052246776504,0.010721373792525135,0.015070126314618237,0.022264699061864013,0.024365552922213318,-0.00227551481082533
2024-07-08,-0.007736237042838878,0.0013377840967960797,0.008619488892513294,0.02294474791598433,0.001337161517270813,0.007726916342910117,-0.004070959732811796,-0.00463638656767551
2024-07-09,0.0007032963179265384,0.010687773655075006,-0.0027081927049641408,0.020288451051664325,0.009388805190016614,-0.006636901459187605,0.005897780829865695,-0.0019282827110200795
2024-07-10,-0.006354959680527461,-0.004045720226762306,-0.005370673488082067,-0.0025407642501562577,-0.004377995347260022,-0.0038044474248314364,-0.01428070701929074,-0.019156845041366277
2024-07-11,-0.0025829291093619755,-0.0038207386548493316,0.002699797290653505,0.015948579083522096,-0.007931322677886543,-0.00225658996090794,0.009069588006956453,0.0037219867269802087
2024-07-12,0.0004932494765281792,-0.004481370434576304,0.035729389384056454,0.00087221051386277,0.007801435789070332,0.010169844699170483,0.00350171090354201,0.06632770741803462
2024-07-15,-0.00036985160673086437,-0.002392765810650177,-0.0027456116113501183,0.00947606833387793,0.0006165125964732177,0.000313125966622696,0.025183248080521414,-0.003525372768824586
2024-07-16,-0.0014486303759585484,0.008089771486854191,0.01113021957506688,0.00463957549138283,-0.004121520565457448,-0.013132090988028255,-0.000737568189638993,0.0022186078643136042
2024-07-18,-0.0030560564564870996,0.008387889873922472,0.0185395559104784,0.010095507929203995,0.005403517664546165,0.006613877393753853,0.014590750173858691,0.032811284292581844
2024-07-19,-0.004644516594173864,-0.001319800712077157,0.0198514340951077,0.009144131545513634,-0.010311220387023257,-0.01986862427358238,-0.004700433462745068,-0.0007317900842748193
2024-07-22,0.02193125943513552,-0.006006371833645496,0.009983557507546648,-0.01685814049184664,0.009105934762828394,-0.03502887038023872,-0.014111379422581005,-0.0034980629091848625
2024-07-23,-0.014702872559254954,-0.01160220326202821,0.014385544261362293,0.054978043996910086,-0.031056151611135396,-0.00851276997821282,-0.014712540379715144,0.0034988193231619835
2024-07-24,-0.008866763167512448,-0.0030568999060224256,-0.0016059690353955602,0.0037586379090790434,-0.0052570974613447286,0.005242268948590256,-0.013774771466586788,0.0009064088849570773
2024-07-25,0.007824022569540068,-0.020523284248952778,-0.0049619689541471335,-0.0082987020489238,0.028328277826450643,-0.002206367739850834,-0.0041080643890607504,0.003773629349156815
2024-07-26,0.0009587699364477231,0.007763486878219927,0.029618895381150923,0.025002537056820318,0.01678570416932401,0.011139841643223125,0.01644087836475072,0.01511856570324932
2024-07-29,-0.008095648987968107,0.0045560610308681415,-0.004151326932374522,-0.012246175124357661,0.025829486818168768,0.007339065583135795,0.010609196699808532,-0.0015384186029352431
2024-07-30,0.006541774795796318,-0.002680007603671153,0.0032333239612791775,-0.012397864606562337,0.0025695498162958685,-0.0045719870763648585,0.0013768125796149722,-0.003594954359944613
2024-07-31,0.00012385544644799573,0.004506243363403328,-0.004741236205408783,0.011124743285413352,0.008019264538492,-0.0051052320852108535,-0.0004582339040802852,0.004581676076807595
2024-08-01,0.014265820028954046,-0.003950997338836637,-0.008376815011341465,-0.0033309412475691635,-0.009357754519815575,0.006559602753897442,-0.01117600688755771,0.0026795054743622426
2024-08-02,0.012417571192849586,-0.011197372778565584,-0.016949203631162035,-0.009317479430942632,-0.03005848522278809,-0.010542560853573302,-0.017156566685211705,-0.025937869594397145
2024-08-05,-0.026157922193062122,-0.02001594971577836,-0.038051788259060415,-0.006338198184289712,-0.03756449532299455,-0.03468218047007954,-0.04269620855670497,-0.02988516678012043
2024-08-06,-0.00900514516341333,-0.00490359563154219,-0.00045662767268961346,0.0006173800769624371,0.013662138903972165,0.006028402393128296,-0.017187159569840738,0.003886916833615084
2024-08-07,0.01392700950082948,0.004799206352581908,0.02315692704332073,0.013057670612534045,0.017350844508468466,0.006026472118986215,0.013727017019721233,0.00701237682083411
2024-08-08,0.011826399166090296,-0.006695369168602805,-0.027070099705051143,0.004262696813743583,-0.023280444340580964,-0.010718013814954852,-0.0007420349015845318,-0.006642360247211543
2024-08-09,0.004565556306447949,0.0060106247826010595,0.015833403177051064,0.0023244438501379694,0.010834265317663183,0.017372705828472945,0.02011013991787247,0.013469154296471775
2024-08-12,0.005999330850315454,0.009641993763822354,0.015050140979104842,-0.002621580765773679,-0.005595700329812381,-0.009275775864647895,-0.014193924815942949,-0.007827446079230027
2024-08-13,-0.03427509165257059,-0.0037944147967912123,2.7816777461664444e-05,-0.009300456582910566,-0.005641190183084954,0.002053986242250616,-0.01852076030238503,0.0003100287537576296
2024-08-14,0.002869364487972481,-0.005734568828671183,0.014353708158679535,0.004489816913348932,-0.0018582317354034483,-0.0012126969292525214,0.006833487601916044,0.023421580242099393
2024-08-16,0.015113815324923063,0.02203757535312345,0.019580299241674703,0.021231183407166565,0.006530061697955114,0.011184437538394487,0.0113324480766821,0.02812407886263446
2024-08-19,-0.00033697525524356564,-0.00955988097162297,0.003147083779674986,-0.0023872400694588958,-0.0037272580394017707,0.01031765320610134,0.0019702495748321613,0.016745871372161325
2024-08-20,0.0037693362618103077,0.0030189723777469535,0.003968085118977394,-0.005284697041583186,0.004964729374899557,0.005072557760318563,0.00811102558266441,0.007416311179095025
2024-08-21,-0.0072661564429945535,-0.0039001584468701944,0.000267123530447666,0.013231748060877013,0.006535654106560429,0.001821661683359288,-0.005790543968526518,0.0062344341028437444
2024-08-22,0.0033828875444974482,0.013831584923246876,0.0040316490483414125,-0.0016817805115526552,0.0029060017953026485,-0.0003670710938989963,0.00582426965806615,-0.010875599812106174
2024-08-23,-0.003831359433338788,0.010410545403395588,-0.009652976059740803,0.0024774091120296493,-0.002204336547479091,0.001234922923336823,-0.0060344018936232535,-0.008462966553806073
2024-08-26,0.009168915755763951,0.008142928443072073,0.007545342598557436,-0.00019776004289961957,0.012046432470507407,0.008416767308946804,-0.0003679298562290212,0.008636099959816512
2024-08-27,-0.0013413724162418816,0.010755787545847051,0.012765375715461547,-0.010084969324131388,0.016694650503794373,-0.008032478302011592,0.001042994192765212,-0.001176974031631528
2024-08-28,-0.0003970161891222457,-0.0020385512173078935,0.0205252528621509,-0.006592085362528977,-0.0036865015430983528,-0.0014329035251872124,-0.007966723594030833,0.0019790106138963814
2024-08-29,0.0008857668786028672,-0.0015933240406182936,-0.0029652342425218192,0.01568471890292078,-0.001518017401554328,0.015100440192906905,0.006300943649768964,0.0012758733504125708
2024-08-30,-0.001006946387300589,0.005974231765118132,0.005353376016327349,-0.006335389443359318,0.005755430285628194,-0.00742968766443719,0.00135053583705802,0.009297848701068867
2024-09-02,-0.006078654637820757,0.0006101574350290129,0.010701252865780608,0.016238264341314146,-0.005816929463735687,0.004388480741684075,0.00803089259166856,-0.007180801000127746
2024-09-03,0.006392417470762801,0.014431520412857779,-0.011835098321953619,-0.0012743585482571929,0.0019140650202456033,-0.004699072739482779,0.003223230014300915,-0.001924374656704142
2024-09-04,0.0027177290225530726,-0.009096712526354689,-0.009684538534919795,-0.00598746817463669,-0.010663479865629433,0.0035947909186186955,-0.010063045614759902,-0.007335551667705054
2024-09-05,0.0022231686933233963,-0.000323561870959721,0.005565848546690955,0.009578397447028486,-0.007299794427472861,-0.014245144871990911,0.002755703710500379,-0.0007365002334930315
2024-09-06,-0.005165721165553583,-0.022492837931017973,-0.01619117490277877,-0.01858383686054632,-0.01363074309873813,-0.01885502353919355,-0.04427479355925312,-0.004289691624328129
2024-09-09,0.005833996694934118,0.02222406174609648,-0.0037856950151885504,0.0200319961443427,0.0009930702255245283,-0.0016214031264586426,0.002236426486936116,-0.0016155793738863444
2024-09-10,0.0023381970469711355,0.0018624149659356437,0.009315650937877784,0.0036150491994610956,0.0049883789691049785,-0.0006324396587149561,-0.002040216280382756,0.013102526153907945
2024-09-11,-0.0039080735863668,-0.0007678196952959349,-0.0011243206946177642,0.0014602398794316684,-0.01646199590508557,-0.0068593037362743026,-0.01795188093509259,-0.006322256588691011
2024-09-12,0.013808542687387071,0.012779599443935252,0.021097806888130677,0.010012636379911788,0.024046119202571603,0.01949710400793836,0.024915545032959452,0.008561373011071849
2024-09-13,-0.00039006813627795456,-0.001437655754636169,-0.0032557203982155336,-0.010875836658189808,-0.0024848091395910377,-0.004848599618861527,0.003935175015838732,0.001084819506974366
2024-09-16,0.003001276878889403,0.009997208896075582,0.0031634837331886434,-0.00535169735631158,0.013631279837578836,-0.0008658534199453838,-0.006701596159305323,-0.002067348616683451
2024-09-17,-0.0012866060650673639,0.004157293947342655,0.0011793524688394896,-0.006554546113861859,0.008997221808902056,0.0006457687627332565,-0.0033734052795176828,-0.0016840884385150856
2024-09-18,0.015580045676305998,0.015968792282115674,-0.030933922454622342,-0.0007877990494130627,0.009539391351196969,-0.006011048005007624,0.012581385259060163,-0.03540008816078155
2024-09-19,0.008083553902282103,0.00283309542791943,0.0010833775904117715,0.001773928430046201,-0.012532033946228038,0.0042536826716885745,-0.003532016454706466,-0.011504459344464979
2024-09-20,0.019139563602785792,0.03595193840401367,0.0060976450022929285,0.01210033396258714,0.029915602879276193,0.011056847089535138,-0.010443687206268537,-0.0026185558661340202
2024-09-23,0.010682360381700118,-0.012365005469354484,-0.0048801017301720595,0.004957201448249515,-0.0016341911858743785,0.005013723772059109,0.025777092063660856,-0.0038274498991039962
2024-09-24,0.004688053753033605,-0.002496443589187436,0.001133786071680909,-0.003288410524643126,0.0010296680920021117,-0.0026785427929117978,-0.004489571234366885,0.0006560168180647086
2024-09-25,0.006249668787258189,0.003981524844065776,-0.0017381173981303455,0.00446379086010662,0.0005934484420748731,0.0030717162285438526,-0.006451604194574911,0.000807671053938197
2024-09-26,0.00244513589806461,0.003928009627261364,0.0026117498251045923,0.010047396727799418,-0.00835568840706602,0.00267751209611089,0.011032600551833749,0.004152509917152658
2024-09-27,-0.017269891971677165,-0.016891838109063362,0.0034205254901966686,-9.570675293024689e-05,-0.015018024830919297,0.01884245948180774,0.0009977176280469013,0.0037738401769962238
2024-09-30,-0.01175359606077464,-0.025715541632707173,-0.016336686463798822,-0.008704753837747714,-0.008122675444162675,-0.03249960872518631,-0.018376599953125128,-0.009329998874757495
2024-10-01,-0.0033775197975013382,0.0010997658999323257,0.015328331556084374,-0.0037633774597248815,-0.0059991218320591955,-0.007957616967555259,0.01148624254109798,0.004545021924480919
2024-10-03,-0.025605400197079464,-0.01416358597201317,-0.005749886321139264,-0.0066834969768923,-0.04265770485617937,-0.03949272356471989,-0.003576153051874642,-0.01286179899840123
2024-10-04,-0.014476767574050475,-0.01321288413352395,0.013071716557958135,-0.017942421294395938,-0.0010579296705485186,-0.01453472549048096,0.0032112122326177772,0.004606938543876948
2024-10-07,-0.024040072325749895,-0.00471866839804902,0.008419687452904112,0.013206219588875134,-0.0073268233077044,-0.011395360443265057,-0.03263667894730726,0.004844500087722858
2024-10-08,0.02055255365350872,0.0021881798807681374,0.00736696112400459,-0.004410047697393726,0.018466889930781605,0.01942397970975418,0.01401416228754071,-0.004587134804887594
2024-10-09,-0.010841575519110469,0.006105448707108385,0.0021554239192540514,-0.03199142068387173,-0.012824065555977926,-0.016280789607546198,0.02041078359662274,-7.037182892732918e-05
2024-10-10,0.017910122026293607,-0.0005224422772471815,-0.017283315468289984,0.0007119036941158896,-0.0076710925503883365,-0.0025826049780599547,-0.000376291654488603,-0.006007853900520388
2024-10-11,-0.006857472707004431,-0.01648571455704917,0.008389700484430884,-0.00782453114344106,0.006415496423475275,0.0007658406340240731,0.003324604226183414,-0.0184981962546098
2024-10-14,0.022471162046794557,0.007154523258763534,0.012299188331015065,0.01792307439290841,0.02081806857166124,0.0003097629900348231,0.006752079195146088,-0.003024668292219479
2024-10-15,-0.002369531953926307,0.01928148481114933,0.00020425384994648965,0.0032196797632277896,-0.0008861663628438876,-0.020764648005787145,-0.000620958661613713,-0.004798642996435842
2024-10-16,0.009322605571025377,-0.009836666616697576,-0.020007155709999447,-0.01073115817536796,-0.00543359016958922,0.007477475917652132,0.0009941669395421293,-0.005307540059323879
2024-10-17,-0.015678354199355926,-0.009572421357132987,0.024998649005008255,-0.00871855877628247,0.0106719928019412,0.0017355593812362624,0.006952571643334737,0.0034310989360621935
2024-10-18,0.005199715686236228,0.027005039079667892,-0.04496729597214488,-0.004499918344427423,0.002100612370217192,0.0021195106263276475,0.011528347518600102,0.00586728978907769
2024-10-21,0.02785619781426263,-0.004309951089876529,-0.014284900978572379,-0.006266727717706866,0.0021801519930642055,0.007283123146972992,-0.007861991387209333,-0.010477697317536339
2024-10-22,-0.00818519665846551,0.00671137333132843,-0.0006207426889078826,-0.0038250833097770442,-0.02055445316992277,-0.018879541745163153,-0.028932987316865333,-0.01577270465858227
2024-10-23,0.012393864383192454,-0.012544431186191973,0.01177366271740099,-0.003009540405090716,-0.016088174772099895,-0.0035917690672500058,-0.0055668593683178,0.01263860254259197
2024-10-24,0.007978984124992206,0.0009188568512625839,-0.005364557775090817,-0.018007667360673385,-0.0036898801251625812,0.0009525988259191376,0.010877921090135523,-0.004512754947284869
2024-10-25,-0.003572126587339297,0.0021552545240803855,-0.0006976385180095246,0.022471933865211735,-0.03376759764261339,-0.008919403815719762,-0.017116632159890233,0.0023839515479915363
2024-10-28,-0.005277089775018173,0.02979013015710419,0.0017721648761943598,0.003835718516536968,0.00432906909343278,0.004895123245520772,0.014213465596061736,0.008206984687888719
2024-10-29,0.010177580242386908,0.030165846934119056,-0.002737993171029518,0.007848798415524438,0.012003051316457514,0.004234317022260736,0.05132255981570166,-0.0038134798190784247
2024-10-30,-0.009846674362155472,-0.014791391832232326,-0.020225241033232866,0.007377826592464665,0.008119231413771466,0.0029105164135998507,-0.012309402958638027,0.002306521434143338
2024-10-31,0.0006341983503013182,-0.015165990786200956,-0.024887563101359533,-0.005594486309335234,0.06277228342947883,-0.008817616322833066,-0.0027356905113894436,-0.028447908832997082
2024-11-01,0.0009218197977793885,-0.0003482133456905734,0.0020486691359522524,0.0030687250050120962,0.0011181058269271738,0.004954743276563756,0.0012192063837359601,0.0039688849146239935
2024-11-04,-0.013354077015226395,-0.011302116404333318,0.0015901111218303843,-0.011625591829088955,-0.014311991141992997,-0.027266285564600312,0.01053336628547874,-0.005032439847059478
2024-11-05,0.025523553630931728,0.015267789482281469,-0.005358232462558399,-0.009079553520973671,9.794400429208316e-05,0.0024190894752966763,0.023317462322707483,0.001816347537836327
2024-11-06,-0.001479064190870738,0.004357271813371977,0.0396191810750568,0.0018741527179904072,0.019763331434969444,0.015360331365554813,0.006594381322296172,0.04237855416783032
2024-11-07,-0.0049565045676509545,-0.01815954420260013,-0.011322974288075605,-0.006651506419971587,0.00030176046962426817,-0.014863940136967457,0.005615339806285924,0.002717459103231512
2024-11-08,0.004523147267709859,-0.015523571073589704,0.014919070154581604,0.00031392208846625635,0.0037706291469312703,-0.0167731862886642,-0.019136776413983703,-0.0009394674401842495
2024-11-11,0.00675424247674572,0.008301333967066782,0.016475837407829985,-0.002300989245554441,-0.008592100281889503,-0.008607733532774997,0.005337204694857878,0.01246691846779946
2024-11-12,-0.02723210442636781,0.0010240841487629826,0.004677262211501443,-0.00859630562956848,-0.01033387319510859,0.0012179914460044294,-0.024715505709925534,-0.00030967389403491197
2024-11-13,-0.02144678590998239,-0.01330082955313916,-0.00021409593627907952,-0.0013746147780795415,-0.012084648033006462,-0.017421984911027644,-0.02183365937191284,-0.011209358246238144
2024-11-14,0.006780258410395756,0.002592313134157642,-0.002060599238257299,-0.013235890166644615,-0.006116131385069612,0.012419639147505102,-0.005441223499313419,-0.0010722312199421546
2024-11-18,0.007295762919392823,-0.002784473419200628,-0.02847878914048174,0.001287597070672497,0.004509004991023913,-0.0054039379248916886,0.012496118605945128,-0.030487884300332002
2024-11-19,0.021787694374535205,-0.003470388251280321,0.007342223637379686,0.0017147357979510058,-0.010233963008501101,-0.015149758756049403,-0.013876923555922294,0.004988113740523881
2024-11-21,-0.0006027556544796475,0.0011608902495854334,0.005096698650919329,-0.02182512544386994,-0.0063892069861613,-0.015020367381370248,-0.027708696308688108,0.008243684917359051
2024-11-22,0.0025269610528741993,0.02199031995076961,0.03718539946890087,0.038280694100745416,0.03444812766324623,0.03466896418556509,0.0452129436513804,0.04216925939809357
2024-11-25,0.02291479672655239,0.017917885150552593,-0.006597554825666263,0.00452953736489814,0.04148749145496855,0.017069586263143144,0.03480179937582473,0.01660937273614249
2024-11-26,-2.79622204341079e-05,0.0030746671238117695,0.01823056209184082,0.00041957649601420677,-0.01342922454171025,0.006759889878657832,-0.005980194069209244,0.008713628918988636
2024-11-27,0.014981336985099514,-0.0032568849888804374,0.000181845008127679,-0.0001048861747117158,-0.0010534009427450863,-0.0019293973968529388,-0.006314058310972981,-0.004629278872948284
2024-11-28,-0.01056674012940717,-0.011032513926474086,-0.03525597187192375,-0.004298188861924124,-0.008827356679068976,-0.01732131069906484,0.005694740740774584,-0.02023070954451045
2024-11-29,0.0016174351102442586,0.010689206013412278,0.000646352730300892,0.003895632696206075,0.01602540281887177,0.016839707555085237,0.00011930823588746087,0.006113288103330117
2024-12-02,0.00481603997529545,0.0034997122208630937,0.011814753848985449,0.0009438936134458231,-0.005570826140697371,0.013117210209329766,-0.003039466143092695,0.0013579605156592844
2024-12-03,0.011968768182130773,0.00287435517940704,0.006543218562434561,-0.009744273615277521,0.0224079348658488,0.01080860395911376,0.020982686008423013,0.0061029643924377375
2024-12-04,0.01850730896534092,0.005846840953402932,-0.001506207856548425,-0.01153319499145955,0.0007525738399840609,-0.010844222992581254,0.006733387456948625,0.012004007854869103
2024-12-05,0.0030375058442828617,0.015538955768787277,0.024136494632441607,0.0008563582520604296,0.010989793793971803,0.010008081942164404,0.006688425917051433,0.025181389528583287
2024-12-06,-0.005306228100804722,-0.005798739504499606,-0.0064346308045878375,0.007807426664845574,0.009173749502471296,-0.007942161610169252,-0.002079784542582508,-0.004155479432185527
2024-12-09,0.007624606761233332,-0.004854203101657517,0.0006502953781071241,-0.013159344769578252,0.02084469925560528,-0.012504334774722237,-0.006484195063504394,0.0014959030724628342
2024-12-10,-0.0010161537440817048,0.006163448747871891,0.012944189305748255,0.001075453307044949,-0.006118207001879372,-0.007952826815636138,0.011013368152046343,-0.004402342341939147
2024-12-11,-0.0026764367998716176,-0.0022172618937548183,0.013137914228606551,-0.000429807830540363,-0.0016312820532335959,-0.005175666490439101,-0.006801229987604018,-0.001150398860530255
2024-12-12,-0.0020664982713252122,0.0013182461821501512,0.0065090751760295,-0.009994483559469969,-0.01451462484642041,-0.011969914156727657,-0.009168903265635575,0.00621109039208223
2024-12-13,0.006723178043169797,0.011773636785378017,0.006391568000104542,0.020408079470653595,0.007020962711147716,0.007878642465797059,0.0091952449335575,0.004253762187567123
2024-12-16,-0.003499425878066398,0.0008921563686510314,-0.009826456459751887,0.0002128234739391388,-0.002354005624827127,-0.003574610687712587,-0.0006963997325636351,-0.013120436350221532
2024-12-17,-0.01712946287032957,-0.009174604523607521,-0.0017424053234635917,-0.0011700240368405224,-0.018218911707230556,-0.01813443510820112,-0.012079684306511074,-0.01963689272336755
2024-12-18,-0.012300600860076782,-0.014695336898527867,0.0012901974357415469,0.002023284653134283,-0.012883421589361399,0.006383925574390714,-0.014578790719579793,0.004470567672704817
2024-12-19,-0.009499070103680562,-0.020735862277997175,-0.016648642574698003,-0.008395437102298176,-0.011122496900247025,-0.01819275722362368,-0.0063831409094539104,-0.017468601934846117
2024-12-20,-0.012266503456425215,0.0011656002071582794,-0.012357382025073194,-0.004072368542756832,-0.02327547818026865,-0.020439499828989516,-0.024975995450551847,-0.023783321195447904
2024-12-23,0.01665259084160753,0.006519723533780608,0.0011185919942882094,0.02066067264332405,0.002933918490123366,0.014104307375446101,0.011268586743966802,-0.002877453820468001
2024-12-24,-0.001610315179043198,0.00034699156510753504,-0.007924955177864956,0.008856090005629369,-0.00020600378694290988,0.00036817478984829677,-0.011082119281156988,0.005098301786961912
2024-12-26,-0.004087676970981113,7.699820049889006e-05,-0.0008643575431018791,-0.0031351089440115887,-0.002816079126128801,-0.005070584497742225,0.0004925927275953867,-0.0024883329404903343
2024-12-27,0.004188240535847543,0.007862314302367057,0.004901971674011518,0.0034594440117985403,-0.005896099650967157,0.003699048513918557,-0.015754738295312154,-0.0010194333690918267
2024-12-30,-0.0113165114397078,-0.009865813162376558,-0.005608448800772936,-0.0033429819758453716,-0.008079120653590066,-0.0084764870077213,-0.014193773290554379,-0.0014526942821248001
2024-12-31,-0.0028405184195470223,-0.010041365130055269,-0.013641193279194996,0.013941210830510364,0.008019085286714578,0.003923367267915978,0.008435892786860633,-0.015389003469350682
2025-01-01,0.005584282852247879,0.00156053181895488,0.0013297865982782042,0.0006203087594849332,0.016589742942474173,0.004771917014613658,-0.002201401003172343,0.0043103616600213
2025-01-02,0.00617027065903808,0.005414204673572787,0.0400265549556007,0.010538285347172938,0.012542650405117373,0.016827100720942623,0.010085738808315536,0.015392314640859439
2025-01-03,-0.024836265035988347,-0.019796998391386045,-0.009755542180898469,-0.015233620809667836,-0.014433892812462212,0.0075293538610903266,-0.00973536108197226,-0.01816445053050353
2025-01-06,-0.022124410145508033,-0.0007509769117627352,-0.0004642693721362834,-0.04547814580052301,-0.01549219122067691,-0.02649555953674909,-0.02142686125945159,-0.0011951441800915896
2025-01-07,0.00169544115365583,0.011984860184416135,-0.0036122489668853897,-0.0035015352315616033,0.011129009023890468,0.018760110007393527,0.003026773590461662,-0.016288120639676884
2025-01-08,-0.011147380558615416,-0.012116498550778121,0.0011912245592959891,0.019156698141242767,-0.01288665004058176,0.019865530979382928,-0.009759146335756141,0.01988413869075467
2025-01-09,-0.015640693684079388,-0.0010681986534116783,-0.008199062394971146,0.0012235046647406378,-0.01903321475656361,-0.008494666485831082,-0.01387545721791561,-0.016928574395575047
2025-01-10,-0.0066254819651471175,-0.009941440575865546,0.02589576438158736,-0.011553109967175401,0.0023385079887385807,-0.01024109342998425,-0.02261816471187561,0.056154559213285715
2025-01-13,-0.01563308933311025,-0.01608188990699455,-0.00241490516047993,-0.013148967075784834,-0.020318649210948392,-0.0016507150421680716,-0.018499811023665047,0.005966294874037992
2025-01-14,0.0096575425181884,0.008578995146031776,-0.011288265819444199,-0.0055802797937628545,-0.0004907822996594868,-0.0008871995398558319,0.02556544862760446,-0.0135280446454491
2025-01-15,-0.0021558897891663653,-0.0016529238731658458,0.004948270309358849,0.001717923133841337,0.011205434498837485,0.010857618472363662,0.007418302347986794,0.003909738508756755
2025-01-16,0.005477607644661653,0.008762404166947624,-0.01087376732774925,-0.010289255960591381,0.0018564118088910675,0.011380021144143493,0.01671747872188245,-0.010189243524943548
2025-01-17,-0.00926122659371409,-0.018933698473431293,-0.058596319700087385,0.016980399470236884,0.017318048874395586,0.028346977701285025,-0.002870968216868164,-0.0014527130678552158
2025-01-20,0.008859024386233205,0.00612024591804583,-0.001184193970448999,-0.00567927835120563,0.006823366353505778,0.0023803347179069956,0.019827315614525443,-0.01127456221174572
2025-01-21,-0.005359618202701144,-0.029847087515220028,-0.006948738378760866,-0.00034260012846176746,-0.014444765622370515,-0.024321110451110406,-0.025922394030670426,-0.01028735095994271
2025-01-22,0.014399678507978075,0.0035947765854835723,0.030960239329291595,-0.0012570597997845212,-0.0064669330415637605,0.0026694537639297966,-0.007377575796948754,0.029919233548809654
2025-01-23,-0.000690185774186447,0.0010830240564758675,0.0048478908621085726,0.00732265664682985,-0.004249294589656838,-0.01053167108029096,-0.010020557297335864,-0.0026824354601668876
2025-01-24,-0.00906963770625735,0.00619928337131781,0.005360703314142734,0.003180368798824329,-0.012859531993494544,-0.013730040438697966,-0.0023461639581969784,0.00166454554621831
2025-01-27,-0.01212270117490144,0.01550613138380208,-0.028499839655068082,-0.0033966440838545386,-0.00015901392371964196,-0.013600401095603454,0.006786231906277473,-0.021000275051865858
2025-01-28,0.024911092169212168,0.015432250267522374,0.004253635883327833,-0.010565769734832586,-0.012653116621655913,0.004107922914950768,0.004271243911910139,-0.006112873278393716
2025-01-29,0.004130631309269717,0.003809442255192863,0.028145835597937152,-0.004822705173690545,0.010486499495594659,0.0008911166028169326,0.008040892628293106,0.014726559896861557
2025-01-30,0.008466020110509342,0.0031557720948764967,-0.011322226425144355,0.006576730612217974,-0.008334034790698497,0.01420481101409754,0.005471685625148437,6.096431992541618e-05
2025-01-31,0.004286101872654546,-0.0022299148946676173,0.010672338256347835,0.02590549962422739,0.04280969854783634,0.0096164947627011,0.013506490354626255,0.0030122448569591675
2025-02-01,-0.004591637785077429,0.002195033460636431,-0.015134608251837989,0.03363122642748406,-0.03360985064047839,-0.00039523248984307813,-0.00892749362644052,-0.00954432503145286
2025-02-03,-0.0076583789402612235,-0.0020310168506796344,0.006454773756250809,-0.017727680646344224,-0.04591728766310177,-0.014787208604033264,-0.006592656429130872,-0.0011048535255431258
2025-02-04,0.025566146449135907,0.012130889713115378,0.019052209202868875,0.0017606299673940118,0.04558845434221337,0.03154335209732628,0.023983159179752134,0.009438051859463448
2025-02-05,0.009820450253057,-0.0003942948015649428,-0.0009215666199752226,-0.015379454918084345,-0.01626852997335404,-0.005446621423933262,-0.016876285178788808,-0.003883484801336712
2025-02-06,0.003481414615891243,0.0037075420067769205,0.009804636910448306,-0.015731386534291847,-0.009000248294884883,0.0026209472919784815,-0.018014481815156524,-0.0020410793005868344
2025-02-07,-0.006365173963728266,-0.012181631928573244,-0.006264189035658396,-0.023237336289005484,-0.0047274965597629,-0.01158756678390982,-0.020006605815645506,-0.013067179652977656
2025-02-10,-0.009811064498901345,0.004534882412209784,-0.012265917261953141,-0.008471629325064622,-0.002472361170537285,-0.010302333990412138,-0.0005426070329127564,0.001873724115955655
2025-02-11,-0.008363671494921565,-0.007801328543657449,-0.0024730629733408227,-0.020833302654217567,-0.02673756976823627,-0.014996213895739241,-0.007736283497356555,-0.018182087143917114
2025-02-12,0.0031738806410355203,-0.0007583502979394696,-0.006664353254124622,-0.004613897003950873,0.01543377237664667,-0.014819609664862288,0.002804161342488065,-0.0033808220921767163
2025-02-13,-0.005331595924920607,-0.002316674405292707,-0.010680817429426837,-0.00048786182290005975,-0.007903624970680645,-0.0003700161801112323,-0.007501952971681103,-0.0101261751292131
2025-02-14,-0.0016788140292314235,0.00896790493122479,0.007134120660347021,0.0013423345275538345,-0.007966513668474673,0.0009457331801288049,-0.007558483453225073,0.006316942820338012
2025-02-17,0.01327552455066372,-0.007102610795437392,-0.00759528692422351,-0.004021843602810438,-0.004880037221638878,0.0062847360811397746,0.0076852996110041705,-0.007713128430552052
2025-02-18,0.003319136882338647,-0.006474032245394001,0.005238000981332425,-0.008198781052060511,-0.0005277145519160253,0.00040820359558924046,-0.0026110090391064933,-0.008016414405865424
2025-02-19,0.002408473517411469,0.014963245270157799,-0.022219797082353332,0.0028377756105408825,0.017312813744667865,0.0016727408352932294,0.002066714551754112,-0.023004142545348993
2025-02-20,-0.02321679680218469,-0.009273618095572256,0.007924684088330913,-0.010703722020361739,-3.0458376539699294e-05,0.004521637495415787,0.003299958142663817,-0.0012421020911326242
2025-02-21,0.00320070824690033,-0.013600577727836072,-0.005561239981550892,-0.002860443020861969,0.011997092009962351,-0.003933493591583903,-0.01055239075037806,0.0017462817445790257
2025-02-24,-0.009098889114868336,-0.011841478808514938,-0.028044049098044144,0.002494477066787626,-0.01731472898472952,-0.011073436404433479,-0.007756162018816126,-0.029159999496881528
2025-02-25,0.003130404238644191,0.004760558064622611,0.0020406413419262748,0.007340153583364373,-0.009761567142376526,-0.008686382129851511,-0.0076772663856782275,-0.012528562180465608
2025-02-27,0.010907347315639804,-0.0013887422045287812,-0.001923315232368994,-0.008027709999247956,-0.005083781073068172,0.0025746723497552804,-0.00984669417571249,-0.004683814839673506
2025-02-28,0.01863936909491537,-0.015010820989428963,-0.043416643038007074,-0.016434283037246145,-0.01422334454432217,-0.005799020532345489,-0.021451969729972653,-0.03579191114878355
2025-03-03,-0.017807618912381695,0.0017439925937270395,0.012383695296989572,0.006202588741563764,0.010572549749936933,-0.024039698599903736,0.009436774933028191,0.0028135303964813563
2025-03-04,0.004966063972997592,0.0034820147406615654,-0.01188111088465682,-0.006541773248161187,0.004910416055753819,-0.007982883563999676,0.02984314060097959,0.011164993955129043
2025-03-05,-0.011695925787411077,0.004378702422326519,0.013741657119940909,0.02583252955117099,0.008294378853225481,0.011790981021192692,0.01997070424011338,0.004246852046609684
2025-03-06,0.0007100231514729494,0.0019331648108755761,0.0025415687954739585,0.0016048782246440574,0.006250622128225469,0.02892137856724375,0.0023276438362132,0.015378991836482614
2025-03-07,-0.0011530340561120012,-0.0028734996636491372,-0.017396632474362517,-0.004436773883211953,-0.004662624188948694,0.03323425487731768,0.0009563075256424636,0.0026654013621749684
2025-03-10,-0.001035913298955804,0.0002469258341342151,0.009163727343526551,0.0027233823592194284,-0.020649119793376136,-0.0091214390020945,-0.005254190563407368,-0.005967560619887791
2025-03-11,-0.0011851498973893815,0.02514720761194389,-0.02342120334627862,0.0029629885983490922,0.005585844579058197,0.007186637014978459,0.0013032247573572242,-0.0039976442517540844
2025-03-12,0.015218019058619747,-0.0011643391407398784,-0.042579498378237046,0.015263401587414904,-0.000563377474042781,0.007816969840073407,-0.009316867278823082,-0.01932703581945605
2025-03-13,-0.0026590210807055925,0.004903776646714375,-0.006914458924843436,-0.0008487209787496619,-0.0019882424198793824,-0.007279042194173413,0.006638446395437203,0.0013833514899899146
2025-03-17,0.00222659785884316,0.015159418929287405,0.006456338399974282,-0.009950130687327308,-0.004345390721760989,-0.007252200212939597,-0.006457251914246731,-0.003802388690413827
2025-03-18,0.0,0.0,0.0,0.002818833891749639,0.0,0.0,0.0,0.0
2025-03-19,0.01970301758225035,0.03475167673205126,-0.002201187468687693,-0.014788532754010264,0.046038219435142747,0.006699817904729732,0.030353178487182886,-0.00017147173899201285
2025-03-20,0.014133437055984244,0.006549410190538341,0.018278726111515597,0.002233053576221611,0.009489215672605855,0.017640128350000284,0.005972341681437676,0.018887060606517903
2025-03-21,0.000904523977991456,0.01619131941565044,-0.014236708557229472,0.003960866452245471,0.019367101418530375,0.005673147612239138,0.004869635543037543,0.00419576994437354
2025-03-24,0.016748088583559806,0.011205459247430216,0.00012561693800083873,0.013191951119083889,0.019291894819743804,0.020174727116697655,0.03664363774494639,0.014211480042614077
2025-03-25,0.011916664815102784,-0.010639562045197226,0.02241400270743865,-0.0026771461533159346,-0.003518279804722302,-0.012787039143588252,-0.010181863995143647,0.007936152716872424
2025-03-26,-0.008180266495797062,-0.00580483653985675,-0.017808415221912344,-0.005978422414574136,-0.007147749170429929,-0.009646421132837424,-0.011451089111119583,-0.006000974241707979
2025-03-27,0.010406558422902057,0.0005614233726158879,0.0025634763861051013,0.005155296237488338,0.01648858859045399,0.004045346724523613,0.01086387420438406,0.004235684987601962
2025-03-28,0.001561273795473106,0.008753179874754213,-0.020517031171352396,0.0007326367751181451,-0.00265594605109587,-0.002425308203808707,-0.0010358105161891729,-0.012338539456226427
2025-04-01,-0.03301060437727232,-0.02217522574820463,-0.028109351787752757,-0.0075655414026926104,-0.015892115245391247,-0.017645690501992828,0.00025920059414863417,-0.015348658626967882
2025-04-02,0.01643243138646744,0.009708397271479097,0.015493017219828209,0.005901771589544191,-0.004917409671919337,-0.0011575237916060521,0.005507345056896318,-0.0019291697762918725
2025-04-03,-0.0011408512444062158,-0.0012769245440069632,-0.03460960068585206,0.0008556718019725462,7.304883576608745e-05,-0.001958242079422967,0.004188364751310347,-0.0397296672853269
2025-04-04,0.012508060771296181,0.004324741122012421,-0.029969845765862924,0.0007328855499491027,-0.04678159717033559,-0.035236663910407695,-0.01507948535175796,-0.03048651350343945
2025-04-07,-0.03279599423742208,-0.03575976829153704,-0.03781908152850433,-0.00890903734358428,-0.05878550259841664,-0.032373152212439305,-0.02677702105103974,-0.007683181009509488
2025-04-08,0.006514290898725017,0.009591809262139872,0.022946167434048537,0.01600789200241981,0.03017761123711593,0.014154618272830488,0.029053312721069258,0.0057726843103904635
2025-04-09,-0.002345785303134007,0.0006924228012925582,-0.0175672866711043,0.009089816594228806,-0.03383322287065471,0.0026645384242292014,-0.03434811238561519,-0.014075483488343532
2025-04-11,0.023654381134639912,0.008340961704316863,0.0040963148534016725,0.01261100093198797,0.02023476986664341,0.02834600587270697,0.015696550828923295,-0.004651009383682236
2025-04-15,0.03218483328956068,0.02939041497878314,0.011742217815352785,-0.002727970746998598,0.04545973603426612,0.01735106601006997,0.01280094720064362,0.00516780037476261
2025-04-16,0.0070244919481794454,0.004591958287722964,-0.009046260413802187,0.009633717157165655,-0.009178607579428122,-0.0006450607873236258,0.010805572255675022,0.0078813937217177
2025-04-17,0.015282182622484042,0.037083413329667136,0.004529028882543029,0.006596777983759461,0.006072481239686178,0.028403081361119353,0.0333009636017918,0.007666913867261371
2025-04-21,0.010699165245330766,0.002203848751369586,0.022190900249224876,-0.01029840715599184,0.010223845412410837,0.016477043342625786,0.024139336496507235,0.006881047309336363
2025-04-22,0.01795445331631984,0.004752435092910456,-0.019434809087187532,0.02542271102095861,-0.006919601613956772,-0.0033192768965972785,0.006979422225436904,-0.002167680787693027
2025-04-23,-0.019269017622261853,0.005577103558739305,0.03661793270198754,-0.006342252344168409,0.013260373971340611,0.006815426227561927,-0.010882849027309627,0.02974912827149634
2025-04-24,-0.003690434913577456,-0.01523454967805582,-0.002373040835315976,-0.0018568611526474932,-0.00012113324332641007,0.0012307715038371025,-6.139993886500328e-05,-0.003340323199083839
2025-04-25,-0.002921540877098616,0.0014971588009118353,0.005980572933528938,-0.0052319099590318885,-0.00863474814802756,-0.0009219202768825374,-0.01813373088858261,0.013640656997484513
2025-04-28,0.004709074904107213,0.01708431976030833,0.0012835923722847031,0.002337472229278381,0.016869884788397016,0.052599177762373994,0.023414435855908966,-0.001305097674788036
2025-04-29,-0.005936809911262553,0.0006998644093421102,0.01039072652608608,-0.006529780970317867,-0.0015027578729144286,0.0225744751242265,-0.005872705193006533,0.00842163710848598
2025-04-30,0.008486939164032758,-0.001958318664440739,0.0017362433007710454,-0.0004695003799769504,0.0056286008688146705,0.0037865383223170124,-0.029413428048059465,-0.005413945646761009
2025-05-02,-0.0016104005388689613,0.002172325027408384,0.0045329944871876915,0.008689530704713011,-0.0018257798627093758,0.010533849468939094,0.010207176656873873,-0.006572628939780056
2025-05-05,0.0077527826000634015,-0.0004894339889455201,0.0011281773978861764,0.01734584097188141,-0.0014093508853191272,0.008099785134819015,-0.008409640321721645,0.006790994426264962
2025-05-06,-0.002633254447821476,0.001539072687191334,0.0019222940402585653,-0.0032040678106700637,0.0011410865502043954,-0.007266177649733696,-0.02012666003204766,0.001650193175808612
2025-05-07,0.0071957223858245545,0.002654438080926802,-0.002117050166978607,-0.01010223169904112,-0.0037792352821369724,-0.010486336160832499,0.0025836279019040287,-0.004306421780558067
2025-05-08,-0.008788988957606492,6.96732129206179e-05,0.0020552247803138357,-0.0012756282353766357,0.0007526762258369679,0.0007112498232164643,-0.009148186226873856,0.0011029669976614365
2025-05-09,-0.02011926469092129,-0.032462541688543345,-0.0025141900003474715,-0.016372484119441366,0.036102109711211305,-0.021179777793082,0.01332896823326446,-0.002493457928858911
2025-05-12,0.03571992376668609,0.04291159071909223,0.07913232000660919,0.02821391546237839,0.041609868530331884,0.043058351107950754,0.028745569495877366,0.05235000040777371
2025-05-13,-0.017678330000462705,-0.012357611339645969,-0.03583505461550529,-0.01745123108420843,-0.005631150552086073,-0.014479664614505894,0.00012476558025986684,-0.029112706190236093
2025-05-14,-0.006241493206634363,-0.00307564941913141,0.015172890037885578,0.0028044939547524628,0.0017101708287381445,0.0061453540610170165,-0.0013096379980642725,0.009587449880838816
2025-05-15,0.012142736728829595,0.01724870773341669,0.0129364571622832,0.008272969401073471,0.01262200097688515,0.02092113971943621,0.008804826129836796,0.008791794972674793
2025-05-16,0.0004654626032958298,0.002205622187170464,-0.014321148672298833,0.007049680311327355,-0.003731128504934622,0.0015128514905287105,0.0003156789569334073,-0.005195510593356878
2025-05-19,0.0020675074161795592,-0.0034387583583165293,-0.018932014057657875,-0.0008033337527806328,-0.0012482982927636277,-0.010711341598050206,0.003661128195731056,-0.0119338704462858
2025-05-20,-0.012276239156466584,-0.007453487544864634,0.0005128530608478066,-0.001033688078669881,-0.008999547855881751,-0.011243742082533759,-0.01176092673073248,-0.005825803216890857
2025-05-21,0.006214441990134656,0.004519600144412328,0.005062218821044295,-0.004368752086416627,0.005942062087543221,0.003228928433082867,0.0018455134054582434,0.007860887152849605
2025-05-22,-0.003581162530276516,-0.0017996720468936855,-0.013388662013829156,-0.015935377727959943,-0.01047648522659661,-0.013853833322909237,-0.002350342959979601,-0.013840935791374354
2025-05-23,0.007135792229040261,0.00533948590601252,0.011179365705227706,0.023938058242326532,0.013656616838492175,0.012345734016484755,0.006685768183235297,0.010814100595158749
2025-05-26,0.003413311811998554,0.007449204646057028,0.010033176415967349,0.015127224424280605,0.01355591571585446,0.0056068761250060994,0.004933646475426157,0.006458739780027756
2025-05-27,-0.00716419775757926,-0.009721974357097762,-0.006580176684588546,-0.020320604994846225,-0.0023843826076187513,-0.008851440092437768,-0.0008811888932342971,-0.01091231471430576
2025-05-28,-0.001453533638011928,0.005116182076446929,0.0010827657468199803,-0.013730755847391807,0.0017307651555595882,-0.006469296318463824,0.003590727660369275,-0.0002859007171134298
2025-05-29,0.0020794805666251026,0.001857113761925433,0.00877962386811415,-0.0034508109577129353,0.0024683179304862968,0.003468121654575773,0.001004321429348698,0.00011458433373845445
2025-05-30,0.009027269201477672,-0.007346274629998373,-0.0005755281262141976,-0.0016716483893099987,0.005416778985832815,0.0021864194149390226,0.018749616208126874,-0.009919791325878058
2025-06-02,-0.00658132635298192,0.003250745215920059,-0.005695232309131937,0.0029900574369705613,0.0012244535389449585,-0.0050672635520357945,0.0016619648927413966,-0.003926794764828601
2025-06-03,-0.0038818339414775638,-0.008686672243559568,-0.006950710778507507,-0.005604443190226016,-0.0002194355819292726,-0.005800273178426574,-0.0047317994072001435,-0.01292829013593999
2025-06-04,0.008625200280024448,-0.0047986655582820115,0.005314308611814145,0.00011982570388013869,-0.0050208682032918395,0.012806787396711927,-0.004075088746931299,0.001688727975101667
2025-06-05,0.004327195311416787,0.016631750166401726,0.001998493314153027,0.005035990991046235,0.004439561449531615,0.013277120171936607,-0.0006199664322884546,-0.002898522944885462
2025-06-06,0.014926140501737573,0.0033681230947397722,0.006112073665204276,0.004652818385589841,0.0037610222682133987,0.0007626139236709406,0.008746895546670519,0.0038859220319533705
2025-06-09,0.0001011243103796744,-0.017058222271624457,0.005819158641383382,0.004750004845935463,0.006181099458161032,0.0036716435351531462,0.008609607073667425,0.011140013541747429
2025-06-10,-0.00687245300228756,-0.008293893208633829,0.014686236400958341,0.009336999993115436,0.0002446556379755993,-0.007109403277025583,-0.003658334778017691,0.011981571630630405
2025-06-11,-0.0075815761441127005,0.005692589285652527,0.021992391472247963,-0.001990666847159539,0.0013587762090492284,0.007229809741173154,-0.002447844888097128,0.002599054891809338
2025-06-12,-0.003588965038381353,-0.004053127867115203,-0.013794249148698423,-0.012084988771808636,-0.021955116057464252,-0.005038255784043266,-0.011164917759990622,-0.01085861729456894
2025-06-13,-0.013275772606438418,-0.006385034975018189,-0.004102943226534594,-0.016864566506753387,-0.004578355235629328,-0.0095033733687242,-0.016874563059850023,0.00334862812337966
2025-06-16,0.009282435811056589,0.007626566155874759,0.013607966596709042,0.010389067889869041,0.011512482564939974,0.006933309097606699,0.00018938196860940337,0.01468507121546847
2025-06-17,-0.0029967204119509816,-0.002593093022287496,0.009915086399086004,-0.0019130114010766919,-0.0017636606420716738,-0.004590408089462872,-0.00025238307564101614,0.005434217457872315
2025-06-18,0.0022284203172229233,-0.0074479786737325915,-0.004268624038181401,-0.0035937329627980796,-0.005742228241543357,-0.0007685818469123085,-0.000504815153896887,-0.018177740536456488
2025-06-19,0.0007239431986829636,-0.0009201968892172951,-0.008879911401724061,0.0002404873404771024,0.005442242248162366,0.002237695986731625,-0.008587055155587442,-0.007938686910979875
2025-06-20,0.015191419251939342,0.011195305087796426,0.002780514600576822,0.006129760235219273,0.011294845961053568,0.022953917524542122,0.014074746791238102,0.003417023089365312
2025-06-23,-0.008296485775162177,-0.004905059240410181,-0.023969441801684144,-0.011109756765263379,-0.021381789432576626,-0.006411090241396078,-0.0074734858618838995,-0.01225373380608874
2025-06-24,0.006415555606764212,0.0028166947351533356,-0.0015152157074030947,0.0010873062619514151,0.005887796309075988,-0.00411860249971141,0.00658058778500803,-0.0009429359832776596
2025-06-25,0.009842427771912687,0.0011937566355204599,0.02105467097223035,0.004826734394045351,0.004161139202641939,0.01137306138106009,0.005846063301000903,0.016045342175286192
2025-06-26,0.02100801401635133,0.009328066705784233,0.0006812084707270571,0.009487176353135673,0.010995088019819077,0.01908266081831589,-0.0037497100209235024,-0.0008709283322785311
2025-06-27,0.007550661052185603,0.016051679662544283,-0.0049505218141940865,-0.003925701350168009,0.0053557734436091575,0.0134420860335005,0.01047612157739275,-0.00020326279032223393
2025-06-30,-0.006650411176157944,-0.011215884341929216,-0.0038557206878608863,-0.005254974076037144,-0.0025549051666508005,-0.009766436377643628,0.01856221308510886,0.00607354359516421
2025-07-01,0.005296008397041696,-0.009544974796450889,0.0031214954024580965,-0.0032417147979592054,-0.0008447476146040689,0.018525947099128137,-6.097267242688442e-05,-0.009329948878698535
2025-07-02,-0.012971503743565815,-0.0029328793105818374,0.0023027092156833184,-0.005179478670340076,-0.019063466314111932,-0.006281089763032099,-0.009021021402258467,-0.001865947554398395
2025-07-03,0.0005538408190581823,-0.0013307512084540507,0.005091572833707092,0.0009686662284493774,-0.003864568213803099,-0.000658344818495471,-0.007135051327562425,-0.0065725019949816055
2025-07-04,0.001107193704058096,0.011852186578961366,0.013591168708936285,-0.00193545764444214,0.0032656045441725734,0.006259085481400639,0.0058852643668976246,0.0055868189245125155
2025-07-07,-0.0009551381479701027,-0.004921085211874177,-0.008350104105224077,0.008726293910857663,-0.0036722285835930624,0.009297338276263556,-0.006158732884850804,-0.0023685998917164497
2025-07-08,0.007044384340888721,0.004388152784315702,0.007191171922412254,0.002523176934100535,0.006980476157009363,-0.002530062867381666,0.007188475521063387,-0.0016121058176178371
2025-07-09,0.0048964886598470425,-0.007004104018515589,-0.0030512832558889924,0.005393068205408191,-0.007403481649509769,-0.01209672737504952,-0.002091948955528,-0.006576210409969918
2025-07-10,-0.0024860444906276147,-0.005447364451181214,-0.010956668972977535,-0.0061986064485803904,-0.0013967720255528837,-0.001185043006442732,-0.0036377071404014583,-0.0005319470188309694
2025-07-11,-0.011215174409386575,-0.0015448005549673072,-0.012934732804776639,-0.0001200080158905159,-0.009539223939630137,-0.01450032197239437,0.0008045293572469525,-0.03429923358860265
2025-07-14,-0.00035286990087468606,0.000773595327975718,-0.015424202281163257,0.006238017435425958,-0.012625035519031158,-0.007691329035668826,0.000247265746440517,-0.013257751082756841
2025-07-15,0.006303589038414659,0.005481434621515291,0.00974336078173299,0.006437826212575493,-0.0005434852360581832,0.0011458537942672375,0.009396080185865907,0.009184812374586127
2025-07-16,0.00040084173022969516,-0.0030752191960944364,0.014064070435026554,0.0059227358596292135,0.002804841970195371,0.0001346130302264381,0.018678419192883933,-0.002529811857402642
2025-07-17,-0.004708719780822879,-0.0053982559069619684,-0.015175073130557992,-0.001530874687327377,-0.00850504307964739,-0.006192692010126066,-0.0032463966819724632,-0.007392324544070017
2025-07-18,-0.014847255622457034,0.005004595074603824,0.0016419553742212933,-0.002830522778902389,-0.0026482656943042082,-0.00027095061635218354,-0.006815472639172593,-0.00601404711784026
2025-07-21,0.022019047004099512,0.028054428720081903,-0.0011348073721365592,-0.0062684777267920655,0.010967484183942,-0.03211388916092317,0.0010324568480808427,-0.009937545879653453
2025-07-22,0.0032991454681567944,0.00532129786360902,-0.008458025565570737,-0.009759575756610683,-0.010905581148660581,-0.011059745551301958,-0.011162343555379484,0.00044322308283262224
2025-07-23,0.00856965313813407,0.01017914405334941,0.002291656053789337,-0.0025240098689200963,0.005859225740290741,0.008352212772528844,0.006932547881932871,0.006171792806420884
2025-07-24,-0.004989442785946707,-0.0034931966046115592,-0.013972705346624426,-0.012049658281530151,-0.002123431973139911,-0.015232314313711859,-0.006031816097941567,-0.009782703197908749
2025-07-25,-0.0022894633978292056,-0.004247047735854603,-0.023703702374586855,-0.0013416824471476074,-0.009949694673800136,-0.007983564911071106,-0.01121741647496155,-0.0038754411455390603
2025-07-28,0.001945526375720652,0.007650225895775575,0.0001979054105702982,0.001221371300627938,-0.006012368866316176,-0.00294607045514228,-0.011654522847277526,-0.01801766079273681
2025-07-29,0.006522271262082713,-0.0014781465719727604,-0.001517197325189068,-0.0035374451578487065,0.021448243206922957,0.02125974232938521,0.002571621835027349,-0.0075668306346196035
2025-07-30,0.002077587109102108,-0.0025568364522721154,0.003501506411481614,-0.0020810741282554224,0.04848950053323531,-0.004939664122301846,0.0030655600691946727,-0.000785209080534921
2025-07-31,-0.0037516518796361087,-0.0006745590098479193,-0.006583292960204434,0.010672297499175754,-0.0078033701131321465,-0.014112474038723288,-0.006361884653781513,-0.0055017820774354576
2025-08-01,-0.002972929019413595,-0.006615456142875509,-0.026110111456710716,0.010923597902079862,-0.013529432700439492,0.002517666933043783,-0.0032012696807022234,-0.011130083722217021
2025-08-04,-0.010038762947834123,-0.005708081366281648,0.007417015227782597,0.0009605251670197212,0.01220970938157917,0.012771749405182442,0.002141007728412525,0.023776164326888116
2025-08-05,-0.007228948535774382,-0.012848522369485083,-0.013643940450054126,-0.0064772080745506555,0.005921127268898152,-0.014027645661354837,0.006158088902781689,-0.0034153189635308667
2025-08-06,0.0038936654662875547,-0.0005538275118990299,-0.01616115371408955,-0.00519135966095241,-0.0066255255854787976,0.0007903961995867625,0.0056832941126434555,-0.01031360242944035
2025-08-07,0.00508739190862606,-0.0022859002915959215,0.00013925052897567625,0.003883521543247559,0.0036380207101862627,-0.002441008878437123,0.0,0.004847780968952442
2025-08-08,-0.010774760784228898,-0.0030549355456342964,-0.009604040734449537,0.00217603504437891,-0.009336561033916668,-0.01554635100336188,-0.0010557177418228925,-0.0034789107724645385
2025-08-11,0.01099339634295271,0.0004874569780666249,0.003583755173591552,0.005669497863668438,0.016853316801737517,0.01345223906930193,0.02380949989759995,0.0014491633416022776
2025-08-12,-0.01287827459922819,-0.0025252354430336243,-0.002870827310884727,-0.0011995426949823473,0.0048249969221307865,-0.004184030550368867,-0.0034610757631355904,-0.001775865191787962
2025-08-13,0.005279416637375078,-0.0008438475188994321,0.0017554987816248424,-0.005404079038432319,0.002061767140696613,0.00159364347911084,0.0015232467197041633,0.00026354056954080995
2025-08-14,0.005453712621415141,0.00457488723016386,0.01479041315594909,-0.006399417910115557,-0.004521175595089133,-0.002396234915443829,0.005718853936892865,-0.0045780831377887354
2025-08-18,0.0062779420585099555,0.005114500461067095,-0.008219828188273048,-0.012516752673251808,-0.011395137707170488,0.005750387752597064,0.0013308858584957228,-0.0036727483151917095
2025-08-19,-0.006238775388107354,0.0011850503771917431,0.002925123832064891,0.00689148681125995,-0.006079612775474197,0.0277918481328272,0.0033226422400636224,0.0016604927366954403
2025-08-20,-0.001456464608844743,-0.003968581110080804,0.03902776852056866,-0.007455413622310836,-0.005729306295208958,-0.004999603624136206,-0.0017461341266860053,0.027319242767535723
2025-08-21,0.0015088937729046403,0.010764731355286772,0.00013371289742147852,-0.0012313690597990368,0.005650940375387048,0.008351050852788644,-0.003920607712559865,0.0012909906137301697
2025-08-22,-0.013358792659587726,-0.006638987265516927,-0.005947651460804226,-0.01787702222464238,-0.004650377867512323,-0.010948986783200665,-0.011444878253685342,-0.015664345109293154
2025-08-25,-0.0002544822092365173,-0.0022278426537154505,0.029983180470175563,0.002636334992935474,0.0020301755163931734,0.002412750251587381,0.00024503962235122856,0.02835630652979515
2025-08-26,-0.008808058620231485,-0.011582456148121034,-0.0016317510455677864,0.010016303933597426,-0.017151945706019966,-0.019609227068779322,-0.010533437545424684,0.005285492455895158
2025-08-28,-0.016026371585568855,-0.012353522731610722,-0.01928603316799038,-0.006074192288507807,0.005308788990465496,0.0007221359781603987,-0.007303332502144766,-0.020112755265213056
2025-08-29,-0.006473164848890711,-0.0009291164180516009,-0.020332040675054452,0.022075342982495805,0.011488445700672312,-0.02070862138199292,0.0006858555389266385,-0.0029090831382656557
2025-09-01,-0.0010508991029281045,0.009443375812542953,0.020277632310628846,-0.009517980212299437,-0.0007220498850416535,-0.0024314600515965568,0.004423647501889283,0.009044600730373498
2025-09-02,-0.006416915096540743,-0.011906483932051737,-0.00046682746654724827,0.002217587964585377,-0.006530685452386886,0.009306434069823899,-0.0026672590996965617,-0.0003533193928069167
2025-09-03,0.010534648106045319,0.0020083552762797385,-0.013077949791933219,0.0122924981925574,0.007245010603295521,0.004463939560155561,0.010262413691503935,-0.004499488588612488
2025-09-04,0.0071244893318573865,0.006084466714388004,-0.010885076798723192,0.010078909991803942,-0.002277250098981831,-0.009689625876550978,-0.003386055461902293,-0.0005812013382406889
2025-09-05,0.0022367054380347806,-0.0019209898056741226,-0.012576853258592036,-0.020557781335365788,-0.010855659914042137,0.011550109855192225,-0.0034594340972584625,-0.015311487003458413
2025-09-08,0.0026987552237061063,-7.135561217985753e-05,-0.00809915322731558,0.0004909914192394726,-0.0067537062032007045,0.0025454506535760313,0.00272752959940048,-0.009611972598996266
2025-09-09,-0.0008798649970190864,0.0007129108396735084,0.049829076180726295,0.006134184480552474,-0.0013033093510909088,-0.001668579358936717,6.184338933734601e-05,0.010069617105917361
2025-09-10,0.0007770767501502629,0.00014253276992737263,0.01881268816286541,0.007316142806998771,0.007092233797679537,0.0005813609478000359,0.011559619947093092,0.019872753804461185
2025-09-11,0.0019670059198386713,-0.00163832807758868,-0.014941959712930664,0.004842081234050832,-0.002901428311609777,0.004575245705825681,0.006660979156037916,0.004565922950080958
2025-09-12,-0.0005165899549602893,0.011486854927496015,0.010531931659025773,-0.0031321980676888295,0.01132865517863868,0.008458009292861446,-0.00012145676297659058,0.0029446548938527606
2025-09-15,-0.00025849262112609406,0.001199177047852995,-0.011274218783652867,-0.0026585655504115513,0.0017877520938771596,0.0030823948774383325,0.001457130061137235,-0.006861481464229602
2025-09-16,-0.00020678340679591845,0.0015499162561893876,0.0019226518761930045,0.0010905223524506624,0.022753918353825675,0.004287876866437168,0.008244955776000706,0.010861479408571295
2025-09-17,-0.00036199393523805856,-0.0016882558070341336,0.007344655915148657,-0.009198832506234655,0.0048257862789260475,0.0060485713051525725,0.030785881193954534,0.00861507456579469
2025-09-18,0.010760524816156192,0.0017615558666950193,0.01195472450113444,0.005497240236826961,0.00013565409756988167,0.0008486758999204369,-0.0032667164048837405,0.0012291428593869114
2025-09-19,-0.010236508275741407,-0.013715974305215761,-0.0002596364021906217,-0.0021868743212193342,-0.0028757710769046207,-0.005370967430211482,0.009363898952045036,-0.002361056125370631
2025-09-22,-0.002792426048868313,-0.0004991807133426507,-0.0264251730701186,-0.009009996948656784,-0.008407239259343058,-0.01193697408733907,-0.008233335110652495,-0.03010203840113812
2025-09-23,-0.007259905344918827,-0.005137317996343205,-0.0013337641009982804,-0.00921492121040235,0.0035944861682055684,-0.0005751644315916682,0.017947935360086653,-0.003708909157990381
2025-09-24,-0.006424978193304343,-0.00831965663775136,-0.0019365619738304085,-0.005456415789393043,0.004429177410076424,-0.004892858315176718,-0.005053901286056983,-0.008816614599009842
2025-09-25,-0.0012618342628776258,-0.004990166042822319,-0.006556827903324791,-0.0022443294942917635,-0.008002708838329875,-0.007664448009885971,-0.005830045919305027,-0.025696713391086035
2025-09-26,-0.005053387398649467,-0.011775020109925372,-0.024178406698565857,0.01249681020159521,0.023350968371251613,0.0037889514205171615,-0.004877241712910041,-0.019713279214436885
2025-09-29,0.005555229482790303,-0.00845837026074081,-0.0049002836454377086,0.005307335618759623,-0.011020295844818784,-0.0034843534361621575,0.01610363006721527,-0.0010347843849826122
2025-09-30,0.000736661837417163,-7.416036477114751e-05,0.0,-0.013996338468829195,-0.007970898204337273,-0.006410272444172027,0.0019523655627546876,-0.0026589143386899217
2025-10-01,0.014984205365028203,0.017804154302670572,0.002774368840090524,0.010086008449004868,0.00308826923924288,0.003445729911237372,-0.00957081157790085,0.00893248341208941
2025-10-03,-0.00010355236683678992,-0.00495630381058676,0.0005532335084172946,-0.003205174488995266,0.017110341116692185,-0.0038722179717254335,0.0037033111417021924,-0.00422082449086858
2025-10-06,0.00859965793966011,-0.001318434531342838,0.020323525236064288,-0.00878062605213803,0.001044715956127762,0.008508154209957652,0.007782783580600583,0.02980796360456406
2025-10-07,0.009296849251305472,0.0091682556668371,-0.011856395619015192,-0.0023704790107067497,-0.001953466697522499,0.00712726183001311,-0.010697326677793995,-0.00491891114145715
2025-10-08,-0.0038676704279506646,-0.0040700454150528476,0.025025734412872147,-0.00012512591645930105,2.6835736211427985e-05,-0.012565010212474692,-0.007459256168315331,0.017991001292797737
2025-10-09,-0.0016348924815233756,0.0043055550853958735,0.009565266367886238,0.00037518452977902683,0.010563544591005947,0.007605702038898432,0.004485833400602823,0.011396792256689325
2025-10-10,0.003889109053228923,0.002979289203402846,0.003710290615941192,0.007251887624514453,0.003926535061399505,0.0028305316105254885,0.021517301166249947,-0.010909009670644343
2025-10-13,-0.003975942694001144,-0.0006520498313584699,-0.014324417147475232,-0.008813324339664197,-0.003831890893556955,-0.0048490284679943985,0.0026117082791843327,-0.006967619767011546
2025-10-14,0.00015355572961639474,0.0034072430685010424,-0.0022099322892892292,-0.006136570171213718,-0.0066852515976562055,0.0006545571950453688,-0.006795441134712865,-0.015595857384468781
2025-10-15,0.0011257119752032807,0.010331658897740681,-0.010403422974573417,0.007812508192054812,0.022540898742933857,-0.001162886150263942,0.010433873091187262,0.006950726128025275
2025-10-16,0.016457924155284243,0.013515463446864384,-0.0019669028215346662,0.013128374473970306,0.00864528560632416,0.017463421964418302,0.0009592722993996272,0.00030307905458437645
2025-10-17,0.008246599680788558,0.013617389467932561,-0.020659234790761594,0.017277460895473773,-0.005800409679508234,0.013230393728203227,0.002480438880828606,-0.002861365990575071
2025-10-20,0.00039898441231578374,-0.03222882329434007,0.013739582056557342,0.0021836907962169416,0.008673201248357465,0.035290716445324666,0.020637674750559,0.017892137809134345
2025-10-21,0.0047360425532414485,-0.005969969457399582,0.007871842773240711,-0.0004841383851613701,0.004002382816324479,-0.0010908202546936474,0.00038561555389104996,-0.0028189684853908714
2025-10-23,0.0010915842847574186,-0.013241714057977583,0.03810102851639097,0.007508787592487742,0.007844273046641703,-0.0114659946029676,0.004075600793163936,0.022117213767940624
2025-10-24,-0.013927448112644902,0.01026618794550016,-0.0020280904023657342,0.0020434733429719465,-0.0035216362425747327,0.002209355342217556,-0.007734076780455901,-0.0032539302042934315
2025-10-27,0.008243283616534036,-7.256702437452578e-05,0.0013976956201109392,0.00923704212848353,0.004840162636333467,0.022389029988648,0.020176908083279654,0.007084031677260905
2025-10-28,0.0005982069997889639,-0.010525551870623873,-0.0028580523068583163,-0.006537467462363722,0.012487855312223406,0.0018867452120525652,0.008127858628698581,-0.008752225441310713
2025-10-29,0.004284793179051949,0.005355475723625602,0.006799131223506949,0.008853838297131933,-0.0037001124281159647,0.01163483310742941,0.010212301410774005,-9.808810217004638e-05
2025-10-30,-0.00962438441689184,-0.005837711513045685,-0.010990478172126061,-0.006760047796400714,0.007427770495425978,-0.010437403705000348,-0.0057462030508889095,-0.007293366961630965
2025-10-31,-0.010870166544315718,-0.012551361772979885,-0.007698438797820617,0.0038209979552097373,0.01088395755994731,-0.0014107318108448341,0.0028362062149154266,0.00747865325484498
2025-11-03,0.005418867341157929,0.0008176433107958125,0.0021587102122944124,-0.0152254333103512,-0.012503378262465836,-0.0011437600722541408,0.013553921454855011,-0.01347283922236231
2025-11-04,-0.007454795197989084,-0.007055852516145267,-0.011847834929373469,-0.012199615850964629,-0.014093712414268933,-0.0078130381840249,0.008318359988754631,-0.008817200292025706
2025-11-06,-0.0006089537613914731,-0.012341984964232222,-0.0008175638856127154,-0.0034238335194414216,-0.010906059398611334,0.015613345081491259,0.003289486490758442,0.006922583068709409
2025-11-07,-0.0023867007140820906,0.01711600664046209,0.0068863183526914895,-0.008466229489861643,0.00023181601810584596,-0.012098138921255441,-0.005100173196345703,-0.006343575521699063
2025-11-10,0.0022396834592501857,0.0037230081906181045,0.024850994777016355,0.0037123924803497133,0.009272396571315067,0.007645503023053557,-0.004917066232604572,0.011163724407185827
2025-11-11,0.007313327082023147,0.0076409857775407986,0.011100136396105631,0.0032055698532167387,0.00931473410538275,0.0027530023395538894,0.0022604282192533187,0.0072061766750126655
2025-11-12,-0.0022183916416599336,0.0004417106415148808,0.013984138460696016,0.0003686371157003432,-0.00010110339835822657,0.01211992909292925,0.004038632746635962,0.02783063238573047
2025-11-13,-0.0028802007299383314,0.019869011343672582,-0.006380099214911006,-0.0031939922496776463,0.012112439344295067,-0.00039690971869799085,-0.003291032760174506,-0.008333836198424094
2025-11-14,0.0029898266032626353,-0.009308048334522812,-0.02529511684151775,0.006038849905465327,0.0004746958238839305,0.005294826136542197,0.014517780112230483,9.657842384180881e-05
2025-11-17,0.007023032569990706,0.004369992716678706,0.003194060436778612,-0.0025725545303378894,0.005818621225513132,-0.0003949759893837612,0.005682667728609259,-0.0012234260644071737
2025-11-18,-0.00411416613346649,-0.004060896001405023,-0.014062095178724365,-0.0030704825716798556,-0.006976669740708763,0.0007244356949636099,-0.0009246088238860084,-0.0048674423270759215
2025-11-19,0.002166326784506456,0.0070627282652142576,0.03680031238369086,-0.005667151718031227,0.00500052484307556,-0.0003290652512906167,0.010591789320213651,0.019629993190572126
2025-11-20,0.014327410084544301,-7.228370161393993e-05,-0.0029848784769667125,0.004708221749281538,0.004428266745987841,0.019882826481121718,-0.0012210831291240565,-0.0009211881153695645
2025-11-21,-0.010705245599863855,-0.009761388286334105,0.005532043516112584,0.005919349514119876,-0.0030960672953933566,-0.001613860485537244,-0.00911820258222884,0.0018441555261188292
2025-11-24,0.0011021386425633661,-0.000803195024415837,0.0019417916159578663,-0.010543099500177733,-0.0028819975937314224,-0.006918402716518335,-0.0020563558280100036,-0.002983507287500964
2025-11-25,-0.009357957943524453,-0.007746255040061323,-0.011240338961612806,-0.006814564873353857,-0.004136314020050991,0.0024740929270772316,0.01339379139727348,-0.007003693667537614
2025-11-26,0.014245319807291823,0.012667514032511429,0.017836172185772492,0.003742575459207531,0.016338504008078347,0.019614227507197768,0.00030505435071681575,0.01400994107168696
2025-11-27,0.005578208294847897,0.012509055397727176,0.0054560527467264475,0.004971388342616123,0.004751346041743654,-0.004140396168178739,-0.011230900052700443,-0.008315086480391476
2025-11-28,-0.0018821130851081058,-0.002442107788387826,-0.004022004505517596,-0.00012365406469194706,-0.0028666947382358643,0.002622519213936192,0.006321663035905756,0.00028688096265372387
2025-12-01,-0.005458524762346428,0.0009360071371753431,0.0024998325291267776,0.0,0.0008845491876467992,-0.0008931406081523763,-0.0060265548205521435,-0.0013068234025789272
2025-12-02,-0.012274202782653676,-0.012301255942925748,-0.0019181223691103755,-0.008163206814514101,-0.010483133066375272,-0.012642863060538412,-0.005960354971400239,0.000734104633679733
2025-12-03,0.01081023547315052,0.013474144209759675,0.011338870666792955,-0.001122344489831395,-0.010544588650272968,-0.004850269145247221,-0.016799340426468135,0.014127610935919632
2025-12-04,-0.0032983193993856297,-0.0034495500022457826,0.011971846896486671,0.0063669117181670565,-0.0011033055089920696,-0.002079562098127874,-0.0031018333921443153,0.015471658461697624
2025-12-05,0.006117109077992788,0.004182627123642257,0.011642478246658872,0.004714142244090613,0.013706174177292585,0.003256017134998901,0.02468098057545398,0.0027870934985261275
2025-12-08,-0.00019937400026992513,-0.002082602810816847,-0.003341107568014867,-0.006544015154844263,-0.010276870515277592,0.001557889183141814,-0.015542975702947937,-0.0005249365186679178
2025-12-09,-0.005981423099213901,-0.010362712051711576,-0.007325620214527873,-0.003107117714135188,0.00020022041516676303,-0.008814042063944538,0.0030844819445055016,-0.008713122039908594
2025-12-10,-0.00732121827282306,-0.008435119253787482,-0.008880512717761135,0.005236195412271716,-0.001550996742043509,0.004903945359473916,0.0004169773108770869,-0.005953268794251287
2025-12-11,0.01060820487444758,-0.002640052545021976,0.008329126564652345,-0.0006201133622163457,0.0031568423152013025,0.005270284298839245,0.0036467394059365166,0.0008465275767657321
2025-12-12,0.001199645558420892,0.004411764705882337,0.00012510205026106114,-0.0069495632959341025,0.017532975575474508,0.007443411420030577,-0.00010379001261395793,0.008960189870690138
2025-12-15,-0.005391967575958834,-0.0005856872826683901,0.005381134286299716,0.005498612487690568,0.004467237214737629,-0.00019279610688960336,0.004256864431786411,0.0030119655029656744
2025-12-16,-0.001807024642456856,0.0005860305132872057,-0.00865073871659816,-0.001491464237277973,-0.006964308993221868,-0.008931955777110256,-0.006306550125712906,-0.00777034188672987
2025-12-17,-0.010359015914392256,-0.009956058262033274,0.005712833950994423,-0.004729825556658684,-0.0003445699327427887,0.0013616007284771303,0.015294151567641023,0.003962427599463858
2025-12-18,-0.0043699227745961355,0.003253493296828891,0.015480693681181323,0.0015007104478219624,-0.0077047634461515635,0.0,0.0017420939434347193,0.01957861346253953
2025-12-19,0.005920174882679152,-0.0019900303250427465,0.007314899368866756,0.0016234001107739982,0.010518189790121202,0.013403186310904314,0.002813139953108612,0.0003656956761814989
2025-12-22,0.002232410988758149,0.010634387913515342,0.03106121656564742,0.004114210542108809,-0.00027003697666794224,0.00658110679344337,-0.006120547718759695,0.013071311218222137
2025-12-23,0.009010763931792232,-0.004018998903909443,-0.012606480409848464,0.011547028399641501,-0.003339507764328342,-0.002983431547231463,-0.0024632830521725824,-0.004481384353624107
2025-12-24,0.0006020808426914215,-0.0023477264650586527,-0.002937153174881635,-0.0018411588937489176,-0.0012811561685820427,-0.00795817911602592,-0.003035290098217125,0.0027190580197862246
2025-12-26,-0.005114327770677107,-0.006912798997296243,-0.004388606103427617,-0.006025562117769279,-0.0015542230824630021,0.0006417426942348925,-0.0027349927931497042,-0.011750455999179898
2025-12-29,-0.00040318699715369277,-0.005257683247612666,-0.0068836627040668175,-0.003835252886813967,-0.0021248815128059872,-0.008722386443924313,-0.0012935695568689898,-0.008689167121902486
2025-12-30,-0.0008066366810288716,-0.0005955846043651514,-0.014045114642839751,-0.004967683978726267,0.003293147975391486,-0.0037525936694431383,0.008704224416254513,-0.0014454228976116257
2025-12-31,0.000302740777692323,0.00029796976838913913,-0.003823337710604058,0.005991014038208453,0.0077739409803248005,0.019872749161595316,0.008988669088845214,-0.01250463662079171
2026-01-01,-5.0451958155561805e-05,-0.0036488378322879766,0.008914186384206824,-0.09714640105888173,0.013934064052611772,0.0033111527772029525,0.002596183378264616,0.0066121841967967665
2026-01-02,0.010543238508079256,0.013004502551616115,0.006503869946475227,-0.03792785288844158,0.005555094440416131,0.010599232824698213,0.014419937212882594,0.007219463689806416
2026-01-05,-0.02406144154441625,0.011878394050418795,-0.020726690484366816,-0.0009997240564110221,-0.003122510855423699,-0.008917991859113128,0.0066068885454309,-0.010643835128568035
2026-01-06,-0.015652197094406572,0.028946373439208806,0.003610541318017191,-0.020731947512027227,-0.002361187288981381,-0.04467397667305939,0.013276338520123332,0.012344133767710597
2026-01-07,-0.013666586966833316,0.011692177275302695,0.016623294968570956,-0.003504254612220259,0.003960860322248738,-0.0022552717026890212,-0.011532020118695696,0.012224348743963276
2026-01-08,-0.002476163429401379,0.00511315337801399,-0.01568028785226816,-0.0010256919129500996,-0.030935861218101435,-0.022337423385908717,-0.009085088523162699,-0.027825026827415944
2026-01-09,-0.008133504186030871,-0.02139369419642856,0.0004958170940481121,-0.011000236125070284,-0.0007943346437611076,0.003196041265173921,0.00250502468042324,0.0012172749140475503
2026-01-12,-0.0021831917297068237,0.006266414905529594,-0.011275601044485883,0.003707529070236637,-0.0015402621550808515,0.0053547636931428055,0.014642695827021823,0.009913447560935262
2026-01-13,0.0004269190647672172,0.01691318719622248,0.0019424539138996888,-0.010933767772231873,-0.03274448828410159,-0.020496171220296455,0.013101453696532817,0.008766403821825142
2026-01-14,-0.012695339519595117,-0.012943615578244638,0.0005003292501839507,0.0001493675974826303,-0.0055563620018326265,0.004129973889475558,-9.721010620189485e-05,-0.023102788646099826
2026-01-15,0.0,0.0,0.0,0.0,0.0,0.0,0.0,0.0
2026-01-16,0.006105106955523132,-0.005358132723578435,0.05625706074194747,-0.01657952627138548,-0.002431645017962336,-0.0006169565104086061,0.013565481631364618,0.022707640360314585
2026-01-19,-0.003436744182823248,-0.021406345475585287,-0.005089435612882887,0.012150604258642117,0.0034747759432431913,-0.030386222382269512,-0.0037417109442153818,-0.013440520237555598
2026-01-20,0.003556383560383569,-0.0034766962499584997,-0.013264245798949581,-0.020708309979631245,-0.015323768381970027,-0.013865288327362557,-0.0019260511947375436,-0.019376657928196983
2026-01-21,-0.011651693421642073,-0.019479610319066865,-0.0027126271391266776,-0.004750185630757353,-0.0115470591782173,0.007604056306050433,-0.0074778211271469,0.006543522779421718
2026-01-22,-0.0017927454649970809,-0.0025945144551520194,0.005500467292467226,0.00030798670128229233,0.007248097062805492,-0.0014950853130218933,0.019151256868243483,0.008902767314289628
2026-01-23,-0.0028301326122367465,-0.001560739937523259,0.004388342235966736,-0.004463693242349742,-0.013179398345347648,-0.011693449417618407,-0.017980629023889527,0.0038407873898465006
2026-01-27,0.011243416433832643,0.013398838523805301,0.007122263951240937,-0.014687716057678823,0.011752783352072749,-0.00404010662257559,0.02297238475784069,-0.0014229047381563165
2026-01-28,0.006800464932957384,0.0046275353642100114,-0.009627351196617062,0.007845658556810964,0.0016367978769074032,0.011734823320726173,0.00982766365899046,0.01333130274311678
2026-01-29,0.0030020507261359075,0.01162537470330327,-0.004200390561712175,-0.007940153455285315,0.03661042741979248,-0.00408100477061113,0.002538696543032959,-0.017405808436043002
2026-01-30,-0.006680924664804744,-0.020670696798636312,-0.011147938072588515,0.011142419460919317,-0.00015250728750404452,0.0031631999215702145,0.010270219301205419,-0.006519531136254586
2026-02-02,-0.0012376212007129128,-0.0016235802006457911,-0.0070689040117084545,-0.023125871868587833,-0.0027973337935789377,-0.0035831590207748842,-0.04497987719110419,0.014629230792389425
2026-02-03,0.02219595265139751,0.02727668614124812,0.01632505107605864,0.006196365577229468,0.029964511507811098,0.033587393461975035,0.03450953535863355,0.017573142208165082
2026-02-04,0.0046378811875502635,0.013456194789687181,-0.07258454969424133,0.011929795266854892,0.011959049758385465,0.013708276482541581,0.0037587140965908983,-0.07013294661283864
2026-02-05,-0.0035672904482948464,-0.008449321363093065,-0.010157624300343282,-0.011629736270052038,-0.005823209127350459,-0.009198276446980902,0.004961635132690434,-0.0025341201112869527
2026-02-06,-0.009055499806620793,0.006874311196518157,-0.008617275240571987,0.05029004371878498,0.0011812679658753655,0.0051268004167235315,-0.006613837463494421,-0.0166806367148169
2026-02-09,-0.004090951344630556,-0.00696958034845907,-0.006568907452738859,-0.009208113054155476,0.011184625832918682,0.007444133077086468,0.07464360465949627,0.0022437183793835302
2026-02-10,-0.005174678926825105,0.007304985185981661,0.00040082380453587696,-0.004336997253371,0.013467495089541925,-0.002121020056346845,-0.0016579178399723782,0.012346539613439234
2026-02-11,-0.005684298040796176,-0.00028441124355671477,-0.01729204792604755,-0.009800895952607025,0.0003357568377784226,0.0069935003177907795,0.03391314350190333,-0.025062001849009752
2026-02-12,-0.007011091743491238,0.016997386266295322,-0.05835995501934854,-0.0025137300152110464,0.0037166766193410528,-0.01348130215075427,0.008031104113453758,-0.05488356709752973
2026-02-13,-0.01814034153399624,-0.010769247842001728,-0.012193416726503203,-0.011655361317089552,-0.002866734198685439,-0.02022224400288386,0.005199586000773193,-0.02105379533767593
2026-02-16,0.024228299578640033,-0.002120740882069816,-0.002556360582020245,0.013386487876413833,0.006612515654786488,0.012327398069824858,0.007925907908676422,0.005348876067843733
2026-02-17,-0.00010796492285991555,-0.002904488280566664,0.018746319078381646,0.023588588637442953,0.018636169473704056,-0.009811374982602317,0.004387069352500772,0.0039901524882470785
2026-02-18,-0.001080234977414829,0.0004973010102131692,-0.012579114746727016,0.021508702146574077,0.010771582882376451,0.012860184532927255,0.004532693142573319,-0.00827994796042042
2026-02-19,-0.009841057154273192,-0.013776383337895881,-0.0023293707339959724,-0.019401475481130692,-0.010494945887999707,-0.022063441957186347,-0.01082945886044362,-0.006308225011023683
2026-02-20,-0.004095718973815776,0.004104227370012481,-0.012623239952484822,0.003067487907324029,0.02338514020406457,0.007023806447532088,0.008625662748418916,0.00309943481932895
2026-02-23,0.012885907866915458,0.0035138217383021697,-0.018991922391850102,-0.0048929331733736925,0.008560457209025651,0.006058814721798367,0.009620986278317423,-0.003685433022402429
2026-02-24,-0.014183610096832222,-0.010433025104491178,-0.039171447443614005,-0.005838963753491799,-0.035965643931877955,0.0005602723452611258,-0.0036650627947290015,-0.038336540696323196
2026-02-25,-0.0031850946754928833,0.011337341578779414,0.011446503898235205,-0.01159195047423689,0.00922698437118541,-0.02120658722132207,-0.01896516379078972,0.021603163841764195
2026-02-26,-0.009916273908654127,0.0031417525269992197,-0.0007750868637663721,-0.004534841483005092,-0.0027916396254537013,0.0059349587935093595,0.007832747308004429,0.006997994530261842
2026-02-27,-0.012074263837782429,-0.018506654956350843,0.008533052700256505,-0.014765930092074164,-0.0019129645417741425,-0.009169794935556141,-0.006449024380470569,-0.003890128422069261
2026-03-02,-0.009405834929033241,-0.003553574825806982,-0.008614719162860385,0.00414534249757792,-0.04945889834341821,-0.025755137390645833,-0.00981931480411169,-0.009061943817042617
2026-03-04,-0.0122242200588204,-0.00625907975686868,0.01435332764071684,-0.009367959172458584,-0.04527008840888258,-0.009572822989874274,-0.01294235969032076,-0.009833497332849994
2026-03-05,0.010475984155599027,-0.005712647347777988,-0.00122374805727965,-0.0014425855474333726,0.04020495893754261,0.03301116723536035,-0.004257049885802222,-0.0034779042081746203
2026-03-06,-0.023583044150976562,-0.03255741895015751,0.0019911106764523012,-0.005778477150167549,-0.022012023683074977,0.011083904066363504,-0.022659334185677227,-0.00822084259439626
2026-03-09,-0.01907700037065352,-0.02664839298721222,0.005044328747412452,-0.011947027616860173,-0.02726713435600514,0.013667380231682458,-0.038932590188359706,-0.011808053466025537
2026-03-10,0.010407957360046627,0.026204630288046316,-0.014752888477840398,0.00996723314746606,0.008823217271869632,-0.010674129241834973,0.01247152296184284,-0.005657880034987017
2026-03-11,-0.018247092896708117,-0.013187017688982672,-0.014896500050198491,-0.00016168993368581575,-0.009597502386384682,-0.01320281777802923,-0.018971440881331625,-0.01917960685790865
2026-03-12,-0.0014389417316761355,-0.021705527665578206,-0.00822689638345464,-0.015857611120709714,-0.031077412507398927,0.0014386776973818183,-0.0054073847128085495,-0.009128131281324947
2026-03-13,-0.01891320432964705,-0.009238019085570426,-0.013825298412313392,-0.008714211550031159,-0.07541339123478352,-0.008260270305528894,-0.03520081698902944,-0.01306087680065715
2026-03-16,0.028886147550208685,0.014424589481679906,0.0012016614257990277,0.022557639686753506,0.008839782966030496,0.010429502180503425,0.01881566640870913,-0.0005393155904525049
2026-03-17,0.0056506682863521895,0.012412543369292095,-0.013522223163531466,-0.011030059727299979,0.02115644738753164,0.0017919207711702967,-0.0018749523077792318,-0.007263879508167981
2026-03-18,-0.0027207607032612158,0.00046566127026248516,0.027739457555591374,-0.0026243264365924945,0.018375272937899867,0.007512956232144763,0.004790144627585535,0.02052941937722852
2026-03-19,-0.053199650627666184,-0.030404150901737204,-0.0365400480422573,-0.01989796760038276,-0.04806118040346119,-0.016547107763784985,-0.019536439649928128,-0.03474276110078034
2026-03-20,-0.022237509259669497,-0.003759660238111806,0.0287515526408455,0.006543625784934282,8.73551327815747e-05,0.0213749079885428,0.008675723293867454,0.014685991154442357
2026-03-23,-0.04651157983808685,-0.01822713409120691,0.0007166536830904846,-0.03167192633434346,-0.026901164686000456,-0.004666257826481779,-0.024669132346591405,-0.00284454234206033
2026-03-24,0.027884110635976178,0.02330907102162283,0.017106994976597623,0.0027543279559589795,0.0521781017969849,0.0028412958929566745,-0.0010659768817355975,0.006292524089351659
2026-03-25,0.022748052841367272,0.00679347852598533,0.0006257542660850213,0.015279034427797766,0.0376762725845059,0.0009207592824262978,0.028909499259144322,-0.00892120996380008
2026-03-27,-0.03336317260600907,-0.02056037417454515,-0.007348940821984673,-0.0033818092186345128,-0.023346905180434696,-0.04599812997457742,-0.03875162017004197,0.00521581510323732
2026-03-30,-0.03259723212950971,-0.022613084219409996,-0.015042917885841112,-0.023752992619853197,-0.016834558270177435,-0.003115491227037581,-0.03933296834292266,-0.012930025669942169
2026-04-01,0.014626523965534544,0.005638881018446451,0.02007036954932917,0.013903385656813372,0.02950824193199919,0.01882573816032962,0.03920767762618449,0.020899680038055868
2026-04-02,0.011653777095683715,0.00255636000748094,0.019675573244817945,0.003942426642911556,0.0015524085669826881,-0.013657577915861752,0.0005895468346335253,0.01764796861977236
2026-04-06,0.026767855041769595,0.012831037143791857,0.004151212709408547,0.006829441553616089,0.031717836121147425,-0.03391338056926663,0.014090695962516442,0.009466713706658192
2026-04-07,0.0012969825219191211,0.011450361626106575,0.025417269563083655,0.012209567450056191,-0.0011803477912490923,-7.660557771316245e-05,-0.0022754973201944972,0.02663818437456622
2026-04-08,0.05712439300525385,0.05114407962414691,0.005076835023299475,0.013402593441115496,0.07590041500699285,0.03311362925154748,0.03013388098927572,0.0076383117206269
2026-04-09,-0.022546206951919445,-0.02131065030882151,-0.010845353978939598,0.001818437551274421,-0.027384615801197443,-0.013206752133664734,-0.019313199955323657,0.011644243478057925
2026-04-10,0.015795366089045526,0.03168654806738691,-0.029363102339199365,0.004125442674980384,0.016349238477956884,0.015187987035020889,0.02473707468015629,-0.024990327347917396
2026-04-13,-0.019252139613693764,0.022089379402816745,-0.012146981076221142,-0.018405996500248656,-0.001414131906040672,-0.02599616182950437,-0.0029530440597482777,-0.020480827820098302
2026-04-15,0.01912672339401622,-0.0022204130369397612,0.02232144514134693,0.011384618226851773,0.030852530429435587,0.02205158901526394,0.007474933506357528,0.033284643798282776
2026-04-16,-0.01784172280484997,-0.0019286222335308523,0.01064880248265676,0.004469395852635616,0.010671349575464673,-0.0005951538075245066,-0.004059700938611632,0.008610934412301985
2026-04-17,0.005594352903883548,0.0009662198648272557,-0.0003789946762072782,0.011206381883472227,-0.005752634731839623,0.016154221932395352,0.012275677610649849,0.0017851704847950955
2026-04-20,-0.005563230230687499,0.006979434216630054,-0.004625790714864464,-0.005867000020333912,-0.0110104892238726,-0.0012453936740434157,0.025549652404580847,-0.000735965737691413
2026-04-21,0.020491541469136454,0.023742865655144607,0.000457099401685257,0.015245881335384182,0.006023163391581043,-0.00733514411354752,0.0036106181428066098,0.011978571828847429
2026-04-22,-0.014598051977781523,-0.014981308313433028,-0.033962799554866474,-0.013402257551621166,-0.013323759615809228,0.006502548387833373,-0.007689835872451201,-0.02758100689484666
2026-04-23,-0.01944000812886426,-0.014331658332722652,-0.022071616407382866,-0.0006546857128899575,0.008206676308356586,-0.013728767947403075,-0.008202785157899073,-0.006578677830816226
2026-04-24,0.0006374932238164543,-0.01617214304757042,-0.06932132872095875,-0.012119106817976899,-0.009817226787279032,-0.011612322406057696,0.006260037899565418,-0.04952810595747359
2026-04-27,0.006306917078756191,-0.009123794323205647,0.013597868773237654,0.00746014153397323,0.009790017223542336,0.02861873765675349,0.009762993059082348,0.021152340197958308
2026-04-28,-0.009179512571661053,-0.016817575524330608,-0.01555162902773255,0.0019747225200184015,-0.003922473241102509,0.016913139279922884,-0.018482721312886308,-0.001184876037325644
2026-04-29,-0.004536462160496746,-0.008513931888544879,0.013366931887263345,0.038758331367479526,0.01446370519301432,0.026279801764230504,-0.0040318209354972545,0.012271440290016145
2026-04-30,-0.009370971627915337,-0.013739247139685773,0.012248465296620381,-0.004268813946959771,-0.02004346827010084,0.0037884784278527928,-0.016974963167004198,-0.00032323788850752155
2026-05-01,0.0,0.0,0.0,0.0,0.0,0.0,0.0,0.0
2026-05-04,0.009978036340457797,0.0058572299121921745,-0.011338667231728716,-0.012067216831803784,0.02162426717242627,0.022574711776720546,-4.675632638106997e-05,-0.017219717952895564
2026-05-05,-0.009109672141757286,-0.015344664188502333,0.008301918773358175,0.0011250765712100819,-0.011290456969838769,0.0003417276634201105,-0.007955809716116535,-0.0016452438055449825
2026-05-06,0.031399749089936924,0.022536522074209975,-0.009252240255914868,-0.0024081689923657335,-0.011345389975017328,-0.017559404857963812,0.03405981451913398,0.003336911744250326
2026-05-07,-0.0006277293256695682,-0.0003907776475186031,-0.0038553611830102197,-0.010621219292607065,0.0036172818952817654,-0.0011823388612344221,-0.0036496561411178963,-0.013960673993727801
2026-05-08,-0.019094287675940236,-0.011102385591770902,0.01419110741372065,0.00016276177774221523,-0.012055654037645858,-0.0006962564559982454,-0.0665751479440777,-0.002914948045045218
2026-05-11,-0.022027220345781418,0.0012650027863454483,-0.0018656012010918044,-0.005204164473580852,-0.008630026816635716,-0.0327480499097329,-0.04483466079283782,-0.0006264875051644747
2026-05-12,-0.017285402840883424,-0.02060958234584165,-0.031180925722075647,-0.016838249832236585,-0.02124257677619923,-0.017432646312707356,0.0010271218500037538,-0.038697715313190106
2026-05-13,-0.001132669214373161,-0.003789464691731914,-0.015083864686515902,0.012470887258366758,0.015376679882652233,-0.00381228544543466,-0.004617305789352932,-0.011954948318025238
2026-05-14,0.026614222277917543,0.008416983343764395,-0.025019987652072695,0.009032665025406006,0.0062821814164504275,0.0022078400297471656,0.010102097664349996,-0.011791653995296691
2026-05-15,-0.0026639166161285255,-0.0012038523274477964,0.021917849407550483,0.007324251586557251,-0.007968713742493194,-0.01865176919350786,0.0006753149678522252,0.008014133517786348
2026-05-18,0.0014983680439768499,0.0053033150549919306,0.021000848686875795,0.0022619483714945154,0.0022512061226549474,-0.0003741258009706261,-0.024709289339017615,0.008480562885712306
2026-05-19,-0.008066086243387116,-0.00823269679386629,0.04761492564390868,0.0004836526417846265,0.0008168217071580219,-0.009881095096107906,0.010006347812019145,0.019227567093740072
2026-05-20,-0.003869072903534665,-0.0028207606884812497,-0.0026736616713510797,-0.00886237555753544,-0.0026268988761191103,0.027973085446836077,0.0022133607168131064,0.0001287286537901
2026-05-21,-0.0004608213615903134,0.004445162679181269,-0.010471636857328326,0.0016257026763191185,0.004551579322946031,-0.007428072844503308,0.0,-8.584369114617019e-05
2026-05-22,0.010077033756975995,0.017299645281051435,-0.00567221394352746,-0.02061339182022126,0.009279038081544844,0.0036307001155833074,-0.0017877927893404921,-0.004253957488008608
2026-05-25,0.026147593265809732,0.021751165813439277,-0.005108460549326788,0.007457668752199664,0.027199053132823003,0.009228523034322533,0.021491743696329557,0.009578768467982224
2026-05-26,-0.01010353495589067,-0.009831299552673478,-0.0006847677595628321,-0.007567072836789035,0.0010909274039050398,-0.00782727074955647,-0.0011344632978903535,-0.013863695533430809
2026-05-27,-0.025998210590779114,-0.005003537281071946,-0.0066796722140674,-0.005789142601012265,0.0024022861594372724,-0.004276436694568342,-0.0007227797697793026,0.0035147038427931765
2026-05-28,0.0,0.0,0.0,0.0,0.0,0.0,0.0,0.0
2026-05-29,-0.01858566838678044,-0.012807360244497468,0.0008620911182357638,-0.017297544440469936,0.007164916615194583,-0.021695675384946322,-0.003513084750765394,-0.011076119411967511
2026-06-01,-0.0024847023765377507,-0.013292003277360465,0.03583427000602346,-0.025270129502393268,-0.01611675485634123,-0.0009082506285353897,-0.010680266038341046,0.0170436861551837
2026-06-02,0.007472758041013217,-0.010567053401554283,0.05679838726070363,0.012873256506660935,-0.002468371986598439,-0.004090889791988239,0.0026727270656921043,0.06507358393714768
2026-06-03,0.007216830370820881,0.012555050318426852,-0.037928963126298454,-0.02206531332744921,-0.011922305565288505,-0.001064961136754583,0.014425325292205082,-0.08386122221554515
2026-06-04,0.0007297335723297493,0.007809944582830131,-0.01742181461756276,0.011913313332017061,-0.0028078148468899666,-0.007234252850892964,0.009067945470942362,-0.0003122011517167067
2026-06-05,-0.009480276968216628,0.008308719996614089,-0.003163214606722198,0.0014271296164234393,0.0028157208697527913,-0.005162943225685335,-0.0015828315475810983,-0.018786335800248022
2026-06-08,-0.011244112901075853,-0.009428749421009908,-0.00826732718636769,-0.004453152638547286,-0.019654950959119066,-0.021456197654434517,0.0043469366338722,-0.02160170492476765
2026-06-09,-0.0004062111669768109,0.019836865938827275,-0.006146752535401534,0.001968107958289389,0.006476608864985245,0.0046702304406802675,0.021131421907478076,-0.00018587231222533251
2026-06-10,0.011512144817837466,0.014352979473039262,-0.00865576004272095,0.013035692487444184,0.004332641624529732,-0.00819406141179535,0.0005485068178647801,0.0013481386260374428
2026-06-11,-0.003012635723958046,0.01832517612084672,-0.02680526668413219,-0.0044068395095970825,-0.014167198468410969,0.003336472043979466,-0.002541727179634967,-0.008496096254216212
2026-06-12,0.03740260424183384,0.018071411410877092,0.0016149729656855794,0.009560949948252961,0.048498200110855816,0.02375296912114022,0.016438505052828845,0.012080851356331301
2026-06-15,0.006343421388081083,-0.009844923002295891,0.016571121099455022,0.009821072371188011,0.029758169166606452,0.010827532869296164,0.0036375668122374805,0.00027757530025041
2026-06-16,0.009712599233722363,0.005046756075172798,0.007665830456182077,0.013025356302537316,0.003981029889633669,0.0166794558746175,-0.005436634104617921,0.01711383174475789
2026-06-17,0.002802798830629616,0.0018736415412676788,0.012329464748994212,-0.003085869759365756,0.005087973787889943,0.002934905328449755,0.011031234454535577,0.01091405793354494
2026-06-18,0.015118840210480489,0.004114302662407532,-0.02608616433066724,0.0013757313722593256,-0.0042066198851853365,-0.003451621335989863,0.015781735189356993,-0.008861877462246093
2026-06-19,-0.00788805624304234,0.0031289212687890533,-0.06749443510947895,0.004636806222965584,0.004630048292064481,-0.014004951380058195,-0.007288746467664087,-0.03553761041857817
2026-06-22,0.008463755737895706,0.004381748543678121,0.013315578918501547,-0.004273504273504258,-0.0019242879850260852,0.012982054219167649,0.005458433530407758,0.0013176169639199653
2026-06-23,-0.014941505131252697,-0.010425891253622588,-0.03388396354298129,-0.0042918454935622075,-0.005212649266142733,-0.012815680361854542,-0.015902040670790263,-0.03205189512667539
2026-06-24,0.02394628181545566,0.026376690928706648,0.026522807211457833,0.0012069175983298042,0.0005503883386368535,0.0031309473737590743,0.010154291066078347,0.02398523787326501
2026-06-25,0.003908189029538711,0.010119412246009318,-0.014575075496781498,-0.0012054627041779842,0.008297990150070156,0.00342570042907675,0.010438864375584833,-0.006780534579050257
2026-06-26,0.0,0.0,0.0,0.0,0.0,0.0,0.0,0.0
2026-06-29,0.0032651471316733627,7.205447635127982e-05,-0.004321936430111473,0.0024138351966593863,-0.012142991228794475,-0.01297320074551711,-0.008896162818953002,0.0015276973068651944
2026-06-30,-0.0011891503041673301,-0.008936310631474598,-0.03501488228756988,-0.012899896259135013,-0.0052339124043266905,-0.005457321741689114,-0.008879404872751073,-0.03165066334040867
2026-07-01,-0.0022557651048719096,0.003345039135821626,-0.01509399865312655,0.011674422176084498,-0.012260415572912686,0.010897268196839782,0.019962994948507395,-0.02407086139105219
2026-07-02,-0.0003140111691687375,0.014639766964083645,0.05642955172021824,-0.001377863979689975,-0.00811225004160876,-0.0034403669724770714,0.004009882636984319,0.04312527526027221
2026-07-03,0.0064706159328209445,0.008142874581473114,0.006052384100345032,0.00017253643187298273,-0.008079963905148313,0.0003835826620637306,-0.011030787233970885,0.012281675910466694
2026-07-06,0.03595279724342504,0.010982003494321102,-0.0047746373502067785,-0.00586312169498171,0.0035761938097929047,0.013266908610525263,-0.0022115854116586675,-0.017148252342576664
2026-07-07,-0.0006627556897623732,-0.008550054687396447,0.02840155348593809,0.0017346053772766545,-0.012150481973830729,-0.009763130203093273,0.00038549140684729366,0.018711109987005425
2026-07-08,-0.022910889038555315,-0.02410403390322491,-0.0023325246184989767,-0.02805196918966446,-0.025000577952594694,-0.024839498160781792,-0.020421878114301295,-0.018415158181329327
2026-07-09,0.008947303602641066,7.24145934416498e-05,-0.017301037272255515,0.00498839810059204,-0.0015673023568749667,0.0030566849591946443,0.005113532350312866,-0.003888235901543191
2026-07-10,0.009051464160667821,0.014847541627419192,0.01636843392903975,-0.0010635979647301008,0.015388586934669268,0.02187841766816523,0.0135994763194216,0.009514461356034731
2026-07-13,-0.008485362623697035,0.0059235292016555086,0.03239698088570919,-0.007453437811945407,-0.004384421058858057,-0.008334626095043873,0.0009652509652509078,0.05437418749512801
2026-07-14,-0.010452946592541479,-0.0012770832409542132,-0.00879734390227993,-0.014661205767926067,-0.02031310903095962,-0.0030071897144303694,-0.02082929178971804,0.008755444513198984
2026-07-15,0.007474657289945563,0.006038218579835775,-0.015188924160594919,0.003992038295215217,-0.016836866903171877,0.0019334880123742515,0.014477004942320848,0.0002740809142187661
2026-07-16,-0.008768194625089043,0.00141222995972079,0.0056675418649094755,0.009759668413517275,-0.0021934524965523394,0.0008490741689983761,0.0010678338142002808,0.0053901192633447614
2026-07-17,0.013979943045431487,0.018403679703051123,0.013026584689491472,0.0048326689601552175,0.010302972067380178,0.023600166714571547,0.012703741540486702,0.030895047705588263
2026-07-20,-0.051244511043297525,0.011008725199899372,-0.008572753683595558,0.007125044221675703,0.006370441428267037,-0.0030891920861791933,0.015033946603270731,-0.007888894818752767
2026-07-21,-0.020768986478860052,0.0019860460971357075,-0.012510326456963816,-0.006013484731604013,0.0020318976578386216,-0.014662553678508772,-0.014716958099941002,-0.013326817421950632
2026-07-22,-0.010900239884311769,-0.015309975249703456,-0.019934815476537082,-0.0007117872136342962,-0.0075911700127839765,-0.011582400975289064,-0.01857528146358145,-0.005762932000062393
2026-07-23,-0.007833797016275179,-0.004234036088483051,-0.004467209657768034,0.0017806268580347062,-0.006548960192682696,-0.01272700971968066,-0.012097584794207195,0.015668094348857187
2026-07-24,-0.005955185288767151,-0.001184965287052031,-0.006205842895255054,0.007643172795460229,-0.0017930083489606785,0.004559070154642297,0.0023701604502543994,0.00508277095757248
2026-07-27,-0.0043753366362545565,0.008932881945512339,0.03679500995244189,0.00846707988402362,0.0053888159915200795,0.0015649452269170805,0.00551721732604693,0.01832056422550954
2026-07-28,-0.0056114710937809065,-0.01030635875146313,0.0245552272043974,-0.004198048561862455,0.006831318970047295,-0.009609413146972612,-0.007250601171784221,0.04460702996497412
